-0.23975108703518672,0.4718810364022153,1.08,-0.15755183150414243,0.41704234212397706,1.0550000000000002,0.09435074374578584,0.08483822478811698,-0.10907402688050793,0.0,0.0,-0.027003159300442805,-0.13375073244825755,-0.004661391397495562,1.388682303823644,1.76987300827749,0.018553744990271147,-0.0030213559349148234,0.0,0.0,0.0,0.0,0.0,0.0,0.0,0.0,0.0,0.0,0.0,4.0,4.0,2.5,2.5,6.28,6.28,0.0,0.0,-0.25190257524992826,0.3322041173358601,1.164074026880508,0.057600235869754504,0.681748852843581,0.7238547483585441,0.0890787166106408
-0.23975108703538667,0.47188103640734264,1.08,-0.1575518314226856,0.4170423421338996,1.0549960863381662,0.0936343433872511,0.08500772009622154,-0.1085203458687356,1.9814294849816514e-11,-4.326918705527704e-05,-0.026985197898668586,-0.13446097334159496,-0.0014506927595406298,1.3888586991645488,1.7682554756841147,0.019730135206592433,-0.003024032824525082,6.554724085651113e-05,-0.02695588519119906,0.04316419146860318,0.003129738645418869,-0.06117252526747666,0.03936776465115478,-6.370428280963591e-05,0.09540066719055176,0.09540066719055176,0.0999459981918335,0.0999459981918335,3.9727983474731445,3.9727983474731445,2.4008274018764495,2.4008274018764495,6.21421312570572,6.21421312570572,-0.09050592184066772,-0.09050592184066772,-0.2511861748099367,0.3320346220376781,1.1635164322069018,0.05593978637121012,0.6824699447102374,0.7231576391237442,0.09026928516899688
-0.23975108703530434,0.4718810364052319,1.08,-0.15755183109170756,0.4170423421440291,1.0549911500793354,0.09338317378404937,0.08555786518700309,-0.1064481063034508,1.1574456494068e-11,-9.523449288847735e-05,-0.026979677853744645,-0.1364057107452619,-0.00047446317931901634,1.3888935303542866,1.7636542841217295,0.021488518933498336,-0.003027243732676361,0.00020233665896659392,-0.049770331025450795,0.005216004581648902,-1.295332549175158e-05,-0.11989372764139758,0.03151109078539341,-6.449710982045568e-05,0.1933495283126831,0.1933495283126831,0.1990982532501221,0.1990982532501221,4.042042791843414,4.042042791843414,2.3017526030540467,2.3017526030540467,6.137654404640198,6.137654404640198,-0.09050592184066772,-0.09050592184066772,-0.25093500487575693,0.331484476957026,1.1614392563827862,0.054997965257809325,0.6847985265679504,0.720923662297526,0.09107840011434064
-0.23975108703525555,0.4718810364039802,1.08,-0.15755183050563548,0.41704234216523633,1.0549862231582077,0.09334763141397123,0.08644131154978901,-0.10302503648479289,6.790107196207563e-12,-0.00014709066160257657,-0.026933527438316198,-0.13933923851794977,-0.0004174371414152846,1.3888085027454602,1.756150851926093,0.023342577959451688,-0.0030304833710794537,0.0015986674800986462,-0.0667090465339006,-8.137778761354764e-05,-0.0031042387828297577,-0.17723783824792322,0.040137850125097456,-6.499602170355387e-05,0.29204362630844116,0.29204362630844116,0.2982218265533447,0.2982218265533447,4.140602803230285,4.140602803230285,2.209812009334564,2.209812009334564,6.058735256195069,6.058735256195069,-0.09050592184066772,-0.09050592184066772,-0.2508994619196067,0.3306010306154473,1.1580112596430006,0.05452346220475806,0.688555585974992,0.7173097180956532,0.0915705488537459
-0.23975108703523046,0.47188103640333773,1.08,-0.15755182966702222,0.41704234219709296,1.0549813109519248,0.09328067001666793,0.08762447753631025,-0.09842215379436814,4.335128047300593e-12,-0.00019879189912422841,-0.026793490212950664,-0.14299929298785868,-0.0004208530163160349,1.38848786070886,1.745829163795848,0.022246267804787775,-0.0030337440370145816,0.003893970355863162,-0.07903326809463514,-3.386843099867932e-05,-0.009391313113713275,-0.23264403136129733,-0.06370116778193818,-6.53997905001091e-05,0.39145866632461546,0.39145866632461546,0.3970562696456909,0.3970562696456909,4.238923645019531,4.238923645019531,2.1269295334815976,2.1269295334815976,5.985152499675752,5.985152499675752,-0.09050592184066772,-0.09050592184066772,-0.25083249968369015,0.3294178646607827,1.153403464746293,0.055125394901498107,0.6934897570135661,0.7125631433209264,0.09103249164347853
-0.23975108703521764,0.471881036403008,1.08,-0.157551828578197,0.41704234223911824,1.054976413444875,0.09310297871630546,0.08909312705171979,-0.09277548624476828,3.075000583861197e-12,-0.00025033842663947956,-0.026517404505424832,-0.1471277780424833,-0.0004218116904663234,1.387708957646442,1.7328029070535607,0.01634650747032116,-0.0030370280511096983,0.0070021621895268536,-0.08573709034827903,-9.974836588733843e-06,-0.021158696980015414,-0.28546561896750566,-0.1529897658051798,-6.588615989021967e-05,0.48759024143218993,0.48759024143218993,0.4956601858139038,0.4956601858139038,4.337574291229248,4.337574291229248,2.044531440734863,2.044531440734863,5.923966341018677,5.923966341018677,-0.09050592184066772,-0.09050592184066772,-0.25065480729450246,0.32794921518739845,1.1477518996896432,0.05758427625711286,0.6993735000116337,0.7068734103282418,0.08882983947043417
-0.23975108703521097,0.4718810364028378,1.08,-0.15755182724144534,0.4170423422910214,1.0549715305932474,0.09275457933149112,0.09079216060968309,-0.08629313671281658,2.42439572188754e-12,-0.0003017307056881747,-0.026068932003583286,-0.15129725066069288,-0.0004221421359650568,1.386270793658713,1.7172574648442305,0.009088680188578127,-0.003040351920946849,0.01074423767620535,-0.08011569808735493,-3.834158742075275e-06,-0.03563481930438438,-0.33369383894855614,-0.13666309882270458,-6.680142702113979e-05,0.5873953461647033,0.5873953461647033,0.5933161497116088,0.5933161497116088,4.4273419857025145,4.4273419857025145,1.9573063015937802,1.9573063015937802,5.942760055065156,5.942760055065156,-0.09050592184066772,-0.09050592184066772,-0.25030640657293646,0.3262501816813383,1.141264667306064,0.060859817847528835,0.7060426632776148,0.7002609087272355,0.08622354615721169
-0.23975108703520753,0.471881036402749,1.08,-0.1575518256590238,0.41704234235261156,1.054966662353214,0.09217803869381982,0.09258026072360404,-0.079288448451736,2.0847164479792167e-12,-0.00035296919769645574,-0.025414161102863278,-0.15480592933926188,-0.0004223394578362012,1.3839793778026173,1.699408862417435,0.005794064263007895,-0.003043721034698424,0.015232064138242891,-0.06102944223990781,-2.5377330478548184e-06,-0.055011120523127253,-0.3777278707495148,-0.015146709458280956,-6.761081408873119e-05,0.6865095019340515,0.6865095019340515,0.6924355030059814,0.6924355030059814,4.5229569435119625,4.5229569435119625,1.8638931989669796,1.8638931989669796,5.952881340980531,5.952881340980531,-0.09050592184066772,-0.09050592184066772,-0.2497298643528436,0.3244620816290075,1.13425511080495,0.06314609245052667,0.713304085219758,0.6927922760817214,0.08513938699885996
-0.23975108703520565,0.4718810364027017,1.08,-0.15755182383316627,0.41704234242374927,1.0549618086810764,0.09126991428384498,0.09433488132440832,-0.07201618736498872,1.9036702729494846e-12,-0.00040405436271761174,-0.024497448448940567,-0.15706610251067338,-0.00042251406606801464,1.380484310242333,1.679402432691281,0.005416521964399367,-0.0030471240947060876,0.021154146950766627,-0.03072729402517813,-2.7430043788052304e-06,-0.08335833258530283,-0.4201135147337194,-0.0021439599740480006,-6.824069928957191e-05,0.7844903111457824,0.7844903111457824,0.7687525629997254,0.7687525629997254,4.6204163312911986,4.6204163312911986,1.8045718669891353,1.8045718669891353,5.875181822776796,5.875181822776796,-0.09050592184066772,-0.09050592184066772,-0.24882173811701125,0.32270746109934095,1.126977996046065,0.06473153367091121,0.720861964961862,0.6847409866745745,0.08542620902196983
-0.23975108703520465,0.4718810364026756,1.08,-0.1575518217660879,0.4170423425043214,1.0549569695332668,0.08999014433004579,0.09587863297448906,-0.06475763314244909,1.803584069829804e-12,-0.00045498665942956347,-0.023254254036461714,-0.1574127605929423,-0.00042260019615767395,1.3756221960317392,1.6574244102704574,0.0014921640048850232,-0.003050572272347133,0.028248750487651755,0.013854301394161618,-1.6375407286112583e-06,-0.10970660643769882,-0.45683780614003683,-0.14281083636604824,-6.908946331326646e-05,0.8797714710235595,0.8797714710235595,0.8662151098251343,0.8662151098251343,4.712353181838989,4.712353181838989,1.8111597180366512,1.8111597180366512,5.939263420104981,5.939263420104981,-0.09050592184066772,-0.09050592184066772,-0.2475419660961337,0.3211637095298323,1.1197146026757159,0.06795731654208671,0.7282081373022594,0.6766720829834617,0.08490938703109165
-0.23975108703520404,0.4718810364026603,1.08,-0.1575518194599864,0.41704234259422845,1.0549521448663477,0.0884918292598185,0.09698572340539491,-0.05777307251409325,1.7448423694491147e-12,-0.0005057665451389356,-0.021612556714057967,-0.15526458151194159,-0.00042258976152580906,1.369747378581282,1.6336843815426534,-0.009501377854220292,-0.0030540549862316533,0.03698842373199538,0.06934950329338727,-5.072566879164108e-07,-0.1245383751085155,-0.49066905890031165,-0.29085951595331727,-6.979833792944629e-05,0.9670624494552611,0.9670624494552611,0.9412053227424622,0.9412053227424622,4.808028936386108,4.808028936386108,1.8527367591857906,1.8527367591857906,5.910364966392518,5.910364966392518,-0.09050592184066772,-0.09050592184066772,-0.24604364871980489,0.32005661918883355,1.112725217380441,0.07415740249509631,0.7349264242681923,0.6690539657987529,0.08216216535918792
-0.2397510870352037,0.4718810364026506,1.08,-0.15755181691704345,0.4170423426933786,1.0549473346370106,0.08682670969195289,0.09742789520910261,-0.05129983109059255,1.7072400160055855e-12,-0.0005563944757851513,-0.019506712998260324,-0.14999005150949035,-0.00042276904938015066,1.362872240463655,1.608284814587206,-0.02787394330867118,-0.0030575729617862615,0.04678100117424037,0.13836852066748356,-3.6474387779199807e-06,-0.1492366962012797,-0.5232550774016752,-0.4380073480476236,-7.050465830426147e-05,1.0623088598251342,1.0623088598251342,1.0344371438026427,1.0344371438026427,4.888636600971222,4.888636600971222,1.7647619426250454,1.7647619426250454,5.833265821933748,5.833265821933748,-0.09050592184066772,-0.09050592184066772,-0.24437852660899634,0.319614447484276,1.1062471657276032,0.08351080255531197,0.7406990255552461,0.6621569529799416,0.07706535550035404
-0.23975108703520343,0.4718810364026437,1.08,-0.15755181413942473,0.41704234280168373,1.0549425388020774,0.08496134070066177,0.09696438909269917,-0.04559556555912958,1.6804715774318008e-12,-0.000606870905944515,-0.016865850296007075,-0.14091619931854776,-0.00042290415822038025,1.354830162986395,1.581339018916562,-0.05357580428366871,-0.00306112726952945,0.05830087141032792,0.21991118561540152,-7.178299533015808e-07,-0.16945807931242327,-0.5526730305923111,-0.5827876090776507,-7.112259900269757e-05,1.154710829257965,1.154710829257965,1.124561846256256,1.124561846256256,4.983467268943786,4.983467268943786,1.7908903062343593,1.7908903062343593,5.821812789440156,5.821812789440156,-0.09050592184066772,-0.09050592184066772,-0.2425131548400865,0.32007795370898456,1.100538104361207,0.09612230281659692,0.7451627858557065,0.6562289527209966,0.06968850039785135
-0.2397510870352032,0.4718810364026383,1.08,-0.15755181112928057,0.4170423429190582,1.0549377573184977,0.08290712639054654,0.0953552809923145,-0.040918812364263646,1.659280718269212e-12,-0.0006571962888342825,-0.013627055182544168,-0.12746628943740268,-0.00042319456185611675,1.345499611551737,1.553049249065909,-0.08504468338680662,-0.0030647170173414735,0.07065387124698665,0.31274526401325003,-5.800700967377462e-06,-0.20215276245753677,-0.577256632464412,-0.6482408889930941,-7.183211795874255e-05,1.2423537969589233,1.2423537969589233,1.2145769715309143,1.2145769715309143,5.051952242851257,5.051952242851257,1.6964584112167354,1.6964584112167354,5.872498278617861,5.872498278617861,-0.09050592184066772,-0.09050592184066772,-0.2404589375198271,0.3216870619267437,1.0958565696827614,0.11152272660130409,0.7480037375907663,0.6514578389953873,0.06046299705699992
-0.23975108703520304,0.47188103640263357,1.08,-0.1575518078887463,0.41704234304541765,1.0549329901433504,0.0804238862124409,0.09243908546858293,-0.037537872161681696,1.6409862643379054e-12,-0.0007073710763167196,-0.00973210050739821,-0.10914340122896929,-0.00042362996955695975,1.3340658285459028,1.523675384443004,-0.11734053435566502,-0.0030683391848328,0.08449213306625764,0.4139700549147343,-5.188202098447755e-06,-0.25107094791385165,-0.5962952503328387,-0.6305923709325352,-7.225805974916273e-05,1.3126499891281127,1.3126499891281127,1.307472836971283,1.307472836971283,5.1325784683227536,5.1325784683227536,1.6052009403705592,1.6052009403705592,5.955088560581209,5.955088560581209,-0.09050592184066772,-0.09050592184066772,-0.23797569410118719,0.3246032575768347,1.092470862305032,0.1281258487520836,0.7491054488173292,0.6479251243145783,0.051164701852785544
-0.23975108703520287,0.4718810364026293,1.08,-0.1575518044199419,0.41704234318067923,1.0549282372338424,0.07737714028063358,0.0880995771860909,-0.035660957892857725,1.624220436827737e-12,-0.0007573957189031484,-0.005115357326073332,-0.08562637215059413,-0.0004240268325675769,1.3199658952896232,1.4934360150215806,-0.1488618391025823,-0.0030719755956488434,0.09949346364989381,0.5198451445301022,-6.812792309942571e-06,-0.30999370227296547,-0.6120138501580299,-0.6169205361684095,-7.251712511968078e-05,1.3457291841506958,1.3457291841506958,1.3980351567268372,1.3980351567268372,5.216642546653747,5.216642546653747,1.5154136359691615,1.5154136359691615,5.96530765771866,5.96530765771866,-0.09050592184066772,-0.09050592184066772,-0.2349289447005755,0.3289427659945883,1.0905891951267002,0.1454329280080079,0.748336891642992,0.6457915029242653,0.04236147787720889
-0.2397510870352027,0.47188103640262524,1.08,-0.15755180072497257,0.4170423433247604,1.0549234985473084,0.07367581946702786,0.08226759209202184,-0.035461599756233086,1.6082853216228953e-12,-0.0008072706657579808,0.00036779043180522775,-0.056722080416403226,-0.00042439839532193186,1.3026158918974773,1.462550244529688,-0.18262332029455638,-0.0030756214295260638,0.11893920352527196,0.6281028976980577,-5.637611177905802e-06,-0.37879360558874503,-0.6223639108602728,-0.7042530511495622,-7.243487371639878e-05,1.4178267240524292,1.4178267240524292,1.4825093388557435,1.4825093388557435,5.3035982012748715,5.3035982012748715,1.4207668602466579,1.4207668602466579,6.049364082813264,6.049364082813264,-0.09050592184066772,-0.09050592184066772,-0.23122762019200044,0.3347747512327386,1.0903850983035415,0.1646487399523002,0.7452782363656147,0.6452585727335876,0.03305324712781395
-0.23975108703520254,0.4718810364026213,1.08,-0.15755179680592885,0.4170423434775797,1.0549187740412103,0.06929208614115662,0.07506538457087136,-0.03694206488361296,1.5928246533403847e-12,-0.0008569963647027407,0.006822247028890033,-0.022805796919985428,-0.0004248040039725629,1.281565431730302,1.4312437833213119,-0.22143542407767444,-0.0030792283654380356,0.13817069187204029,0.7208425268728148,-5.850162851860755e-06,-0.4570155149013808,-0.6290480544946034,-0.8292265638022612,-7.14351277935304e-05,1.4590744972229004,1.4590744972229004,1.5089365482330324,1.5089365482330324,5.2775208234786986,5.2775208234786986,1.3259595334529872,1.3259595334529872,6.062461440563204,6.062461440563204,-0.09050592184066772,-0.09050592184066772,-0.22684388294708546,0.3419769589067083,1.0918608389248232,0.18696571239736062,0.7395346858034717,0.6462520869496697,0.022147482802898574
-0.23975108703520237,0.4718810364026174,1.08,-0.15755179266488634,0.4170423436390559,1.0549140636731371,0.06418892013073041,0.06686101265602751,-0.03988837483459218,1.577656417358601e-12,-0.0009065732622200754,0.014240352569691625,0.015169410034805817,-0.0004252648334928667,1.2564091980973893,1.399758877989357,-0.263217938806032,-0.0030827682589810355,0.15749518180379862,0.7916847527527113,-6.839074214317556e-06,-0.5429669307881247,-0.6297468728305837,-0.8223369106428898,-6.99207479737912e-05,1.4916244506835938,1.4916244506835938,1.5042363226413729,1.5042363226413729,5.239529645442962,5.239529645442962,1.2281961798667904,1.2281961798667904,6.134864549636842,6.134864549636842,-0.09050592184066772,-0.09050592184066772,-0.22174071279561675,0.3501813309830284,1.0948024385077293,0.2118437169735598,0.7312082609998167,0.6483475996406614,0.010104883207783827
-0.23975108703520226,0.47188103640261364,1.08,-0.1575517883039061,0.4170423438091088,1.0549093674008043,0.058428237677242006,0.057973009763748085,-0.04406288872618136,1.5626874728623456e-12,-0.0009560018034577513,0.022813878495182197,0.05634844113795769,-0.000425646225916291,1.2267909238871573,1.3682915227119568,-0.3073546386838175,-0.003086227906309733,0.18324897262785042,0.8492874864104238,-6.213817687688721e-06,-0.6349692985748621,-0.6284112881912401,-0.9122725416379962,-6.814710404814526e-05,1.5788893938064577,1.5788893938064577,1.544535666704178,1.544535666704178,5.1894751429557795,5.1894751429557795,1.1313819527626034,1.1313819527626034,6.11138793706894,6.11138793706894,-0.09050592184066772,-0.09050592184066772,-0.2159800259811481,0.35906933404536073,1.0989722561269857,0.2389104601818655,0.7203726481552253,0.6511347965592585,-0.002918306915034779
-0.2397510870352021,0.4718810364026098,1.08,-0.1575517837250347,0.4170423439876584,1.054904685182054,0.05207326383176972,0.04890916441084936,-0.04897720474093337,1.5478700085509088e-12,-0.001005282432232642,0.03257271811294159,0.0992963977563121,-0.0004260651064925014,1.192447686297186,1.336971916927145,-0.35617084118454884,-0.003089540343545494,0.20589141538411512,0.8645050593970063,-6.894701367858982e-06,-0.7311477892667183,-0.6239999915213146,-1.011007234797642,-6.477362680652292e-05,1.569829696416855,1.569829696416855,1.4481420278549197,1.4481420278549197,5.211715984344482,5.211715984344482,1.0358765006065365,1.0358765006065365,6.076945834159853,6.076945834159853,-0.09050592184066772,-0.09050592184066772,-0.20962504755680442,0.368133179576809,1.1038818899229874,0.2690794042513812,0.7068368654313967,0.6539570573392235,-0.01783499456302717
-0.23975108703520193,0.4718810364026061,1.08,-0.15755177893030436,0.4170423441746256,1.0549000169748541,0.04532439239023281,0.04030064193457927,-0.053868055115386726,1.5331793340037997e-12,-0.001054415591034702,0.04344284336884856,0.1420701711227224,-0.0004263439425178869,1.1537239106936494,1.3058958748403613,-0.40561643781326445,-0.003092668207937902,0.22721751342612165,0.844689750569156,-6.387826083267009e-06,-0.8115061594380324,-0.6187465508010253,-0.9526461807111667,-6.103089856519056e-05,1.596195858716965,1.596195858716965,1.3506348013877871,1.3506348013877871,5.140201389789581,5.140201389789581,1.0138981640338893,1.0138981640338893,5.992340670824053,5.992340670824053,-0.09050592184066772,-0.09050592184066772,-0.20287617132053717,0.37674170224004633,1.1087680720902409,0.30085336043119165,0.6914326297545469,0.6559634608257096,-0.0334680756771139
-0.23975108703520182,0.47188103640260237,1.08,-0.1575517739217328,0.41704234436993165,1.0548953627372977,0.03844625601431667,0.032554320736885745,-0.058080901212266056,1.518602552741476e-12,-0.001103401721030929,0.05545541780317762,0.18319172112888937,-0.00041675675162460214,1.1110335934687028,1.2751250956692823,-0.44890682873854887,-0.003095622619958098,0.2511308611284081,0.7997766935661558,8.686987317221059e-05,-0.889803413259232,-0.6118964773607906,-0.7858018471136623,-5.755135498319963e-05,1.6681988179683687,1.6681988179683687,1.274282503128052,1.274282503128052,5.101004195213318,5.101004195213318,0.9279900014400477,0.9279900014400477,5.939468901157381,5.939468901157381,-0.03280767202377319,-0.03280767202377319,-0.19599802993604948,0.3844880236330459,1.1129762639495637,0.33167305160749583,0.6756668354732994,0.6566627438006452,-0.047553708405099454
-0.23975108703520165,0.4718810364025987,1.08,-0.15755176870132373,0.41704234457349837,1.054890722427603,0.03161158363930036,0.0259820248299365,-0.06109636942650454,1.5041327852040507e-12,-0.0011522412620693148,0.06837102457027242,0.22157495294487228,-0.00039332274757235085,1.0648962926465322,1.244724648014805,-0.48388003520060024,-0.003098419886880536,0.2638608469750888,0.7375832708585595,0.00021699846659083784,-0.9492866320596044,-0.6040378956148004,-0.6199200679269576,-5.4562106371341e-05,1.5959649801254274,1.5959649801254274,1.2035159111022953,1.2035159111022953,5.054678064584732,5.054678064584732,0.9113722085952753,0.9113722085952753,5.880441324710848,5.880441324710848,0.051313078403472906,0.051313078403472906,-0.1891633523406241,0.39106031974356187,1.1159870918541075,0.36072821224166984,0.6605287411818169,0.6558017392096905,-0.05916939931449758
-0.23975108703520154,0.47188103640259504,1.08,-0.15755176327106646,0.41704234478524826,1.0548860960041135,0.025237142627640208,0.020588289595250386,-0.06265914209215939,1.4897662223266824e-12,-0.0012009346526827861,0.08195923952618621,0.25673318947233975,-0.00036965374690111556,1.0167410604781335,1.2147341804395162,-0.5105920364519363,-0.003101055178364285,0.2786566566992508,0.6710530620223322,0.00021390498233822327,-0.9730433514969734,-0.5955210762782143,-0.45664094155067636,-5.1379072203289534e-05,1.6640688180923464,1.6640688180923464,1.1559111475944523,1.1559111475944523,5.083975178003311,5.083975178003311,0.9830484747886652,0.9830484747886652,5.829135172367097,5.829135172367097,0.14203883409500123,0.14203883409500123,-0.18278890589870667,0.3964540551899979,1.117545238096273,0.3876995916444754,0.6466616616782923,0.6533256389718394,-0.06843486988527711
-0.23975108703520137,0.4718810364025914,1.08,-0.15755175763293647,0.4170423450051042,1.0548814834252969,0.019821794139207732,0.016185059446938543,-0.06269213487109249,1.4755006227866726e-12,-0.0012494823300931279,0.0960627086792984,0.2884405237444336,-0.0003456182565619816,0.9682789143843835,1.1851477447732117,-0.5292575616921438,-0.0031035528956234837,0.2849689285397545,0.5998963772215498,0.00023082660798978883,-0.9627923278788807,-0.5878256476790574,-0.3028715498208826,-4.880754489874601e-05,1.5920971393585208,1.5920971393585208,1.0807449698448186,1.0807449698448186,5.1143550932407384,5.1143550932407384,1.053185582160949,1.053185582160949,5.739012746810914,5.739012746810914,0.21861052513122559,0.21861052513122559,-0.1773735517721442,0.40085728555816563,1.1175736182963893,0.41211116840023676,0.6347157911995083,0.649294488452002,-0.07561029392633643
-0.2397510870352012,0.4718810364025878,1.08,-0.15755175178889502,0.4170423452329898,1.0548768846497445,0.015646339559044264,0.012641850149999245,-0.061173779999317945,1.4613345465425838e-12,-0.0012978847302149022,0.11050243156419393,0.3164978582138364,-0.00031600884487074227,0.9207581135273399,1.1559226480550597,-0.5427541673670911,-0.003105935013395972,0.29197726851270817,0.5255547132602604,0.0003023908808620297,-0.9386098723433054,-0.5810321079250198,-0.24144654698226886,-4.680354480197089e-05,1.659546518325806,1.659546518325806,1.0098320603370672,1.0098320603370672,5.123634535074235,5.123634535074235,1.086520648002624,1.086520648002624,5.641619943380357,5.641619943380357,0.3136563777923584,0.3136563777923584,-0.1731980913479393,0.40440049508299053,1.1160506646490624,0.4344233771578245,0.6247155829395796,0.6436992737792661,-0.08159665892239285
-0.2397510870352011,0.4718810364025842,1.08,-0.15755174574089,0.4170423454688291,1.0548722996361717,0.012740051762648252,0.009888753023299501,-0.05816652505008846,1.4472669639263421e-12,-0.0013461422876593489,0.1251906892353974,0.3408904707360447,-0.00032167283707487877,0.8745024762459317,1.1271084759013588,-0.5526051265430897,-0.0031082436059316327,0.2953096376517153,0.45326724021596254,-0.00011609734310807722,-0.9122570935817949,-0.5715137077883287,-0.16214834854524154,-4.557025019713409e-05,1.6138476252555851,1.6138476252555851,1.0522986888885504,1.0522986888885504,5.142162936925889,5.142162936925889,1.0870802521705623,1.0870802521705623,5.655656360387804,5.655656360387804,0.2799089431762695,0.2799089431762695,-0.17029179750353826,0.4071535924455296,1.1130388246862601,0.45505924560857913,0.6165283141632959,0.6366122298853233,-0.08682620331185491
-0.23975108703520093,0.4718810364025806,1.08,-0.15755173949085485,0.4170423457125466,1.0548677283434171,0.010977358524119574,0.007896102691479334,-0.053804451682717636,1.433297056255776e-12,-0.0013942554357382819,0.14004878563634077,0.3617184537016393,-0.0003002800906569315,0.8295298905427743,1.098759383130923,-0.5629969076901461,-0.003110485807801096,0.2986803934872131,0.38295458798401893,0.0002633325884534532,-0.8873592782504942,-0.5623738946724989,-0.23497598972998957,-4.412388989991332e-05,1.6612415075302127,1.6612415075302127,1.0779294133186346,1.0779294133186346,5.162084966897965,5.162084966897965,1.0258991003036495,1.0258991003036495,5.5816287028789535,5.5816287028789535,0.37805062532424927,0.37805062532424927,-0.16852909801497443,0.4091462430210673,1.1086721800261348,0.47515489062665245,0.6093041455478935,0.6280567049186895,-0.0923096069670087
-0.23975108703520082,0.4718810364025771,1.08,-0.1575517330407099,0.41704234596406753,1.054863170730442,0.010320776679227484,0.0066179738947148015,-0.04819676468673406,1.4194241141294902e-12,-0.0014422246064679668,0.15510651115972326,0.3790909021353111,-0.000273894752400745,0.7858991638866709,1.0708486717810726,-0.5784151726796435,-0.0031126438089114734,0.3030624897466299,0.3149865178988942,0.00027986524594666377,-0.8586536558438587,-0.5539536085624863,-0.36489852985546567,-4.2341006637000065e-05,1.7305514812469485,1.7305514812469485,1.112379121780396,1.112379121780396,5.25038396716118,5.25038396716118,1.0575298428535458,1.0575298428535458,5.494221704006197,5.494221704006197,0.46077016592025755,0.46077016592025755,-0.1678725097199374,0.4104243720693527,1.103059935417176,0.4960335348927626,0.601877529127338,0.6179203408182677,-0.09934095125574707
-0.23975108703520065,0.47188103640257356,1.08,-0.15755172639236142,0.41704234622331743,1.0548586267563305,0.010671465026722504,0.00605135409480001,-0.04148419279667337,1.4056474855529345e-12,-0.0014900502305729903,0.17028413556062238,0.3931077480054688,-0.00024268335237358663,0.7436791438779405,1.04343483820469,-0.5954848949574442,-0.0031147272268677285,0.3038127264988889,0.24868885791836146,0.0003517536414557063,-0.8310017265988079,-0.5426431380958294,-0.31790891936768595,-4.085680531889464e-05,1.6560257554054263,1.6560257554054263,1.0824589848518376,1.0824589848518376,5.231400728225709,5.231400728225709,0.9992053687572475,0.9992053687572475,5.506857936382295,5.506857936382295,0.5597591996192932,0.5597591996192932,-0.16822319141908393,0.4109909921285174,1.0963428195530038,0.5167252191639603,0.5948075659219377,0.60646338757778,-0.1067762470292917
-0.23975108703520054,0.4718810364025701,1.08,-0.15755171954770264,0.41704234649022265,1.0548540963802886,0.01187924155754061,0.006236680259829042,-0.03381543205002013,1.3919665494697936e-12,-0.001537732737490118,0.18545704758817408,0.40383794078434493,-0.00021710853099890146,0.702927191361988,1.0166410812605902,-0.6081335488458153,-0.0031167314698837133,0.3031093929887315,0.18355622913574626,0.00027776798247267743,-0.7999936177046887,-0.529264291885537,-0.20274906728302738,-3.935435201034111e-05,1.6390901267528537,1.6390901267528537,1.0162545800209049,1.0162545800209049,5.231600427627565,5.231600427627565,1.0187233507633204,1.0187233507633204,5.499947177171709,5.499947177171709,0.6420748949050903,0.6420748949050903,-0.16943096110524325,0.4108056662303936,1.0886695284303087,0.5353437915920722,0.589644104910784,0.5941974014750024,-0.11250023301370982
-0.2397475386173204,0.47178961927290153,1.08,-0.15756504068585692,0.4169215509176593,1.0542546127171388,0.013613803047904521,0.0070603243130947235,-0.02613048007044605,-0.0004854925007170256,-0.00994153344107861,0.200448935861995,0.41149819263985515,-6.472779322820712e-05,0.6636479104019399,0.9912176289561122,-0.6183516510617818,-0.002889816568989184,0.29002907939069716,0.14422549130443663,0.011251947846627756,-0.7777549135134691,-0.43249509702873384,-0.2007794629183416,0.02882258907843347,1.5446338653564455,1.5446338653564455,0.9407394170761112,0.9407394170761112,5.260198116302491,5.260198116302491,0.9786167800426478,0.9786167800426478,5.513468824625017,5.513468824625017,0.6978829383850097,0.6978829383850097,-0.17117884373376144,0.4098612266045646,1.0803850927875849,0.5523335486595707,0.5857415454884333,0.5815449314174903,-0.11679034915854009
-0.23971174672987555,0.47081491693657174,1.08,-0.15746877871251835,0.4156423377772154,1.0477895988911696,0.014696460770844355,0.006873361321478977,-0.026033747698010812,-0.0042600279469906365,-0.07843994297911021,0.21458030856886387,0.41814554921066727,-9.210968043245753e-05,0.6255364225797452,0.972544022237609,-0.6303814922909734,-0.000774334622251875,0.2787509407384613,0.11213025650959996,-0.0019165377001292506,-0.7458157223291303,-0.34953850120275715,-0.263037102155832,0.04381619680579562,1.4687024474143984,1.4687024474143984,1.0151465892791751,1.0151465892791751,5.3229204535484325,5.3229204535484325,0.9678794324398036,0.9678794324398036,5.423478852510454,5.423478852510454,0.7621393322944641,0.7621393322944641,-0.1721652394833627,0.4087689764557364,1.0738233465891804,0.5687777339010593,0.5790762501880635,0.5715309720864074,-0.12047793919416733
-0.2396949703565447,0.4703190427835099,1.08,-0.15699219023147987,0.4150051875078575,1.0423823463016675,0.016207596192096774,0.007725186501659709,-0.025080388872897208,-0.006241415126685555,-0.13547857288271406,0.22832306502106955,0.42276126399752273,-0.00011452364553410564,0.5891732143297966,0.9565424123421302,-0.6424914686916787,0.0015439548449343978,0.27116338809901075,0.07893101259519185,0.0001611182814347502,-0.7083534292654002,-0.2834415715848575,-0.2228289307509656,0.051313565302824625,1.42498596906662,1.42498596906662,0.9322276413440708,0.9322276413440708,5.382446479797364,5.382446479797364,0.8751091301441187,0.8751091301441187,5.32536733031273,5.32536733031273,0.8178440451622009,0.8178440451622009,-0.17319978642357664,0.40728000100619777,1.0674627351745647,0.5842925470945228,0.5722361687536286,0.5620289273348819,-0.12357779500689325
-0.2396707294418406,0.4695455361692616,1.08,-0.15635023142103027,0.4140043831753533,1.0374881887498404,0.017690321559000632,0.008371988659685747,-0.024265703280629936,-0.009333349096170524,-0.18741095456062812,0.2416876466173594,0.4258826305170123,-0.00010540592691068498,0.5547395723085825,0.9440679272176138,-0.6494354334192975,0.004301560892699172,0.26360672567187937,0.05049097279752455,0.0003972121014017737,-0.6691363054446041,-0.21123926504386337,-0.06170346371207961,0.06051853799004911,1.392533189058304,1.392533189058304,0.8784708797931674,0.8784708797931674,5.404730463027955,5.404730463027955,0.8179493963718409,0.8179493963718409,5.252577977180482,5.252577977180482,0.8375311374664306,0.8375311374664306,-0.1740405529800309,0.40563239451566757,1.0617538920304703,0.597241855971701,0.5664342814801752,0.554003988004097,-0.1246352739599515
-0.23963863798781382,0.4683799256428922,1.08,-0.15568635229462174,0.4124807323227026,1.0332858726966072,0.01887613188802184,0.008632721736626936,-0.023458490666057763,-0.013956603582081032,-0.232283653601292,0.254680141782709,0.42757615568662805,-0.00011853844550450602,0.5222006036685026,0.9352214664948797,-0.6485408078778903,0.007545445750409177,0.25625591906468326,0.0209956610009679,-9.335118061730991e-05,-0.6326279019115375,-0.14060325368652257,0.08910420610136911,0.07025235442115146,1.4517619073390962,1.4517619073390962,0.782605201005936,0.782605201005936,5.43136558532715,5.43136558532715,0.7258525371551509,0.7258525371551509,5.155491356849671,5.155491356849671,0.7580823063850403,0.7580823063850403,-0.17456248418264358,0.40384801058607567,1.056744363362665,0.6068499038800036,0.5626320257977685,0.5478004743937339,-0.12285372587565202
-0.23960339797664293,0.46678659595077554,1.08,-0.1550830400253818,0.41038125930925806,1.029688141096958,0.019481256866379998,0.008460823015350116,-0.022810867792789402,-0.020261810588489075,-0.2711806220834756,0.26726330434587525,0.427921589899347,-0.00010594773889306172,0.4914485516777641,0.9301557439207956,-0.6405333264390691,0.011381662169604467,0.24737652922625714,-0.004608419113382289,0.00014250816919918882,-0.5979402601228978,-0.06415271198899516,0.21243599379556655,0.08282060312986667,1.372584044933319,1.372584044933319,0.6945668220520023,0.6945668220520023,5.431449127197267,5.431449127197267,0.6340674579143519,0.6340674579143519,5.062426792383195,5.062426792383195,0.8368426084518432,0.8368426084518432,-0.1745642968917618,0.40192043629390795,1.0524990088897475,0.6133860272652888,0.5606231795427995,0.543551101009273,-0.11836989780613774
-0.2395761082037512,0.4650313911739826,1.08,-0.15449172962914226,0.40805710958163116,1.0264595467387576,0.019685412483778142,0.008147806790333334,-0.02243776068353065,-0.027143214895508527,-0.30648820723809417,0.2795714282540506,0.4269627261164362,-0.0001009448226793707,0.46271331243257613,0.9282609582306444,-0.6335493265613613,0.015514654581223333,0.24568815650887843,-0.0320450088234045,-1.0812073894022268e-05,-0.5518940732753911,-0.015868368020491075,0.08593421759526784,0.08137056731493797,1.3234758734703065,1.3234758734703065,0.6016149044036868,0.6016149044036868,5.4590952754020705,5.4590952754020705,0.5369067311286921,0.5369067311286921,4.9627372848987585,4.9627372848987585,0.9325055837631225,0.9325055837631225,-0.1741771421129204,0.3999093027912978,1.0488973074222883,0.6189834349237334,0.5584016171576456,0.5405366300975549,-0.11343408997528706
-0.23956992754041112,0.4644697008092531,1.08,-0.15412608543482637,0.40731293450965345,1.0249625025258622,0.019823363685406437,0.008035686288506316,-0.022200494464229337,-0.02904386154110569,-0.32187637377644557,0.29249947703215406,0.42670810281906435,5.629606764184592e-05,0.43860565259911716,0.931271297629804,-0.6297000588091384,0.019523766680548588,0.2638842814397867,0.007363360298313752,-0.0071279317262356,-0.4331953607906575,0.1267936846105356,0.07006057068956552,0.08498118468172952,1.3121204018592836,1.3121204018592836,0.5103353023529056,0.5103353023529056,5.435906922817232,5.435906922817232,0.45077365040779066,0.45077365040779066,4.863345061540604,4.863345061540604,1.025103497505188,1.025103497505188,-0.1739494491202328,0.39927724822114713,1.0471629969900915,0.6231249197720073,0.5552448436932494,0.5397250246238687,-0.11006995823544516
-0.23957083246654476,0.4645594910045186,1.08,-0.15394598245404933,0.40743446590428173,1.024483986962849,0.020006504777479783,0.00794846033650537,-0.02217032793105056,-0.028735209855852952,-0.32730859628438846,0.3058206005274968,0.4258708667374156,-9.980885064962011e-05,0.4182759733895177,0.9380143560240076,-0.6252676513993791,0.023504164133100428,0.26795159052358186,-0.04148249660215579,0.0005487382158177815,-0.3853329345971885,0.13793374657466348,0.09971589693225302,0.07444107953340723,1.3175381660461427,1.3175381660461427,0.4172306835651401,0.4172306835651401,5.385470253229142,5.385470253229142,0.3517442405223842,0.3517442405223842,4.764553384780885,4.764553384780885,1.1186551690101625,1.1186551690101625,-0.17395248723152912,0.39948600556777636,1.0466543148938996,0.625139669732767,0.5526281260630994,0.5407205359748115,-0.10688241008466717
-0.23956997899295546,0.46447489157498634,1.08,-0.15376980621757763,0.40732338880951857,1.0239170778816329,0.020165634284477846,0.00787657280283277,-0.022091371392065184,-0.02905983664079914,-0.33352235221988635,0.31928748593563405,0.4229193335068808,-5.7169296916036436e-05,0.40022233922317096,0.9456628337817741,-0.6236620991218078,0.027097366218995427,0.27082658085958966,-0.07239790520236132,0.0004013329072668125,-0.3373623549744854,0.1689104648013063,-0.012936298465119617,0.06975819747852167,1.2567551970481874,1.2567551970481874,0.4377821981906894,0.4377821981906894,5.306829893589021,5.306829893589021,0.25477896928787186,0.25477896928787186,4.665500168800355,4.665500168800355,1.2106534123420716,1.2106534123420716,-0.17393544050205548,0.3994468160066858,1.046008449273698,0.6267607209612868,0.550357720438496,0.5417413729769696,-0.10389255516570181
-0.23956957109310761,0.46443344347471854,1.08,-0.15365123796737207,0.4072692386121486,1.02355137834576,0.020281049181164912,0.007858086415465204,-0.022015230566635235,-0.029225524381315,-0.3375471081753568,0.33293852581215033,0.4183217410511678,-3.0071877609739648e-05,0.38464906748222716,0.9548827052759591,-0.628008758863491,0.030490342074691267,0.2746790749782521,-0.10930401236635261,0.00023559266728725563,-0.28878470343365886,0.19742934588786862,-0.1442908090866277,0.06617338818413848,1.2624268293380738,1.2624268293380738,0.349815928936005,0.349815928936005,5.234650802612306,5.234650802612306,0.1574178814887996,0.1574178814887996,4.5742421317100534,4.5742421317100534,1.3034929871559144,1.3034929871559144,-0.17393228714853698,0.3994111521966834,1.0455666089123952,0.6288132389055603,0.5470903090183847,0.5429976576724973,-0.10217459624313921
-0.2395693562633172,0.4644113338617534,1.08,-0.15358330494744962,0.40724038237051713,1.0233449710166105,0.020380029881616774,0.007867649746194139,-0.021947982448388803,-0.029303679395345443,-0.33976029097454225,0.3468095458446354,0.4120418184426312,-1.8379122556613e-05,0.37149811997440074,0.9654821113338259,-0.6354040309817325,0.033665949740168094,0.27962038608223294,-0.1413253749720902,0.0001397878479515926,-0.2399921313278908,0.22393329851265475,-0.1472166422667365,0.061019678738132924,1.199659276008606,1.199659276008606,0.3220798015594486,0.3220798015594486,5.211672401428224,5.211672401428224,0.06204683184623673,0.06204683184623673,4.477198486328126,4.477198486328126,1.3983002066612245,1.3983002066612245,-0.1739633348290664,0.399372732624323,1.0452929534649993,0.6305682346999513,0.5436900466130445,0.5445839519596225,-0.10106014975910338
-0.23956926582996874,0.4644019672395482,1.08,-0.15355993463786083,0.40722810178699204,1.0232732438744716,0.020511333122770814,0.007864789471486555,-0.021890802212255922,-0.029340888242735032,-0.34051683110309755,0.3608824940041,0.40425978706216026,-1.2015726868815467e-05,0.36052574342654686,0.9770848362413372,-0.6401016656289645,0.03655147841443329,0.28303167381407934,-0.16856582841274767,0.0001459516780759972,-0.20105335701047009,0.23930266292388597,-0.055159896904658424,0.054599907227427344,1.1266785323619843,1.1266785323619843,0.3534322142601017,0.3534322142601017,5.124418491125108,5.124418491125108,-0.03344290256500289,-0.03344290256500289,4.379242144823075,4.379242144823075,1.4922479271888733,1.4922479271888733,-0.17407126776063164,0.3993633123155055,1.0451640460867275,0.6305027442665172,0.541969015371253,0.5467258881511233,-0.0991296074604911
-0.23956917531723004,0.4643925565020821,1.08,-0.15355825584500948,0.40721555228328865,1.0232628068793472,0.02069897962515127,0.00782690555893567,-0.02183762062670147,-0.029377492008596618,-0.34062635271482655,0.3751293226530976,0.3952597143902415,0.00015222071045552693,0.35126781192775924,0.989008603523114,-0.6389664419291989,0.03908790068683826,0.2863570339099543,-0.19103226987706337,0.00665315830586799,-0.16935652229402248,0.2369876856422534,0.08572860115827104,0.047308661086837504,1.058499014377594,1.058499014377594,0.33735076189041174,0.33735076189041174,5.0585218489170085,5.0585218489170085,-0.12829577326774644,-0.12829577326774644,4.2820619213581095,4.2820619213581095,1.5840457558631897,1.5840457558631897,-0.17425723547016075,0.399388646724353,1.0451004275060487,0.6279368485228849,0.542875622646428,0.5493990165979077,-0.09561429372563823
-0.23956911588188162,0.464386357193736,1.08,-0.1535559032318129,0.407207297151682,1.0232524164257104,0.020911132405599886,0.00777391975521835,-0.02177261865996849,-0.029401261918158582,-0.3407472492595829,0.38959449008456404,0.38505780085838054,0.0007138394288149089,0.34344190533239255,1.0007962825952703,-0.6352567514607883,0.041219844209551895,0.2916155231712,-0.21492178738987475,0.0147123695307838,-0.1452463197814468,0.23506304058128813,0.06466648832972326,0.03902922819591883,0.9658164978027345,0.9658164978027345,0.24975243806839026,0.24975243806839026,4.970424020290376,4.970424020290376,-0.22214527130127,-0.22214527130127,4.1886741387844095,4.1886741387844095,1.675437355041504,1.675437355041504,-0.17446703563741278,0.3994333773964637,1.045025035085679,0.6237469948378962,0.5455229257258912,0.5522843429187589,-0.09124926577760606
-0.23956907998279198,0.4643826051597408,1.08,-0.15354879831840956,0.40720235510727587,1.023230114436862,0.021131468486800753,0.007714053560044287,-0.02170550764830992,-0.029415741827342006,-0.3410027836778871,0.4043696439147314,0.37382729002817217,0.001606301646662331,0.3365187297047606,1.0124958049261488,-0.6306004626008527,0.04292606156065394,0.2989199214545455,-0.23335582843538694,0.02048811448968717,-0.13214435209016856,0.23337209447203128,0.11078309269379295,0.03002103461956749,0.9018166422843934,0.9018166422843934,0.20940518379211462,0.20940518379211462,4.875852674245835,4.875852674245835,-0.313325142860413,-0.313325142860413,4.090323411226273,4.090323411226273,1.7323889732360842,1.7323889732360842,-0.17468026680521032,0.3994883015472316,1.044935622085172,0.6186641564144992,0.5490864671200217,0.5552107041524809,-0.0866013116996261
-0.23956906481079238,0.46438101770372797,1.08,-0.15353234208662692,0.4072003926086024,1.0231828163983252,0.021371400706809096,0.007633902572059426,-0.021645050736407878,-0.029421448073507012,-0.3415476657765764,0.41957051277891916,0.3617605635682973,0.0027920062398214636,0.3299942127474646,1.0240740499222472,-0.6239895507375779,0.04414321669657189,0.30839636753971544,-0.24781600913394486,0.026448947616450384,-0.12947361288137818,0.22980649181506344,0.14419313394418307,0.01959314695427788,0.81446390748024,0.81446390748024,0.1670097410678867,0.1670097410678867,4.783926230669023,4.783926230669023,-0.39985315203666727,-0.39985315203666727,3.9906449365615853,3.9906449365615853,1.8286142468452455,1.8286142468452455,-0.174903742793436,0.399566490036543,1.044827867134733,0.6124935121984628,0.5537837846563843,0.5581652510465942,-0.08140497460558234
-0.2395691018938758,0.46438489590757265,1.08,-0.1534946446782451,0.407205932159568,1.0230792870704468,0.021622546337082188,0.007534168165537314,-0.021593292581230106,-0.029405248559851258,-0.3427386207677423,0.43522849386272433,0.34903471057897406,0.004349721606541784,0.3235275231024531,1.035264831868481,-0.6163941279224496,0.044884316701769525,0.3171141512721653,-0.26118090640896896,0.03545953229772376,-0.1277248491133474,0.21828744688313362,0.15399444299592652,0.011037027361836305,0.7969002783298493,0.7969002783298493,0.12735555768013035,0.12735555768013035,4.687585985660554,4.687585985660554,-0.43662741780281106,-0.43662741780281106,3.892506192922593,3.892506192922593,1.9191856980323794,1.9191856980323794,-0.1751171910153273,0.3996717639940307,1.044672579651677,0.6056295873966683,0.5592183339647343,0.561002191716578,-0.07592232027964163
-0.2395688783949539,0.46436142777119627,1.08,-0.15341881710308797,0.40717530872500435,1.0228535004684869,0.021847957951632135,0.0074363862999035635,-0.021539984988819372,-0.029503924900418928,-0.34532837411633555,0.4511951584785176,0.3355753787803567,0.006371993597385421,0.317168005635857,1.0457046979440157,-0.6119705178510734,0.04528419922614314,0.3210561994107873,-0.27538333804614085,0.044967563468816654,-0.12571920612916507,0.20030508099226865,0.04131980847808171,0.005583449143845918,0.7446693539619447,0.7446693539619447,0.12172747850418125,0.12172747850418125,4.60783704519272,4.60783704519272,-0.4091765940189365,-0.4091765940189365,3.793996356725694,3.793996356725694,2.00879043340683,2.00879043340683,-0.1752667750547201,0.3997389224251008,1.0443934854573063,0.5992661516703489,0.5642187788745622,0.563451882942951,-0.07112822671451417
-0.23956855646418485,0.46432721765022095,1.08,-0.15330407583704583,0.4071306816909494,1.022515964512458,0.022088016144802408,0.007290278975790876,-0.02151037910880116,-0.029640034932983957,-0.34916069423791063,0.4673634518204112,0.3217508734260887,0.00884503683727162,0.3108780558799746,1.0551755489020644,-0.6062599632279785,0.04538815294909775,0.32486288853719053,-0.27707915666736493,0.05340091743526127,-0.1253393586573024,0.17878387102494644,0.17207795206586468,0.00017999153559285168,0.6722216248512269,0.6722216248512269,0.1320832252502445,0.1320832252502445,4.564735925197603,4.564735925197603,-0.46061981916427647,-0.46061981916427647,3.6960702109336863,3.6960702109336863,2.0587952017784117,2.0587952017784117,-0.17539209198184824,0.3998404027151585,1.0440263436212591,0.5924140015652457,0.569809324184121,0.5656767559784581,-0.066127094053622
-0.23956809986089178,0.46427783628312763,1.08,-0.15314854173906156,0.4070661156214699,1.0220628951791038,0.022410616938221162,0.007024773500908299,-0.021526992719071325,-0.02982739318701058,-0.35426300111600273,0.4836708176916115,0.30786064161480386,0.01172121976333168,0.30458760605515617,1.0634565660239592,-0.5939706950786211,0.045390662221121,0.3273612530314988,-0.2766213838609918,0.06174258598615411,-0.12540075947555246,0.1544444090120645,0.31258477423067377,3.524314007463362e-05,0.6131786704063417,0.6131786704063417,0.101830351352692,0.101830351352692,4.472415733337404,4.472415733337404,-0.48613069057464636,-0.48613069057464636,3.6062762725353252,3.6062762725353252,2.105205404758453,2.105205404758453,-0.17555915867728272,0.4000413421205616,1.043589887898175,0.5834455384857326,0.5775383988920331,0.5678992073206687,-0.05942383150619701
-0.23956752421959598,0.46421405009359784,1.08,-0.15295239512694703,0.4069825810532481,1.0215005222252123,0.022795342303297855,0.006684602465389489,-0.021538742333209626,-0.030091073880323733,-0.3606656799752487,0.49997186243082087,0.2937772734131803,0.015021469513469802,0.2985111595565741,1.0703675953949734,-0.5762726921338027,0.04539515180462277,0.32431563653874257,-0.28540120108796324,0.07030423376633642,-0.11706694704195093,0.1237845304098423,0.37509409169533725,0.00012856046209780563,0.5609266459941865,0.5609266459941865,0.06387710571289097,0.06387710571289097,4.3788192808628095,4.3788192808628095,-0.434579694271088,-0.434579694271088,3.516094135046006,3.516094135046006,2.135451877117157,2.135451877117157,-0.17574773743024488,0.4002979785878586,1.0430392645584219,0.5725672092386378,0.5870726978376367,0.5699908772668664,-0.051213652387472705
-0.23956684472437756,0.4641363679520472,1.08,-0.15270620124559992,0.4068807745172853,1.0208108274178147,0.023177097892860266,0.006333172892958483,-0.02151252134136339,-0.030387952090025826,-0.3684714266629831,0.5160453677998936,0.27901137158111444,0.018943625376237,0.29343603773519844,1.0757215179884705,-0.5592713291442496,0.04546495727629085,0.3184954254797156,-0.30307162035224844,0.08583099608213049,-0.08749614364099356,0.09190545458782552,0.3086018828603267,0.0028449933368942825,0.5179287552833558,0.5179287552833558,-0.02593927383422817,-0.02593927383422817,4.360117435455323,4.360117435455323,-0.3568188667297367,-0.3568188667297367,3.418573914766313,3.418573914766313,2.146324968338013,2.146324968338013,-0.17588329913846018,0.40054760162432684,1.042323348759178,0.5612929066365208,0.5968812583759653,0.5716935515535337,-0.043006039938100094
-0.23956599286614233,0.464034905775226,1.08,-0.1523904373765362,0.4067475226842922,1.0199478740980636,0.023531476961057285,0.00599021502186764,-0.02142795799288466,-0.03080461421164554,-0.37835941734155887,0.5318293498631682,0.26314869260585594,0.023699935878684072,0.2898339948131463,1.079155874418738,-0.5446253746198619,0.04571877657242727,0.312195307240783,-0.3289394951521494,0.10320752712705382,-0.05806599156349738,0.04734211568982526,0.2759123912949799,0.0072344133893912175,0.5494599461555482,0.5494599461555482,-0.1107469797134396,-0.1107469797134396,4.32897585630417,4.32897585630417,-0.3312222480773929,-0.3312222480773929,3.322095983028413,3.322095983028413,2.1866305232048036,2.1866305232048036,-0.1759219143375935,0.40075730766242457,1.0413758320909483,0.5500258794815847,0.6066232987592592,0.5729203475700396,-0.03524174574519151
-0.23956491217102832,0.4638986195818997,1.08,-0.151980999753915,0.4065680154194454,1.0188616041274547,0.02391824792130104,0.00559504432999175,-0.02129515843450136,-0.031338873567216624,-0.3907841697694775,0.547275587329252,0.24604821287949932,0.029493070501545936,0.2881936708542776,1.0802564278923714,-0.527342573283399,0.04622785019650485,0.30464036342917855,-0.3540752024185957,0.1257215971980148,-0.01156846365077488,-0.0014135185366396033,0.39722877750325236,0.012869339047929362,0.5345470607280732,0.5345470607280732,-0.18604747653007472,-0.18604747653007472,4.287421238422395,4.287421238422395,-0.30326020717620883,-0.30326020717620883,3.224395661354066,3.224395661354066,2.2493407368659972,2.2493407368659972,-0.17589924767521603,0.4009729710894537,1.040156762561956,0.5370943696305519,0.6177660830121389,0.5737461839631375,-0.026646222597902336
-0.23956360593356352,0.4637199776035066,1.08,-0.15145823976975098,0.4063319383568298,1.017525213925548,0.02438837697608856,0.005107976085335697,-0.021107283930195786,-0.03204926318759627,-0.4061783187840718,0.5624385015615554,0.22762086592314662,0.03643912639122604,0.28864507186053484,1.0787423533380414,-0.503815458951666,0.04704186299926874,0.3011288137824428,-0.3804887682827704,0.1499658562742411,0.02637490790672288,-0.057076299939972,0.5381472730224834,0.019570557669764777,0.5735954463481904,0.5735954463481904,-0.2811433076858517,-0.2811433076858517,4.284918570518495,4.284918570518495,-0.3734454154968265,-0.3734454154968265,3.1338260579109205,3.1338260579109205,2.218828171491623,2.218828171491623,-0.17584661674583954,0.4012239622714941,1.0386324978557437,0.5210658751425311,0.6313384824946966,0.5741430693912446,-0.016180548607593045
-0.23956196032700405,0.4634653344320775,1.08,-0.15075188522548472,0.40599388412563775,1.0157975572633888,0.02494813654110639,0.004514902344339433,-0.020822227593178866,-0.0330740014553399,-0.42631849233710384,0.5774695383497963,0.20798946321951317,0.04502920730467816,0.290730122849966,1.0734164129731825,-0.473272221780741,0.04835279048825543,0.2984693465861094,-0.4042729201714481,0.1884698420007389,0.053186329152864406,-0.15155437590322346,0.6780400300088574,0.032194957006040005,0.5745225489139557,0.5745225489139557,-0.3736840963363644,-0.3736840963363644,4.270575535297395,4.270575535297395,-0.43497353792190585,-0.43497353792190585,3.034702258110048,3.034702258110048,2.2577177941799165,2.2577177941799165,-0.1757000217665911,0.4014789817812983,1.0366197848565677,0.5016776772270668,0.6474002504896725,0.5737418299322123,-0.003568812687833711
-0.2395600415018419,0.46309955272736797,1.08,-0.1497583392553487,0.40550563168616194,1.0135080423851606,0.025560328767160467,0.0038304256655855573,-0.020389025730211063,-0.034501401015737454,-0.45317988512617996,0.5923490907983957,0.18716637031111064,0.05600273792235619,0.2944201385906888,1.0626831314830951,-0.4383647758754505,0.050538588030824366,0.29579375369218447,-0.4257825116843817,0.24707879286366558,0.09197979579797415,-0.2714651861835043,0.6973077406605452,0.054941017031947065,0.5645743846893311,0.5645743846893311,-0.47082800269126857,-0.47082800269126857,4.196197104454042,4.196197104454042,-0.4300878405570987,-0.4300878405570987,2.9358414518833174,2.9358414518833174,2.218421417474747,2.218421417474747,-0.17531866802250917,0.4016752060205764,1.0338970681153716,0.47962934444401406,0.6652495899142712,0.572088764617859,0.010635810505614657
-0.23955805510360934,0.4625108591712281,1.08,-0.14834214772321708,0.40471320929772114,1.0104615721523313,0.026125221431087448,0.0030965489603599905,-0.01975591173385416,-0.03686821591187823,-0.4895981993085404,0.6069497350036462,0.1649256610783627,0.07003285230528383,0.2996853396266104,1.0448607554409302,-0.4054833015512004,0.05411399079514683,0.2896262236002089,-0.4579802672793634,0.31140454729097955,0.12087743246968809,-0.4258276749574847,0.6162189060592768,0.08690310583756525,0.5910266518592835,0.5910266518592835,-0.5663529098033901,-0.5663529098033901,4.194130444526674,4.194130444526674,-0.42539006471633944,-0.42539006471633944,2.836582218408586,2.836582218408586,2.19537365436554,2.19537365436554,-0.17446736915430452,0.40161666033736115,1.0302174838861855,0.45706755733115956,0.6833474745398601,0.568774575392089,0.024919058226011037
-0.23955773111415862,0.46155080671184506,1.08,-0.14637948032224563,0.4034067782384621,1.0065760856368635,0.026559319641211693,0.002331211442551606,-0.01890899882202013,-0.04067794693836232,-0.5368898407198459,0.6212582047953388,0.14112364431910976,0.08739351187809463,0.3063915293481478,1.0192290614628272,-0.37903530204149727,0.059471032974366456,0.28460143002066973,-0.4864022226469087,0.381122943156881,0.15132634201123846,-0.58164933543011,0.44843709860599856,0.12596617065700924,0.6079113841056825,0.6079113841056825,-0.6316764950752255,-0.6316764950752255,4.119344770908357,4.119344770908357,-0.40214571952819855,-0.40214571952819855,2.758729444742204,2.758729444742204,2.156863743066788,2.156863743066788,-0.17293879996345732,0.4010755667959105,1.0254850844588836,0.43563997985142666,0.7007234726716989,0.5636806388677428,0.0383217975520076
-0.2395649533473319,0.4599855701464524,1.08,-0.1437270642612578,0.4012474977883872,1.0018101319235837,0.026788180884554785,0.0015213810077700507,-0.017841997529387532,-0.047011968233488,-0.5970087019260111,0.6352029225826983,0.11597907707607596,0.10794652382440344,0.31357285359899423,0.9852343496605068,-0.36090028141090136,0.06689218125384291,0.2724980376686988,-0.5188344717868597,0.4329621115145355,0.13352057010265755,-0.7631008220912451,0.28392521530620335,0.16811282281140005,0.6598359465599061,0.6598359465599061,-0.629991817474365,-0.629991817474365,4.135812461376191,4.135812461376191,-0.4793807446956638,-0.4793807446956638,2.6727365303039563,2.6727365303039563,2.089898711442948,2.089898711442948,-0.1705152451458126,0.39972611678061715,1.0196521294529712,0.41667922297743754,0.7168611423159003,0.5567160082464749,0.0505550584864885
-0.23961161216444066,0.4566882000210593,1.08,-0.13997217069875334,0.39662146573235707,0.9956052241195396,0.02669258916896461,0.0004881738597830032,-0.016438359915676437,-0.0602658179567916,-0.6790981392219697,0.6483577448489166,0.08862606856258849,0.13057594882792276,0.3187404287854736,0.9416662632529972,-0.3509100399627072,0.07649466527902839,0.25535970811790926,-0.5692349519622538,0.46831881398370756,0.07771631032092789,-0.9574003896303058,0.12235616761292037,0.2138697652659466,0.7112460732460023,0.7112460732460023,-0.7234208524227139,-0.7234208524227139,4.135685056447984,4.135685056447984,-0.5440457880496982,-0.5440457880496982,2.574736921787263,2.574736921787263,2.002087408304215,2.002087408304215,-0.16666475986771795,0.39613329187257407,1.012043584035216,0.40163664834065727,0.7319851370199005,0.546782460132259,0.06256758892074525
-0.2397704305220555,0.4515242915035591,1.08,-0.13491420333320725,0.3891873074973154,0.9883375763311606,0.02616451319152563,-0.0007487550274321575,-0.01470740741075316,-0.08078574805089972,-0.7822397233962969,0.660949674715759,0.0589789325310761,0.15501922984026129,0.3209479274410384,0.8891897518926035,-0.34890089844581024,0.08852644090430434,0.2489337097686408,-0.6103772133873504,0.5047224133255553,0.015790736098672292,-1.11987357249422,-0.032697912312967536,0.2647025390396289,0.7716418385505678,0.7716418385505678,-0.8198471486568448,-0.8198471486568448,4.083348006010056,4.083348006010056,-0.6148233950138094,-0.6148233950138094,2.48128312110901,2.48128312110901,1.9864289820194247,1.9864289820194247,-0.16107871652473288,0.38993606252474755,1.0030449837419138,0.3909805104030465,0.7458252845017052,0.5341093727311176,0.0748736498622579
-0.2401196753454502,0.4450205159910591,1.08,-0.12859787944943238,0.37947433028797933,0.9808397043097733,0.0251906643739771,-0.002110423532965311,-0.012795508937161526,-0.10648584069741543,-0.9006122085643073,0.6734211887479189,0.027514319795825425,0.18132925337149663,0.32045754913455865,0.8295992184388139,-0.35432857050859917,0.10325489360809739,0.25039764013614624,-0.6428201064612451,0.5418367281562037,-0.030370375931217896,-1.2426265951158748,-0.17836200128451002,0.32081254740252446,0.8210680842399599,0.8210680842399599,-0.9054336965084073,-0.9054336965084073,4.069814443588258,4.069814443588258,-0.6529283642768863,-0.6529283642768863,2.387177907228471,2.387177907228471,1.9592348694801334,1.9592348694801334,-0.15378854382340948,0.38158475382094464,0.9936352132469348,0.3843576522939251,0.7579026280664093,0.5197730855399215,0.08768546653489238
-0.24070281486272804,0.43780278126306466,1.08,-0.12121513559218379,0.3681776086401833,0.9738891146169033,0.0237881315934899,-0.003477855802988483,-0.010840368265443212,-0.13495236359356727,-1.0284574679677372,0.6860548652205337,-0.005334087990199888,0.20934129064332263,0.3180201471753654,0.7649380972267587,-0.3669858363718461,0.12078297887743392,0.2555163744504751,-0.665821166274238,0.5720676931027205,-0.0637714822168948,-1.324179537730936,-0.3219492272404649,0.37587594469505003,0.8070636272430421,0.8070636272430421,-0.9966938257217405,-0.9966938257217405,3.988914072513581,3.988914072513581,-0.6351883888244632,-0.6351883888244632,2.3002538311481486,2.3002538311481486,2.0290503144264225,2.0290503144264225,-0.1450032671856737,0.37165546444317177,0.9847294828823465,0.3813237283221014,0.7677749580726684,0.5048779269991536,0.10105496922013252
-0.2415053166752813,0.43048639965433394,1.08,-0.11305236020934599,0.35607120623788274,0.9680837483224183,0.022020134714172038,-0.004736098963473434,-0.00897307646747425,-0.16378690108029212,-1.160572749279828,0.6988245679296325,-0.038737934180101304,0.23874789303535449,0.3145788372067277,0.6971364755739298,-0.38675433214893284,0.1410505252737351,0.25625513002880423,-0.666428335244733,0.5976751312525376,-0.07242357250524396,-1.3713396779727325,-0.4628668246083392,0.43005209215430584,0.7510382711887361,0.7510382711887361,-1.0029644846916197,-1.0029644846916197,4.0201078414917,4.0201078414917,-0.5517921447753908,-0.5517921447753908,2.203969477415086,2.203969477415086,2.1083392739295963,2.1083392739295963,-0.13507249492351803,0.3608073052013562,0.9770568247898925,0.38157280262819204,0.7750420383035241,0.49042691625537005,0.11486285286825118
-0.2424514516382027,0.4236358065577548,1.08,-0.10446495555927213,0.34400214955621145,0.9638046869032129,0.020000910711504408,-0.0057895943699319274,-0.007304558327924315,-0.19080317180004974,-1.2920105964830788,0.711576336261523,-0.07154753081864079,0.2692700400810189,0.31118759232090715,0.6277957326382071,-0.413494015513173,0.16395279280705943,0.2541151206021669,-0.6433803254132012,0.6166460330449484,-0.0630402696803453,-1.3886670756380743,-0.6008865278973029,0.48085064678990036,0.7118804275989534,0.7118804275989534,-0.9876294016838072,-0.9876294016838072,4.063307535648346,4.063307535648346,-0.47038114070892356,-0.47038114070892356,2.108442782163621,2.108442782163621,2.1825521349906927,2.1825521349906927,-0.12446586627077653,0.3497917439261434,0.9711092452311372,0.3848174118065968,0.7794187117681328,0.47730165856837165,0.12886100280557372
-0.243413914753268,0.4177640541398135,1.08,-0.09505472636575019,0.3327743357994739,0.9610611283737586,0.018854590925872328,-0.006643550057110981,-0.006001901926020903,-0.21382539640191747,-1.427565779990487,0.7243653791063412,-0.10211254373419039,0.3002848101936777,0.30865957328361154,0.5584886310252153,-0.44683372545302774,0.18935547030429448,0.2729701993565863,-0.5569073897842335,0.6115298460355475,-0.011774409661022361,-1.3548878974904721,-0.711608607517311,0.5412178609055783,0.656205052137375,0.656205052137375,-0.9552767515182493,-0.9552767515182493,3.9736671447753906,3.9736671447753906,-0.4683523774147036,-0.4683523774147036,2.0155441629886637,2.0155441629886637,2.2159588575363163,2.2159588575363163,-0.11390931729162251,0.3394178858565849,0.9670630302997795,0.39084130674261514,0.7807457130143844,0.4662069369704716,0.14258434862914002
-0.2440678488058038,0.4141957327792491,1.08,-0.08335351730867958,0.324515530987434,0.9600005929562887,0.022333681650114456,-0.007758034781638334,-0.005011650455439831,-0.2277947714389948,-1.5722272555262575,0.7386980679088889,-0.1268325300456908,0.33061687990647504,0.31073305380132116,0.49245514599047285,-0.484208151625414,0.21846053957112968,0.2950899010800923,-0.4400102810411469,0.5937687114215785,0.08400147556063105,-1.2904818629028059,-0.7824228353035761,0.6119152268457254,0.5661745786666872,0.5661745786666872,-0.9371796965599059,-0.9371796965599059,3.8979141414165497,3.8979141414165497,-0.3780937790870669,-0.3780937790870669,1.923375164270402,1.923375164270402,2.205295622348786,2.205295622348786,-0.10568719895879404,0.33227356576907235,0.9650122434117285,0.3967858237880141,0.7797028759846295,0.45908924529439654,0.1544716805022399
-0.2441856776687682,0.4135817007608703,1.08,-0.08272840385218432,0.32332163467152475,0.9600021928163497,0.021976325130022303,-0.00862040753881732,-0.003714099073148569,-0.2298086636663337,-1.5763176113467876,0.7579882606461426,-0.1383553058109329,0.35635436143880805,0.3240704703445202,0.43331209473626703,-0.5225231498607548,0.2523615734549313,0.38923427169378855,-0.16427018840989854,0.4757392023113701,0.3115630014779046,-1.1653943580534265,-0.7971950507991152,0.6978516526029851,0.4850333869457247,0.4850333869457247,-0.9337912678718565,-0.9337912678718565,3.803682231903076,3.803682231903076,-0.3270904660224917,-0.3270904660224917,1.8341218996047983,1.8341218996047983,2.2855500578880314,2.2855500578880314,-0.10470472898220662,0.33194204221034207,0.9637162918894983,0.3988284360593945,0.7785216652816436,0.45723389538105474,0.16055235965933642
-0.24426209618314543,0.4131877531278407,1.08,-0.08483487409574067,0.32304145676716234,0.9600085942738887,0.020859181026808435,-0.00916312250475726,-0.002421543473338117,-0.2314670191794594,-1.5566832391261594,0.7761784141819356,-0.1447705381694569,0.37960665235902474,0.3403767621126273,0.37538930067027365,-0.5644611559777041,0.28815398993984975,0.33484750584587647,-0.10045941912821292,0.45178978058223696,0.3328110621838216,-1.1480718960402017,-0.8792385530709095,0.7290165589169174,0.38886285424232503,0.38886285424232503,-1.0170263051986692,-1.0170263051986692,3.727682411670685,3.727682411670685,-0.314392149448395,-0.314392149448395,1.7380574572086345,1.7380574572086345,2.3802440524101263,2.3802440524101263,-0.1056940551225491,0.3322045792719196,0.9624301377472269,0.40246456044115125,0.7760994965619644,0.4563622540640493,0.16560598446540642
-0.24444236458554264,0.4122712875222433,1.08,-0.08609476145778955,0.32169026463493744,0.9600219228536622,0.020142319480031007,-0.009752486492944579,-0.0015766772611357505,-0.2352044057994408,-1.5493149665146593,0.7909442073145848,-0.148102386765913,0.40180455046088437,0.3575626518461558,0.3183924763058447,-0.6104704997388717,0.3254320774799342,0.25937284510019826,-0.03380844248858455,0.43504608195139655,0.35139151497255755,-1.120023317020657,-0.9567536578589125,0.760897018195938,0.28989388942718525,0.28989388942718525,-1.0130745291709897,-1.0130745291709897,3.686764419078827,3.686764419078827,-0.2655774474143984,-0.2655774474143984,1.6388250100612651,1.6388250100612651,2.46883271932602,2.46883271932602,-0.10623708093782055,0.331442751127882,0.9615986001147979,0.4092775023665473,0.7713566608451378,0.4560985455681281,0.17168268566479966
-0.24471183402985736,0.41093321288158313,1.08,-0.08613568608941091,0.31935978442108653,0.9600090376409125,0.019870708005157833,-0.01028184950002925,-0.0013614619261533845,-0.24065688980829672,-1.5576255415977673,0.8015982056609063,-0.14835678516183182,0.4231032177740397,0.3756566594144347,0.26307157822083005,-0.6601544816137032,0.3642424418543059,0.17063830893788406,0.023025630460807616,0.4097013778213697,0.3714615650697422,-1.088652453954547,-1.0272277466456012,0.7838925103842093,0.19834847450256365,0.19834847450256365,-1.110669785737991,-1.110669785737991,3.6090628623962404,3.6090628623962404,-0.22048311233520532,-0.22048311233520532,1.5428496170043957,1.5428496170043957,2.5639834284782417,2.5639834284782417,-0.10600639409456875,0.3296416339211158,0.9613704995670659,0.4191450478223666,0.7639884523706555,0.45668844233691136,0.17909422147618845
-0.2451471821750113,0.40884553244846156,1.08,-0.08572961225013467,0.31560576699864024,0.960000603329376,0.019810257022612937,-0.010948820550568394,-0.0012986273232458156,-0.24903228659554302,-1.5743964435072961,0.8081092483482641,-0.14484780026298288,0.44235545848216906,0.39480419025793473,0.20987763191590353,-0.712801900396637,0.4038512416706659,0.11243200321250893,0.14412144303398602,0.3567087833390777,0.40751174614199354,-1.0082734943741254,-1.0631809577756879,0.810605629347461,0.10627617239952106,0.10627617239952106,-1.1808292448520656,-1.1808292448520656,3.545198082923889,3.545198082923889,-0.2649307966232302,-0.2649307966232302,1.458456133604051,1.458456133604051,2.6248878121376045,2.6248878121376045,-0.10553986927274761,0.32655458754920863,0.9612992306526218,0.43196800975279903,0.7543377237651189,0.45740512501999414,0.1875067696391472
-0.24557041870432428,0.4068950749928346,1.08,-0.08707298414361493,0.31245144558944493,0.9600001162379506,0.019397897291298732,-0.011810379779007396,-0.0013827682989360213,-0.25692670079045626,-1.5722884956099008,0.8119755987312662,-0.1347140722607936,0.45894255708846066,0.41582539773615895,0.16135273906207873,-0.7666892462281961,0.445060734757393,0.0404515317054948,0.2466181235588888,0.3068418355314156,0.42327574061016204,-0.9340988733717661,-1.0942794039186399,0.8320483390616519,0.014585715532303034,0.014585715532303034,-1.274142616987228,-1.274142616987228,3.4946228325366975,3.4946228325366975,-0.2611828207969668,-0.2611828207969668,1.3595611917972577,1.3595611917972577,2.7006533980369576,2.7006533980369576,-0.10647088143491366,0.3242618253684523,0.9613828845368866,0.44629833572457356,0.7425757529036932,0.45967368714760837,0.1951900306704007
-0.24613506347212089,0.4044006262584176,1.08,-0.08865924121863603,0.3083874802973126,0.9600000340517025,0.018955380923911663,-0.012849097069128623,-0.0014834028989589854,-0.26704232639775566,-1.5716358554253054,0.811760027103181,-0.12013252145892157,0.4730940367061547,0.4373162936617807,0.11628310373714144,-0.8220307280776421,0.4872138791865341,-0.0437841808738548,0.3324562268042225,0.2585777570091675,0.4337598771760446,-0.8629619158470175,-1.1173719727088582,0.852240843200716,-0.08148922920227034,-0.08148922920227034,-1.3634856343269346,-1.3634856343269346,3.4070200860500335,3.4070200860500335,-0.20924276113510157,-0.20924276113510157,1.2605848836898816,1.2605848836898816,2.743985307216645,2.743985307216645,-0.10761462214254769,0.32123657736644123,0.9614834369506615,0.46295161330167145,0.7284589525761945,0.46223440572006924,0.20337824938175586
-0.24684224120166895,0.4014287733037301,1.08,-0.09052197915794746,0.3035345821497495,0.9600000394179964,0.018421102553720814,-0.014001065653474254,-0.0015979798929647293,-0.27909388197018264,-1.5717114040792821,0.8075102811818476,-0.10141509006586581,0.4848371531190846,0.4595088177136505,0.07486811831780107,-0.8781347836611959,0.5305006392073057,-0.12211727074903563,0.4118408146764332,0.21062782820404874,0.44929466987681355,-0.7888431715303672,-1.1257379885386127,0.8771755611541959,-0.1700883746147154,-0.1700883746147154,-1.4612653017044066,-1.4612653017044066,3.3397510945796967,3.3397510945796967,-0.13531208038330103,-0.13531208038330103,1.1645796644687665,1.1645796644687665,2.8319914937019353,2.8319914937019353,-0.10894308171166828,0.31753564780322374,0.9615980193109611,0.4813006514581194,0.7121140883023405,0.46500188711411905,0.21217081120555795
-0.2476955003185356,0.3980371160686827,1.08,-0.09271109696584733,0.29800269105738336,0.9600000621703985,0.017772664986065292,-0.015237466407201083,-0.0017252281429268601,-0.2928779269174134,-1.5719482746173767,0.7994447716392479,-0.07897887434017418,0.4941666654412405,0.48263300949836596,0.03711808689440006,-0.9342954408940302,0.575149562582923,-0.19644591097069608,0.4809803113224011,0.1618514027534861,0.4718761374887455,-0.7171471985326632,-1.1201274005889603,0.9066272193754149,-0.26540333032608016,-0.26540333032608016,-1.5225617766380308,-1.5225617766380308,3.2629784047603607,3.2629784047603607,-0.04570987224578882,-0.04570987224578882,1.0679245638847363,1.0679245638847363,2.930825698375702,2.930825698375702,-0.11048376195191262,0.31324015746458445,0.9617252903133253,0.5006280936299895,0.6937789712502781,0.46787730873269023,0.22165981794714937
-0.05479115631103526,-0.2417475891113281,0.10886603271484374,1.17681087310791,1.365548617248535,0.0,-0.10687345214843802,0.0,-0.04602037446867402,0.003835031205722974,0.0,-0.03451528085150676,0.0,0.0,0.0030679615757712823,-0.0015339807878858025,-0.0046019423636574075,-0.0030679615757712823,3.9898913757007595,3.9898913757007604,2.4988547034657094,2.4973207226778236,6.24177517231688,6.250979057044194,0.0046019423636574075,-0.00613592315154321,-0.13706588600026215,0.2269112000734485,1.0210098987332155,-0.01857157594043891,0.6388493231397266,-0.3345233629209357,0.6925465750049377,-0.31498644,0.41614122,0.95572559,-0.23080879,0.36672512,0.87658621,-0.09374290399973786,0.1398139199265515,-0.14442368873321543,0.0,0.0
-0.05479115631103526,-0.24251457946777344,0.10809904235839843,1.1791118441772457,1.365548617248535,-0.0030606151655643288,-0.10687345214843802,0.0,0.0,0.0,0.0,0.0,-0.0,0.0,0.0030679615757712823,-0.0015339807878858025,-0.013805827090971334,-0.0030679615757712823,3.976085548609789,3.9837554525492176,2.4988547034657094,2.4973207226778236,6.24177517231688,6.250979057044194,0.003067961575771605,-0.00613592315154321,-0.13843016107169337,0.2222054353005862,1.0157342013960533,-0.02614840500749713,0.6376366209156134,-0.33998942565404416,0.6907553771244315,-0.31498644,0.41614122,0.95572559,-0.23080879,0.36672512,0.87658621,-0.09237862892830664,0.14451968469941381,-0.13914799139605327,0.0,0.0
-0.05479115631103526,-0.24136409393310548,0.10886603271484374,1.187932233276367,1.3525097811889648,-0.05061401959001932,-0.11454335571289098,0.0,0.011504737998351972,0.0076698253322347405,0.07669825332235018,-0.12271720531575585,-0.45563672,-0.07669825332234574,0.023009711818284616,0.015339807878856249,0.004601942363656519,0.01840776945462769,3.931600105761105,3.9423379712763054,2.5326022807991935,2.529534319223422,6.215697498922824,6.218765460498596,-0.018407769454627854,-0.0322135965455983,-0.13843016107169337,0.2222054353005862,1.0157342013960533,-0.02614840500749713,0.6376366209156134,-0.33998942565404416,0.6907553771244315,-0.31498644,0.41614122,0.95572559,-0.23080879,0.36672512,0.87658621,-0.09237862892830664,0.14451968469941381,-0.13914799139605327,0.0,0.0
-0.05479115631103526,-0.23292720001220701,0.09851166290283203,1.2262817510986324,1.3164612344360351,-0.13498296292372958,-0.16439772888183635,0.0,0.06902790821526578,-0.07669767579473917,0.1994139570663209,-0.161065119168952,-0.40767496,-0.28761628423027447,0.08743690490948156,0.07976700097005285,0.07669903939428213,0.08897088569736718,3.845697181639509,3.857969027942595,2.612369281769247,2.6093013201934756,6.1451343826800855,6.151270305831628,-0.0966407896367949,-0.11198059751565204,-0.14168366274932398,0.2213684136920651,1.0112640533069082,-0.029378638118400278,0.6546981073232703,-0.3430465604655537,0.6729237261699048,-0.31498644,0.41614122,0.95572559,-0.23080879,0.36672512,0.87658621,-0.08912512725067603,0.1453567063079349,-0.13467784330690813,0.0,0.0
-0.044820281677246276,-0.21375244110107422,0.08125437988281248,1.2604128219604491,1.3072573501586913,-0.22088588704532564,-0.21540258758544972,0.09587056275899254,0.07286162769683494,-0.08820091773827417,0.15339290041439071,-0.0038348225103598792,-0.45563672,-0.24926346317338327,0.15953400194010667,0.14879613642490686,0.15186409800067846,0.16260196351587797,3.7628622190936847,3.77513406539677,2.693670263527186,2.6921362827393,6.117522728498143,6.120590690073914,-0.17333982903107703,-0.19021361769781997,-0.16024420999991384,0.22086093385872224,0.9958409076233462,-0.059332507058013795,0.6879462889177385,-0.35644826169908383,0.6294078120759417,-0.31498644,0.41614122,0.95572559,-0.23080879,0.36672512,0.87658621,-0.07056458000008617,0.14586418614127777,-0.11925469762334617,0.0,0.0
-0.016058143310547113,-0.18767476898193358,0.0758854473876953,1.2933934072875974,1.2838641442871093,-0.27457521462132295,-0.2656404559326173,0.141950943132425,0.16497001499173883,-0.019182559882760346,0.14962396708553166,-0.19566211080415594,-0.16786616,-0.28773839824140224,0.23930100291016002,0.2316310989707313,0.2300971181828455,0.2423689644859313,3.6769592949720886,3.69076512206306,2.767301341345697,2.7642333797699252,6.077639228013117,6.080707189588889,-0.2577087723647873,-0.2715145994557586,-0.18272860371692978,0.2319648450001066,0.9904938218503452,-0.08270637634742763,0.7230276264563645,-0.3536597940970191,0.5876354794697198,-0.31498644,0.41614122,0.95572559,-0.23080879,0.36672512,0.87658621,-0.04808018628307023,0.1347602749998934,-0.11390761185034515,0.0,0.0
0.015004966125488073,-0.15891263061523436,0.07013301971435545,1.3213885552978515,1.2524175396728516,-0.34207036928829115,-0.31472783874511734,0.1303387210937749,0.09967078671876883,-0.038334917968757244,0.13800570468752663,-0.1763406226562808,-0.45563672,-0.23767649140629463,0.33133985018329853,0.3221359654559848,0.3037281960013569,0.31600004230444206,3.5833864669110644,3.5987262747899216,2.837864457588436,2.8347964960126646,6.005542130982492,6.011678054134034,-0.3390097541227268,-0.3574175235773547,-0.20519674016210065,0.24757298282219067,0.9854994868989251,-0.11908750577836674,0.7403700363207517,-0.3481648832920798,0.562540300181337,-0.31498644,0.41614122,0.95572559,-0.23080879,0.36672512,0.87658621,-0.02561204983789936,0.11915213717780934,-0.10891327689892505,0.0,0.0
0.05335448394775377,-0.14280583312988282,0.05057476562499999,1.3769953561401365,1.1922087966918946,-0.4264393126220014,-0.3795385238647464,0.13806620572831038,0.04985724095744507,-0.06903310286415491,0.20709930859246334,-0.20709930859246334,-0.40767496,-0.1879234466857574,0.42337869745643697,0.41570879351700896,0.3696893698804393,0.38196121618352463,3.492881600425812,3.5097553890925544,2.9667188437708303,2.9636508821950587,5.884357648739526,5.887425610315297,-0.41110685115335155,-0.4295146206079794,-0.24194593191143088,0.26379657784180344,0.9749765670906185,-0.17695302479599273,0.7681710853577424,-0.3455632997907182,0.509103934843964,-0.31498644,0.41614122,0.95572559,-0.23080879,0.36672512,0.87658621,0.011137141911430865,0.10292854215819658,-0.0983903570906185,0.0,0.0
0.07866516571044913,-0.1297669970703125,0.04482233795166014,1.4126604077148435,1.156160249938965,-0.5077402943799405,-0.3883589129638674,0.11504402878514453,0.07286121823059158,-0.02300880575702896,0.15722683933969916,-0.18023564509672452,-0.40767496,-0.046017611514055146,0.5077476407901472,0.5000777368507192,0.4295146206079794,0.440252486123179,3.428454407334615,3.446862176789243,3.040349921589341,3.040349921589341,5.804590647769473,5.810726570921015,-0.44485442848683565,-0.4617282171535786,-0.2718041488141988,0.26439773678946166,0.9635631579586235,-0.22224214141610735,0.7828623025162077,-0.34835904108489596,0.4651677378884058,-0.31498644,0.41614122,0.95572559,-0.23080879,0.36672512,0.87658621,0.040995358814198773,0.10232738321053836,-0.08697694795862343,0.0,0.0
0.10282536193847647,-0.10100485870361328,0.043671852416992174,1.432985652160644,1.1254806356811522,-0.5690995258953659,-0.4416647427368168,0.11888533370545576,0.15723544135237702,-0.011505032294076376,0.08820524758791763,-0.14956541982299387,-0.2398088,-0.2262656351168347,0.5921165841238575,0.5829126993965437,0.4970097752749476,0.5092816215780328,3.3655611950313036,3.379367022122275,3.0925052683774528,3.0955732299532235,5.735561512314619,5.740163454678276,-0.5092816215780331,-0.5292233718205468,-0.29541463609766533,0.26783006187076697,0.9575624365068187,-0.25084008079951614,0.7945875682251369,-0.3427524929707578,0.433855481524535,-0.31498644,0.41614122,0.95572559,-0.23080879,0.36672512,0.87658621,0.06460584609766531,0.09889505812923305,-0.08097622650681868,0.0,0.0
0.13043701477050762,-0.08451456604003907,0.040220395812988266,1.4613642953491208,1.110140828552246,-0.6350606997744488,-0.4922861062622075,0.14957148503999307,0.06136266052922843,-0.019175831415383884,0.17258248273845678,-0.023010997698459275,-0.3597132,-0.24928580839999065,0.6826214506091104,0.6718835850939104,0.5767767762450005,0.5859806609723149,3.278124290121822,3.2949980787885647,3.1569324614686494,3.1600004230444205,5.701813934981135,5.703347915769021,-0.6013204688511715,-0.6181942575179136,-0.31372336065915213,0.2751021583140994,0.955743626429819,-0.28697369511318355,0.796810787612213,-0.3432775674100443,0.4060777989141155,-0.31498644,0.41614122,0.95572559,-0.23080879,0.36672512,0.87658621,0.08291457065915211,0.09162296168590062,-0.079157416429819,0.0,0.0
0.15344672546386695,-0.05843689392089844,0.02833204528808593,1.4985633276367185,1.0901990792846679,-0.7086917775929593,-0.5375385372924808,0.13422514455115106,0.1610701734613834,-0.06519507021055997,0.2147602312818435,-0.13806014868118638,-0.33573232,-0.19175020650164945,0.7685243747307062,0.7577865092155065,0.6488738732756261,0.65807775800294,3.196823308363883,3.2106291354548544,3.2474373279539024,3.247437327953902,5.6603964537082225,5.66499839607188,-0.6780195082454537,-0.6964272777000815,-0.33683013984271015,0.2800296829318925,0.955532010777024,-0.32568876248182943,0.8008839766611475,-0.33836264641597563,0.37151366789239193,-0.31498644,0.41614122,0.95572559,-0.23080879,0.36672512,0.87658621,0.10602134984271014,0.0866954370681075,-0.07894580077702396,0.0,0.0
0.17607294097900383,-0.0404126205444336,0.015293209228515611,1.5338448840332028,1.0614369409179687,-0.7685170283204994,-0.5555628106689454,0.11883270901922599,0.09583282985421455,-0.06133301110669736,0.12266602221339472,-0.14566590137840485,-0.26378967999999997,-0.08049957707753876,0.8866408953979006,0.8759030298827009,0.7654564131549346,0.77772825945802,3.0725708645451464,3.0863766916361177,3.3226023865602987,3.324136367348184,5.602105183768568,5.606707126132225,-0.7485826244881926,-0.7669903939428204,-0.3653712707502573,0.28536601372775927,0.9575810717370927,-0.36560847961936077,0.8027029270068531,-0.32882233875459765,0.337452693189737,-0.31498644,0.41614122,0.95572559,-0.23080879,0.36672512,0.87658621,0.1345624807502573,0.08135910627224074,-0.0809948617370927,0.0,0.0
0.1910292529296873,-0.016252424316406257,0.009924276733398428,1.564141003112793,1.0284563555908202,-0.8329442214116964,-0.6034997079467774,0.07671882756766775,0.1342579482434175,-0.01150782413515008,0.1534376551353355,-0.1687814206488695,-0.33573232,-0.22248459994623404,0.9602719732164114,0.9510680884890972,0.8329515678219028,0.8436894333371027,2.988201921211436,3.003541729090293,3.3962334643788097,3.397767445166695,5.528474105950057,5.533076048313714,-0.7900001057611048,-0.8084078752157335,-0.39122727363211557,0.28536070861189056,0.9568606801615791,-0.3968662381865356,0.8015095121843827,-0.3228334055117127,0.3096098886523666,-0.31498644,0.41614122,0.95572559,-0.23080879,0.36672512,0.87658621,0.16041848363211555,0.08136441138810946,-0.08027447016157907,0.0,0.0
0.21173799255371084,-0.003980578613281258,0.008006800842285146,1.5932866366577145,0.989723342590332,-0.8989053952907793,-0.6537375762939455,0.0997076994070483,0.05368876121917904,-0.01917455757827825,0.11504734546966923,-0.17640592972015964,-0.26378967999999997,-0.256939071548929,1.0415729549743504,1.0323690702470358,0.9035146840646426,0.9173205111556134,2.9130368626050394,2.9283766704838965,3.457592695894235,3.4591266766821205,5.451775066555776,5.457910989707318,-0.9249904150950412,-0.9403302229738983,-0.4113407946646829,0.28421862514495366,0.957156385618283,-0.4322773259018799,0.7962513043688905,-0.32316117573539,0.2732892758585323,-0.31498644,0.41614122,0.95572559,-0.23080879,0.36672512,0.87658621,0.18053200466468286,0.08250649485504635,-0.08057017561828295,0.0,0.0
0.23129624664306636,0.02171359832763671,0.003788353881835932,1.6247332412719722,0.9532913006591797,-0.9648665691698617,-0.7070434060668949,0.09583181830261245,0.13799781835576005,-0.015333090928417791,0.20316345480153422,-0.19549690933732727,-0.38369408,-0.260662545783103,1.1290098598838318,1.118271994368632,0.9802137234589248,0.9909515889741243,2.8317358808471007,2.845541707938072,3.532757754500632,3.534291735288517,5.370474084797836,5.376610007949379,-0.9710098387316108,-0.9863496466104671,-0.4286826693414002,0.27621077749975265,0.953296314756439,-0.4711476160830958,0.7806179897841968,-0.3316510287355631,0.2422046098304861,-0.31498644,0.41614122,0.95572559,-0.23080879,0.36672512,0.87658621,0.1978738793414002,0.09051434250024737,-0.07671010475643891,0.0,0.0
0.25967488983154285,0.04357282348632811,-0.003114559326171884,1.6642332446289059,0.9137912973022461,-1.0430995893520287,-0.7446259335327152,0.1457262630823518,0.10737724648173215,-0.04218391826068054,0.1687356730427194,-0.17640547636284562,-0.38369408,-0.2032497879832819,1.217980745581199,1.2087768608538854,1.0415729549743498,1.0523108204895497,2.7596387838164755,2.771910630119561,3.6109907746827994,3.6125247554706847,5.290707083827783,5.29530902619144,-1.0492428589137788,-1.0599807244289785,-0.44861001677084006,0.2732535731754345,0.9550769923056178,-0.5082122374902424,0.7679419106572345,-0.3321516859848411,0.20410977688171889,-0.31498644,0.41614122,0.95572559,-0.23080879,0.36672512,0.87658621,0.21780122677084005,0.09347154682456549,-0.07849078230561779,0.0,0.0
0.28306809570312486,0.06504855346679686,-0.011551453247070319,1.7014322769165036,0.880427216796875,-1.1596821292313382,-0.7986987536621095,0.10738486104270596,0.09204416660803402,-0.03451656247801281,0.2109345484767437,-0.17641798599873185,-0.38369408,-0.24928628456342597,1.3054176504906807,1.2962137657633663,1.1029321864897756,1.1152040327928612,2.684473725210079,2.6967455715131647,3.693825737228624,3.695359718016509,5.212474063645615,5.2186099867971585,-1.1857671490356,-1.1965050145508007,-0.47185342833856647,0.2672402268753023,0.9562436650657054,-0.5448125353142956,0.7511487267846816,-0.3321421100257381,0.16922325597213836,-0.31498644,0.41614122,0.95572559,-0.23080879,0.36672512,0.87658621,0.24104463833856646,0.09948489312469772,-0.07965745506570532,0.0,0.0
0.3037768353271484,0.0803883605957031,-0.013085433959960945,1.7440002416992186,0.8497476025390625,-1.230245245474077,-0.8462521557617189,0.09973781093337616,0.0882296019795237,0.0,0.19563955221546855,-0.11891815918979286,-0.33573232,-0.22632810942573436,1.385184651460734,1.37598076673342,1.1796312258840578,1.1903690913992575,2.641522263149281,2.6553280902402525,3.784330603713877,3.7843306037138764,5.151114832130189,5.155716774493847,-1.2762720155208536,-1.2839419194602817,-0.4935158068492468,0.25999035267588266,0.9596614273671651,-0.583133068064716,0.7297251208070644,-0.33178663652950785,0.1318131283787119,-0.31498644,0.41614122,0.95572559,-0.23080879,0.36672512,0.87658621,0.2627070168492468,0.10673476732411735,-0.08307521736716506,0.0,0.0
0.3198836328124999,0.10991748931884764,-0.012701938781738288,1.7819662643432612,0.8259709014892578,-1.308478265656245,-0.8857521591186526,0.08439430307283076,0.1572802920902738,0.003836104685128633,0.18029692020104338,-0.11124703586872993,-0.43165583999999996,-0.11891924523898748,1.4588157292792447,1.4480778637640448,1.2670681307935396,1.2793399770966247,2.641522263149281,2.6553280902402525,3.8671655662597013,3.8702335278354725,5.102027446917849,5.105095408493621,-1.3314953238847362,-1.3360972662483936,-0.509704292838057,0.2506666203454494,0.9616013173580278,-0.6169513283538525,0.7052769610607488,-0.33408076035213174,0.10171289103094831,-0.31498644,0.41614122,0.95572559,-0.23080879,0.36672512,0.87658621,0.278895502838057,0.11605849965455062,-0.08501510735802775,0.0,0.0
0.346344800109863,0.1375291421508789,-0.012701938781738288,1.813796364135742,0.7949077920532226,-1.3928472089899553,-0.9221842010498049,0.14189028590797736,0.126550795539549,0.0,0.1227159229474412,-0.16489952146062453,-0.40767496,-0.2300923555264517,1.543184672612955,1.532446807097755,1.3453011509757067,1.3575729972787924,2.641522263149281,2.6537941094523667,3.928524797775127,3.931592759350898,5.034532292250881,5.037600253826652,-1.4035924209153618,-1.4097283440669042,-0.5245074225867169,0.250227143680168,0.9688148147534218,-0.6422722707456576,0.6892145337880392,-0.3274178947615177,0.07257533214865913,-0.31498644,0.41614122,0.95572559,-0.23080879,0.36672512,0.87658621,0.2936986325867169,0.116497976319832,-0.09222860475342176,0.0,0.0
0.3724224722290037,0.1593883673095703,-0.010784462890625006,1.850611901245117,0.7623107019042968,-1.4756821715357797,-0.9785579922485352,0.10738160826565096,0.1035465508275924,0.015340229752235932,0.2224333314074202,-0.14189712520818196,-0.38369408,-0.260783905788007,1.6321555583103222,1.6214176927951227,1.4250681519457604,1.4373399982488457,2.6399882823613954,2.6537941094523667,4.0036898563815235,4.00829179874518,4.967037137583913,4.97163907994757,-1.4956312681885002,-1.5017671913400426,-0.5392768245073001,0.24818718791255498,0.9746967514379488,-0.6657629553023695,0.670684343052374,-0.3244621013671207,0.04082332798649202,-0.31498644,0.41614122,0.95572559,-0.23080879,0.36672512,0.87658621,0.3084680345073001,0.11853793208744504,-0.09811054143794873,0.0,0.0
0.39543218292236304,0.18354856353759763,-0.010017472534179693,1.893946856384277,0.7339320587158202,-1.5569831532937193,-1.029179355773926,0.13806696790181117,0.13423177434898456,0.0,0.19943006474706132,-0.14190216145464166,-0.38369408,-0.27229874225079853,1.7241944055834606,1.713456540068261,1.5079031144915849,1.521708941582556,2.6399882823613954,2.6537941094523667,4.0987966652304335,4.100330646018318,4.905677906068487,4.910279848432144,-1.5876701154616386,-1.5984079809768383,-0.5516490831683282,0.24133583465063946,0.9793882426794374,0.6944813215923578,-0.6414820053036802,0.32578600921196915,-0.007746420634082587,-0.31498644,0.41614122,0.95572559,-0.23080879,0.36672512,0.87658621,0.3208402931683282,0.12538928534936056,-0.10280203267943733,0.0,0.0
0.4268787875366209,0.21192720672607424,-0.007716501464843754,1.9415002584838863,0.7093883673095703,-1.6137404424454878,-1.079417224121094,0.13422000251266822,0.13422000251266822,0.0038348572146476513,0.20708228959097177,-0.08053200150760026,-0.16786616,-0.21091714680561957,1.8131652912808278,1.8039614065535146,1.5800002115222105,1.5938060386131812,2.641522263149281,2.6537941094523667,4.189301531715686,4.192369493291457,4.853522559280375,4.856590520856146,-1.670505078007463,-1.6843109050984344,-0.5640833494130388,0.23532530517611855,0.9855011481066189,0.7205893191181307,-0.6124654642593901,0.32430610925455855,0.021508969351614324,-0.31498644,0.41614122,0.95572559,-0.23080879,0.36672512,0.87658621,0.33327455941303885,0.13139981482388147,-0.1089149381066189,0.0,0.0
0.4475875271606444,0.2364708981323242,-0.007716501464843754,1.9806167666625973,0.684077685546875,-1.6367501542637721,-1.1288881021118167,0.11505165986161292,0.1265568258477741,0.0,0.1725774897924216,-0.1534022131488176,-0.04796176,-0.2569487070242699,1.902136176978195,1.8913983114629955,1.6597672124922633,1.6735730395832344,2.6399882823613954,2.6537941094523667,4.275204455837282,4.275204455837281,4.796765270128606,4.798299250916492,-1.7594759637048298,-1.774815771583687,-0.5772573323382789,0.22949873660832126,0.9916786674971495,0.7505515619460522,-0.57589993627389,0.3222411804270309,0.034237959884672556,-0.31498644,0.41614122,0.95572559,-0.23080879,0.36672512,0.87658621,0.34644854233827893,0.13722638339167875,-0.11509245749714947,0.0,0.0
0.47174772338867177,0.26676701721191404,-0.0019640737915039147,2.0270196832275387,0.6434271966552734,-1.6367501542637721,-1.182960922241211,0.0996621114460831,0.15715948343420535,0.02683210692779123,0.2376558042175792,-0.20699053915724747,-0.0,-0.24148896235012093,1.9865051203119053,1.9773012355845916,1.750272078977516,1.765611886856373,2.6399882823613954,2.6537941094523667,4.365709322322535,4.365709322322535,4.715464288370668,4.720066230734325,-1.851514810977969,-1.8653206380689396,-0.5851310923264799,0.22307794596972347,0.9952060853948717,0.7757987150420996,-0.540180312416644,0.3241148642412622,0.03593241704021615,-0.31498644,0.41614122,0.95572559,-0.23080879,0.36672512,0.87658621,0.3543223023264799,0.14364717403027655,-0.11861987539487162,0.0,0.0
0.48900500640869127,0.2966796411132812,-0.0008135882568359454,2.0707381335449218,0.6142815631103515,-1.5845948074756602,-1.2351162664794924,0.08436985462190791,0.12655478193286018,0.0038349933919048667,0.2224296167304859,-0.13422476871667074,0.31175144,-0.2531095638657215,2.0540002749788733,2.043262409463673,1.8285050991596838,1.8453788878264263,2.641522263149281,2.6537941094523667,4.456214188807788,4.459282150383559,4.6372312681885,4.640299229764271,-1.9450876390389933,-1.9573594853420788,-0.5878680457605141,0.21612698072507613,0.9946930303940931,0.8009719852179752,-0.49578820138957264,0.3348828317216373,0.022168159079320866,-0.31498644,0.41614122,0.95572559,-0.23080879,0.36672512,0.87658621,0.3570592557605141,0.15059813927492388,-0.11810682039409304,0.0,0.0
0.5097137460327146,0.31393692413330077,-0.00043009307861328894,2.1067866802978514,0.5893543765258789,-1.5217015951723494,-1.2930240383911134,0.09969987803373874,0.0651883817912914,0.003834610693605368,0.1380459849697938,-0.09969987803373985,0.31175144,-0.2684227485523722,2.1276313527973842,2.119961448857956,1.8913983114629955,1.906738119341852,2.641522263149281,2.6537941094523667,4.525243324262641,4.526777305050527,4.586609902188274,4.591211844551931,-2.0309905631605893,-2.0463303710394456,-0.5891096831611248,0.20981693515783922,0.9936517306320999,0.8259277870902634,-0.44656919540234796,0.34383715436253476,-0.013973385765615295,-0.31498644,0.41614122,0.95572559,-0.23080879,0.36672512,0.87658621,0.3583008931611248,0.1569081848421608,-0.11706552063209985,0.0,0.0
0.5292720001220701,0.33694663482666015,0.00033689727783202394,2.1244274584960934,0.5632767044067383,-1.4940899409904076,-1.3390434597778325,0.11503808385078539,0.1380457006209428,0.003834602795026189,0.06518824751544314,-0.1572187145960739,0.02398088,-0.20323394813639092,2.2120002961310945,2.2043303921916655,1.9588934661299637,1.9742332740088202,2.6399882823613954,2.6537941094523667,4.563592843959783,4.563592843959782,4.532920574612276,4.535988536188047,-2.1061556217669857,-2.119961448857956,-0.5871840492480096,0.20072389013401637,0.9904626777244234,0.8471535117683047,-0.3909892723757146,0.3563748785197942,-0.04955060388875214,-0.31498644,0.41614122,0.95572559,-0.23080879,0.36672512,0.87658621,0.3563752592480096,0.16600122986598365,-0.11387646772442339,0.0,0.0
0.5526652059936521,0.37069421051025386,0.0026378683471679626,2.1566410534667964,0.5325970901489258,-1.4971579025661792,-1.383912395629883,0.08820796178864627,0.16874566603045557,0.007670257546838915,0.20326182499122972,-0.13422950706968143,-0.1199044,-0.23394285517858648,2.2748935084344057,2.2656896237070923,2.0386604671000166,2.0555342557667595,2.6399882823613954,2.6537941094523667,4.624952075475209,4.626486056263094,4.463891439157422,4.466959400733193,-2.1797866995854953,-2.190524565100696,-0.5870157218385986,0.1991343078387464,0.9909251659272184,0.8588787022058825,-0.3541714223465112,0.3638639262900719,-0.06703000548233042,-0.31498644,0.41614122,0.95572559,-0.23080879,0.36672512,0.87658621,0.35620693183859864,0.16759081216125363,-0.11433895592721832,0.0,0.0
0.5637865661621093,0.4006068344116211,0.002254373168945306,2.1946070761108394,0.5042184469604493,-1.5585171340816042,-1.4280143411254884,0.06136877258713778,0.1495863831811482,0.0,0.16876412461462612,-0.13807973832105944,-0.33573232,-0.2454750903485511,2.331650797586174,2.3239808936467456,2.130699314373156,2.142971160676241,2.600104781876369,2.6139106089673403,4.706253057233147,4.7062530572331465,4.396396284490454,4.400998226854111,-2.261087681343435,-2.2764274892222915,-0.5895792269368445,0.19983416134847556,0.9941010679363621,0.8697494831240284,-0.31822328651167536,0.3688568632980571,-0.07883140824006696,-0.31498644,0.41614122,0.95572559,-0.23080879,0.36672512,0.87658621,0.3587704369368445,0.16689095865152445,-0.11751485793636207,0.0,0.0
0.607505016479492,0.44777674133300777,0.0018708779907226497,2.257500285339355,0.4509126171875,-1.6306142311122298,-1.4978104635620118,0.1764216522527218,0.15341013239367082,-0.007670506619683569,0.20710367873145497,-0.16108063901335523,-0.33573232,-0.1994331721117711,2.4175537217077703,2.4129517793441133,2.215068257706865,2.231942046373608,2.521871761694201,2.537211569573058,4.833573462627656,4.833573462627655,4.281347725399031,4.282881706186917,-2.3439226438892593,-2.3577284709802306,-0.5955963609383281,0.19999184160615696,1.003893168020266,0.8830947770497408,-0.28091091499659115,0.3719997994747059,-0.053374355022100584,-0.31498644,0.41614122,0.95572559,-0.23080879,0.36672512,0.87658621,0.36478757093832814,0.16673327839384305,-0.12730695802026604,0.0,0.0
0.6385681259155271,0.4807573266601562,-0.006182520751953129,2.2996847549438475,0.4194660125732422,-1.662827827657828,-1.5004949298095704,0.1726092973664496,0.18411658385754667,-0.0460291459643866,0.2301457298219328,-0.1649377730390521,-0.04796176,0.0,2.51266053055668,2.501922665041481,2.2979032202526897,2.3132430281315473,2.4513086454514617,2.462046510966662,4.921010367537137,4.921010367537137,4.209250628368406,4.212318589944177,-2.373068278859087,-2.3884080867379436,-0.6020928403169397,0.19816310730501177,1.009462236239857,0.8914828687175267,-0.2500108928906981,0.3754518383273211,-0.042293797604378805,-0.31498644,0.41614122,0.95572559,-0.23080879,0.36672512,0.87658621,0.3712840503169397,0.16856201269498824,-0.13287602623985706,0.0,0.0
0.6642623028564452,0.511053445739746,-0.01768737609863282,2.3391847583007808,0.3910873693847656,-1.6551579237184,-1.5008784249877931,0.14957983355743867,0.16875673529556964,-0.053695324866772476,0.18793363703370172,-0.1265675514716782,0.16786616,-0.003835380347626747,2.601631416254047,2.5939615123146185,2.380738182798514,2.3960779906773717,2.3715416444814084,2.379211548420837,5.0084472724466185,5.006913291658733,4.143289454489323,4.144823435277209,-2.373068278859087,-2.3884080867379436,-0.6107516265328319,0.19643363194997987,1.011538556266852,0.8951901713516662,-0.22621143940294597,0.3786972641453968,-0.0636500112129878,-0.31498644,0.41614122,0.95572559,-0.23080879,0.36672512,0.87658621,0.3799428365328319,0.17029148805002015,-0.13495234626685193,0.0,0.0
0.6895729846191405,0.5451845166015624,-0.02650776519775391,2.3786847616577145,0.36961163940429687,-1.5753909227483462,-1.5008784249877931,0.13806354232938012,0.18408472310583943,-0.030680787184306536,0.18024962470779873,-0.10354765674703509,0.43165583999999996,0.0,2.678330455648329,2.6706605517089015,2.469709068495882,2.483514895586853,2.3285901824206103,2.3377940671479247,5.085146311840901,5.083612331053015,4.081930222973898,4.084998184549669,-2.373068278859087,-2.3884080867379436,-0.61634609801485,0.19403981633873613,1.0110032775455748,0.8962428155507116,-0.19612729627995312,0.38345964104350233,-0.1060264255666336,-0.31498644,0.41614122,0.95572559,-0.23080879,0.36672512,0.87658621,0.38553730801485,0.1726853036612639,-0.1344170675455748,0.0,0.0
0.7129661904907223,0.5727961694335937,-0.026891260375976566,2.4066799096679685,0.3412329962158203,-1.489487998626751,-1.5012619201660158,0.11505316594821952,0.11888827147982697,0.0,0.13422869360625683,-0.17257974892232983,0.40767496,0.0,2.794912995527638,2.788777072376095,2.589359569950962,2.600097435466162,2.3270562016327245,2.336260086360039,5.151107485719983,5.146505543356326,4.012901087519044,4.01443506830693,-2.373068278859087,-2.3884080867379436,-0.619886962324427,0.1953448798916571,1.0094928213007133,0.8925347600476835,-0.1585995083036965,0.38526872294954695,-0.17261491589452788,-0.31498644,0.41614122,0.95572559,-0.23080879,0.36672512,0.87658621,0.389078172324427,0.1713802401083429,-0.13290661130071324,0.0,0.0
0.7371263867187496,0.5992573367309569,-0.026891260375976566,2.4457964178466796,0.31553881927490235,-1.4618763444448093,-1.5012619201660158,0.11890161277563296,0.14191482815156167,-0.0038355358959881645,0.24547429734324253,-0.10355946919168085,-0.0,0.0,2.8731460157098057,2.867010092558263,2.6537867630421585,2.6706605517089015,2.3255222208448387,2.336260086360039,5.227806525114265,5.2247385635384935,3.9454059328520756,3.9469399136399614,-2.374602259646972,-2.3884080867379436,-0.6190730737697998,0.2004809026790324,1.0069894575411757,0.8828919162495594,-0.13180292358476056,0.3909080536911756,-0.22432286355846073,-0.31498644,0.41614122,0.95572559,-0.23080879,0.36672512,0.87658621,0.3882642837697998,0.1662442173209676,-0.13040324754117572,0.0,0.0
0.7597526022338867,0.6207330667114257,-0.027274755554199222,2.489898363342285,0.2890776519775391,-1.4864200370509795,-1.5012619201660158,0.1112176110794538,0.11121761107944936,-0.0038350900372224063,0.23010540223334383,-0.16874396163778532,-0.31175144,0.0,2.940641170376774,2.9314372856494595,2.710544052193927,2.732019783224327,2.3255222208448387,2.336260086360039,5.3198453723874035,5.318311391599518,3.8656389318820223,3.867172912669908,-2.373068278859087,-2.3884080867379436,-0.6223531537924781,0.20372386662648156,1.007830379112152,0.8776320614913742,-0.11536509477403001,0.39277926148383646,-0.24935378741537467,-0.31498644,0.41614122,0.95572559,-0.23080879,0.36672512,0.87658621,0.39154436379247815,0.16300125337351845,-0.13124416911215186,0.0,0.0
0.773558428649902,0.6452767581176757,-0.027274755554199222,2.533233318481445,0.25686405700683596,-1.5723229611725755,-1.5012619201660158,0.07285749681601578,0.13804578344087598,0.0,0.21090328025689176,-0.18789564968341335,-0.43165583999999996,0.0,3.012738267407399,3.005068363467971,2.781107168436667,2.8071848418307237,2.3255222208448387,2.336260086360039,5.411884219660542,5.408816258084771,3.7828039693361974,3.785871930911969,-2.373068278859087,-2.3884080867379436,-0.6279273380691658,0.20389392817558932,1.0105463096811262,0.8781976607646744,-0.111284291330857,0.39501842342888077,-0.2456524379732559,-0.31498644,0.41614122,0.95572559,-0.23080879,0.36672512,0.87658621,0.3971185480691658,0.1628311918244107,-0.1339600996811262,0.0,0.0
0.8042380429077147,0.6797913241577147,-0.027274755554199222,2.568898370056152,0.231169880065918,-1.6566919045062858,-1.5012619201660158,0.1648980852279615,0.1648980852279593,0.0,0.18023744199334923,-0.08820130140100171,-0.3597132,0.0,3.1017091531047662,3.0955732299532235,2.8593401886188348,2.886951842800777,2.3255222208448387,2.336260086360039,5.500855105357909,5.497787143782138,3.703036968366144,3.70457094915403,-2.373068278859087,-2.3884080867379436,-0.6327328747698341,0.20672831227006944,1.014598349794183,0.8790931662496276,-0.11846730212453414,0.3992899125720024,-0.2317935915826442,-0.31498644,0.41614122,0.95572559,-0.23080879,0.36672512,0.87658621,0.4019240847698341,0.15999680772993058,-0.13801213979418303,0.0,0.0
0.8322331909179688,0.7066359866333007,-0.028041745910644535,2.6153012866210936,0.21659706329345707,-1.6858375394761125,-1.5012619201660158,0.11885444177237676,0.1418585272767086,-0.007668028501443671,0.23770888354475797,-0.06901225651299275,-0.0,0.0,3.1615344038323063,3.1538644998928786,2.926835343285803,2.9621169014071733,2.3255222208448387,2.336260086360039,5.591359971843162,5.58522404869162,3.627871909759748,3.6309398713355194,-2.373068278859087,-2.3884080867379436,-0.6448709060172231,0.2103819318758824,1.021854931768055,0.8815887821664572,-0.11980846303247741,0.3948960573026672,-0.22913807032195024,-0.31498644,0.41614122,0.95572559,-0.23080879,0.36672512,0.87658621,0.4140621160172231,0.15634318812411763,-0.14526872176805494,0.0,0.0
0.8333836764526363,0.7361651153564452,-0.028041745910644535,2.6501993478393553,0.19435434295654297,-1.6597598660820565,-1.5012619201660158,0.0,0.14190705329915076,0.0,0.17258965941788704,-0.14574237906399226,0.3597132,0.0,3.2029518851052186,3.1983499427415625,3.006602344255856,3.0388159408014555,2.3255222208448387,2.336260086360039,5.669592992025329,5.664991049661673,3.571114620607979,3.5757165629716363,-2.374602259646972,-2.3884080867379436,-0.6516360241599342,0.21276940435226038,1.0244635572671845,0.8772847150550236,-0.10192647056189455,0.3907211954743286,-0.25945995979482644,-0.31498644,0.41614122,0.95572559,-0.23080879,0.36672512,0.87658621,0.42082723415993417,0.15395571564773963,-0.1478773472671845,0.0,0.0
0.8540924160766601,0.7645437585449217,-0.028041745910644535,2.6900828463745112,0.16789317565917972,-1.5048278065056073,-1.5012619201660158,0.15728521974431472,0.1496127700006883,0.0,0.2186648176933129,-0.13810409538525087,0.5275793599999999,0.0,3.26584509740853,3.2597091742569875,3.0786994412864823,3.1155149801957376,2.3255222208448387,2.336260086360039,5.750893973783269,5.747826012207497,3.5005515043652395,3.503619465941011,-2.374602259646972,-2.3884080867379436,-0.6481432915773687,0.22479672608816795,1.024783946830923,0.8606529861096046,-0.087237174599808,0.3926216078249357,-0.3122729350062632,-0.31498644,0.41614122,0.95572559,-0.23080879,0.36672512,0.87658621,0.41733450157736873,0.14192839391183207,-0.14819773683092297,0.0,0.0
0.8813205737304683,0.793305896911621,-0.028041745910644535,2.728432364196777,0.15370385406494141,-1.4112549784445831,-1.5016454153442385,0.1303534610635685,0.15335701301596782,0.0,0.2031980422461558,-0.10351598378577813,0.40767496,0.0,3.345612098378583,3.3379421944391554,3.1553984806807636,3.1922140195900193,2.3255222208448387,2.336260086360039,5.836796897904865,5.833728936329093,3.413114599455758,3.417716541819415,-2.374602259646972,-2.3884080867379436,-0.645508028022117,0.23691336470277036,1.0239394265858948,0.8332986941526538,-0.056095777220637535,0.3928046470526771,-0.3849299408402994,-0.31498644,0.41614122,0.95572559,-0.23080879,0.36672512,0.87658621,0.41469923802211706,0.12981175529722966,-0.14735321658589473,0.0,0.0
0.9054807699584957,0.8224515304565428,-0.028041745910644535,2.7667818820190426,0.12724268676757816,-1.4066530360809257,-1.5012619201660158,0.1035353873345752,0.1303778951620588,0.0,0.21474006261986,-0.10737003130993056,-0.2398088,0.0038346439753548017,3.4299810417122933,3.42077715698498,3.2244276161356167,3.2612431550448733,2.3255222208448387,2.336260086360039,5.922699822026461,5.921165841238574,3.344085464000904,3.3471534255766757,-2.374602259646972,-2.3884080867379436,-0.6490315934308211,0.24739326918904458,1.026444173281289,0.8059945911922346,-0.025055982992339867,0.3838573595003483,-0.4498871461184135,-0.31498644,0.41614122,0.95572559,-0.23080879,0.36672512,0.87658621,0.4182228034308211,0.11933185081095543,-0.14985796328128898,0.0,0.0
0.9258060144042968,0.8416262893676757,-0.028425241088867192,2.7936265444946287,0.1119028796386719,-1.4787501331115513,-1.5016454153442385,0.1035600295367745,0.10356002953677561,-0.0038355566495101925,0.11890225613481582,-0.08438224628922396,-0.38369408,0.0,3.5112820234702324,3.5020781387429194,3.281184905287387,3.3210684057724134,2.3255222208448387,2.336260086360039,6.002466822996514,5.994796919057086,3.2704543861823936,3.2719883669702794,-2.373068278859087,-2.3884080867379436,-0.6551427372907679,0.2553178176714079,1.0316175483399155,0.7919518795571697,-0.017199001366167033,0.3804682928910099,-0.4772423838286718,-0.31498644,0.41614122,0.95572559,-0.23080879,0.36672512,0.87658621,0.4243339472907679,0.11140730232859214,-0.15503133833991545,0.0,0.0
0.9468982492065428,0.869237942199707,-0.028425241088867192,2.8246896539306636,0.0854417123413086,-1.56005111486949,-1.5016454153442385,0.09971040950752043,0.1380605670104146,-0.0038350157502892793,0.14956561426128287,-0.08820536225665385,-0.40767496,0.0,3.6002529091675997,3.592583005228172,3.3471460791664684,3.3854955988636104,2.3255222208448387,2.336260086360039,6.071495958451368,6.068427996875596,3.199891269939654,3.2029592315154254,-2.373068278859087,-2.3884080867379436,-0.6649584847487815,0.254542563797984,1.0371587515074383,0.7994927590155116,-0.025229238977486856,0.3773310169186259,-0.46668631590559584,-0.31498644,0.41614122,0.95572559,-0.23080879,0.36672512,0.87658621,0.4341496947487815,0.112182556202016,-0.16057254150743827,0.0,0.0
0.9706749502563474,0.8895631866455077,-0.028425241088867192,2.8653401428222653,0.06895141967773438,-1.6444200582032003,-1.5016454153442385,0.11126961480866464,0.11894338134719354,0.0,0.2647449455792382,-0.09592208173160795,-0.40767496,0.003836883269264451,3.689223794864967,3.680019910137653,3.419243176197093,3.454524734318464,2.3255222208448387,2.336260086360039,6.154330920997193,6.151262959421421,3.1339300960605714,3.136998057636343,-2.373068278859087,-2.3884080867379436,-0.6756363131514916,0.2568864503007928,1.04501158296364,0.8059043699656339,-0.039174172632139265,0.37542729758464777,-0.45611169125245,-0.31498644,0.41614122,0.95572559,-0.23080879,0.36672512,0.87658621,0.44482752315149166,0.10983866969920719,-0.1684253729636399,0.0,0.0
0.9929176705932614,0.9267622189331054,-0.028425241088867192,2.8818304354858393,0.04517471862792971,-1.6781676355366844,-1.5016454153442385,0.10735229384068241,0.15719443026671448,0.0,0.019170052471546784,-0.1226883358179234,-0.02398088,0.0,3.775126718986563,3.7689907958350206,3.5020781387429194,3.537359696864289,2.3255222208448387,2.336260086360039,6.192680440694334,6.188078498330676,3.061832999029946,3.063366979817832,-2.373068278859087,-2.3884080867379436,-0.6865993226234399,0.25583663996770445,1.0513053542081983,0.8129024310820617,-0.04679058943257132,0.37066910508696027,-0.4467714100246999,-0.31498644,0.41614122,0.95572559,-0.23080879,0.36672512,0.87658621,0.45579053262343994,0.11088848003229557,-0.17471914420819823,0.0,0.0
1.0136264102172852,0.9451699874877929,-0.028425241088867192,2.8814469403076166,0.019097046508789073,-1.6566919045062858,-1.5020289105224611,0.1035330518164027,0.09969849434171779,0.0,-0.0038345574746815815,-0.12654039666448774,0.28777056,-0.0038345574746815815,3.8671655662597013,3.861029643108158,3.560369408682573,3.595650966803943,2.3239882400569534,2.336260086360039,6.191146459906448,6.188078498330676,2.991269882787207,2.9928038635750926,-2.373068278859087,-2.3884080867379436,-0.6996812042658129,0.2612296936502383,1.0624326003443239,0.8134178441575391,-0.05742875625265794,0.3620031134742889,-0.4516714454072732,-0.31498644,0.41614122,0.95572559,-0.23080879,0.36672512,0.87658621,0.46887241426581294,0.10549542634976172,-0.18584639034432382,0.0,0.0
1.0527429183959958,0.9754661065673826,-0.028425241088867192,2.8818304354858393,-0.002378683471679688,-1.5615850956573758,-1.5020289105224611,0.1649147114410189,0.14573858220369232,0.0,0.0,-0.015340903389863051,0.50359848,0.0,3.9638063558964967,3.9546024711691823,3.6309325249253126,3.6662140830466825,2.3255222208448387,2.336260086360039,6.192680440694334,6.188078498330676,2.929910651271781,2.9329786128475526,-2.374602259646972,-2.3884080867379436,-0.7046566730979141,0.2658969337346356,1.0667990842365935,0.8048127604847914,-0.05677120339893228,0.36072524881469353,-0.4679003589366696,-0.31498644,0.41614122,0.95572559,-0.23080879,0.36672512,0.87658621,0.47384788309791415,0.10082818626536444,-0.1902128742365935,0.0,0.0
1.0753691339111324,1.0069127111816405,-0.028425241088867192,2.8814469403076166,-0.016184509887695264,-1.4710802291721232,-1.5020289105224611,0.10737865849263593,0.15339808356090814,0.0,0.0,-0.11121361058165881,0.38369408,0.0,4.048175299230207,4.038971414502893,3.7106995258953654,3.7444471032288504,2.3255222208448387,2.336260086360039,6.192680440694334,6.189612479118562,2.8762213236957836,2.8792892852715553,-2.373068278859087,-2.3884080867379436,-0.7150066266201125,0.27220325594627665,1.0739135865362575,-0.7800027822200852,0.037276716423731066,-0.34835115041708864,0.5185147848853314,-0.31498644,0.41614122,0.95572559,-0.23080879,0.36672512,0.87658621,0.4841978366201125,0.09452186405372337,-0.19732737653625743,0.0,0.0
1.0907089410400388,1.0303059170532225,-0.028425241088867192,2.8818304354858393,-0.0330582977294922,-1.4450025557780672,-1.5020289105224611,0.07286181494538552,0.11504497096640076,0.0,0.0,-0.05752248548320149,-0.0,0.0,4.118738415472947,4.112602492321403,3.7705247766229055,3.8073403155321617,2.3239882400569534,2.336260086360039,6.191146459906448,6.188078498330676,2.853211611877499,2.8578135542411562,-2.373068278859087,-2.3884080867379436,-0.7233363610285964,0.28059244896084684,1.0827566949797098,-0.7550927686723857,0.024845874179322252,-0.33595790775370654,0.562449888836942,-0.31498644,0.41614122,0.95572559,-0.23080879,0.36672512,0.87658621,0.49252757102859646,0.08613267103915317,-0.2061704849797098,0.0,0.0
1.1141021469116208,1.0479466952514647,-0.028425241088867192,2.8814469403076166,-0.03267480255126953,-1.474148190747894,-1.5020289105224611,0.126552158478151,0.0728633639722691,0.0,0.0,0.0,-0.28777056,0.0,4.198505416443,4.192369493291458,3.818078181047361,3.848757796805074,2.3255222208448387,2.3347261055721535,6.192680440694334,6.188078498330676,2.853211611877499,2.8578135542411562,-2.374602259646972,-2.3884080867379436,-0.729955947786374,0.2852365159465944,1.090115055918738,-0.7452818846869338,0.025772497310636383,-0.33017109857593574,0.5786862158415603,-0.31498644,0.41614122,0.95572559,-0.23080879,0.36672512,0.87658621,0.499147157786374,0.08148860405340563,-0.213528845918738,0.0,0.0
1.1367283624267575,1.0613690264892577,-0.028808736267089848,2.8806799499511717,-0.0330582977294922,-1.5493132493542912,-1.5020289105224611,0.08053801030037083,0.10354887038619234,-0.003835143347636779,-0.007670286695269394,-0.0038351433476369176,-0.38369408,0.0,4.278272417413054,4.2721364942615105,3.8640976046839297,3.8993791628053,2.3239882400569534,2.336260086360039,6.192680440694334,6.188078498330676,2.853211611877499,2.8578135542411562,-2.373068278859087,-2.3884080867379436,-0.7428104571997054,0.27954703596678787,1.0966689266856875,-0.7540821949446386,0.028093484473268093,-0.31763193632129827,0.5741783280710001,-0.31498644,0.41614122,0.95572559,-0.23080879,0.36672512,0.87658621,0.5120016671997054,0.08717808403321214,-0.22008271668568746,0.0,0.0
1.1513011791992185,1.1004855346679687,-0.028808736267089848,2.8810634451293944,-0.03382528808593743,-1.6183423848091443,-1.5020289105224611,0.08055025616199336,0.17260769177570512,-0.0038357264839045183,0.003835726483904657,-0.007671452967808204,-0.31175144,0.0,4.3503695144436785,4.345767572080022,3.9546024711691823,3.986816067714782,2.3255222208448387,2.336260086360039,6.191146459906448,6.188078498330676,2.8547455926653846,2.8578135542411562,-2.373068278859087,-2.3884080867379436,-0.7560855946637255,0.2696314045546797,1.1025964633359548,-0.7752073103835448,0.03701114599153189,-0.3073386108563439,0.5506603120592553,-0.31498644,0.41614122,0.95572559,-0.23080879,0.36672512,0.87658621,0.5252768046637255,0.0970937154453203,-0.2260102533359548,0.0,0.0
1.1815972982788085,1.1476554415893554,-0.028808736267089848,2.8806799499511717,-0.03382528808593743,-1.6536239429305142,-1.5024124057006838,0.07676942322560693,0.16505425993505043,0.0,0.0,-0.0038384711612803463,-0.04796176,-0.0038384711612803463,4.430136515413732,4.428602534625846,4.034369472139237,4.06811704947272,2.3255222208448387,2.3347261055721535,6.192680440694334,6.188078498330676,2.853211611877499,2.8578135542411562,-2.374602259646972,-2.3884080867379436,-0.7816257590159182,0.26150452805913993,1.1244635919429158,-0.8020398576637113,0.05889185700390676,-0.2807150109120455,0.5238920676494878,-0.31498644,0.41614122,0.95572559,-0.23080879,0.36672512,0.87658621,0.5508169690159183,0.10522059194086009,-0.24787738194291575,0.0,0.0
1.2007720571899412,1.1798690365600584,-0.028808736267089848,2.8806799499511717,-0.03382528808593743,-1.6536239429305142,-1.5024124057006838,0.09588252849518376,0.157247346732102,0.0,0.0,0.003835301139807528,0.07194264,0.0,4.516039439535328,4.517573420323212,4.121806377048718,4.154019973594316,2.3255222208448387,2.3347261055721535,6.192680440694334,6.188078498330676,2.853211611877499,2.8578135542411562,-2.373068278859087,-2.3884080867379436,-0.7949764422822769,0.2585376273012439,1.1372541890614851,-0.8068017647169825,0.06332089641408944,-0.263723272604701,0.5248918098175525,-0.31498644,0.41614122,0.95572559,-0.23080879,0.36672512,0.87658621,0.5641676522822769,0.1081874926987561,-0.2606679790614851,0.0,0.0
1.218029340209961,1.207097194213867,-0.028808736267089848,2.8806799499511717,-0.03459227844238277,-1.5845948074756602,-1.5024124057006838,0.07669689963587921,0.11888019443560834,0.0,0.0,-0.0038348449817939604,0.40767496,0.0,4.597340421293267,4.600408382869037,4.207709301170314,4.232252993776484,2.3255222208448387,2.336260086360039,6.192680440694334,6.188078498330676,2.853211611877499,2.8578135542411562,-2.373068278859087,-2.3884080867379436,-0.806341092241778,0.25787069246836336,1.148978209431421,-0.7997109865872918,0.06045401308546199,-0.24632113677564177,0.5441815393882813,-0.31498644,0.41614122,0.95572559,-0.23080879,0.36672512,0.87658621,0.575532302241778,0.10885442753163665,-0.2723919994314209,0.0,0.0
1.2329856521606442,1.226271953125,-0.028808736267089848,2.880296454772949,-0.036509754333496014,-1.5048278065056073,-1.5024124057006838,0.08053434580459515,0.09970919004378775,0.0,0.0,-0.011504906543513117,0.38369408,0.0,4.6709714991117774,4.678641403051205,4.267534551897854,4.295146206079795,2.3255222208448387,2.3347261055721535,6.192680440694334,6.188078498330676,2.853211611877499,2.8578135542411562,-2.373068278859087,-2.3884080867379436,-0.8138762550298939,0.26099385191508495,1.1579419381089149,-0.7778191314741103,0.050717180814412954,-0.23150779570590985,0.5820904627379575,-0.31498644,0.41614122,0.95572559,-0.23080879,0.36672512,0.87658621,0.5830674650298939,0.10573126808491506,-0.28135572810891485,0.0,0.0
1.2479419641113279,1.2419952554321287,-0.028808736267089848,2.8799129595947264,-0.036893249511718684,-1.4710802291721232,-1.5027959008789065,0.07287016852137446,0.06136435243905369,0.0,-0.0038352720274409946,0.0,0.04796176,0.0,4.74767053850606,4.761476365597029,4.328893783413279,4.344233591292135,2.3239882400569534,2.3347261055721535,6.191146459906448,6.188078498330676,2.853211611877499,2.8578135542411562,-2.373068278859087,-2.3884080867379436,-0.8194609495912792,0.2633122715812669,1.164462390422286,-0.7580959659219295,0.04246031060869297,-0.22052843709947648,0.6122538990536296,-0.31498644,0.41614122,0.95572559,-0.23080879,0.36672512,0.87658621,0.5886521595912793,0.1034128484187331,-0.2878761804222859,0.0,0.0
1.2540778869628906,1.2592525384521482,-0.028425241088867192,2.8795294644165037,-0.04187868682861329,-1.489487998626751,-1.5027959008789065,0.03451953063893682,0.10739409532113234,0.0038355034043261746,0.0,-0.046026040851914654,-0.21582791999999998,-0.0038355034043263134,4.871922982324796,4.884194828627881,4.404058842019675,4.420932630686417,2.3255222208448387,2.3347261055721535,6.192680440694334,6.188078498330676,2.853211611877499,2.8578135542411562,-2.373068278859087,-2.3884080867379436,-0.8265834677022446,0.25995880077315786,1.1707546439163976,-0.7566807524896154,0.04113003337190455,-0.2104402151317482,0.617622437272059,-0.31498644,0.41614122,0.95572559,-0.23080879,0.36672512,0.87658621,0.5957746777022446,0.10676631922684215,-0.2941684339163976,0.0,0.0
1.2686507037353512,1.260786519165039,-0.028808736267089848,2.8848983969116206,-0.03267480255126953,-1.5646530572331474,-1.5027959008789065,0.015338972995550874,-0.12271178396443808,-0.00383474324888869,0.05752114873332799,0.10353806771999392,-0.02398088,0.0,4.8519812320822835,4.933282213840221,4.365709322322535,4.427068553837961,2.3239882400569534,2.3347261055721535,6.192680440694334,6.188078498330676,2.8516776310896135,2.8562795734532704,-2.373068278859087,-2.3884080867379436,-0.8363638547965903,0.2530755217208098,1.1817204663102243,-0.7782365614679377,0.055357289061955806,-0.20045407503806106,0.5925382593072849,-0.31498644,0.41614122,0.95572559,-0.23080879,0.36672512,0.87658621,0.6055550647965903,0.11364959827919019,-0.3051342563102243,0.0,0.0
1.2690341989135738,0.9167913442993163,-0.028425241088867192,2.8841314065551753,-0.022320432739257767,-1.5661870380210332,-1.5024124057006838,-0.007669059354399674,-2.059142436656237,0.0038345296771996984,-0.003834529677199837,0.0421798264491971,-0.0,0.003834529677199837,4.612680229172123,4.733864711415088,3.9254568361993547,3.985282086926896,2.3838134907844934,2.377677567632951,6.189612479118562,6.188078498330676,2.853211611877499,2.8562795734532704,-2.3715342980712,-2.3884080867379436,-0.8393439030326351,0.24606148683514711,1.1801876219332292,-0.7841850496014222,0.049020926677627204,-0.1957687254435317,0.5867924359324146,-0.31498644,0.41614122,0.95572559,-0.23080879,0.36672512,0.87658621,0.6085351130326351,0.1206636331648529,-0.3036014119332292,0.0,0.0
1.2651992471313476,0.7173738516235351,-0.00809999664306641,2.8875828631591793,-0.02500489898681635,-1.5615850956573758,-1.5039463864135745,-0.0383491830338947,-1.9941575177626822,0.203250670079658,0.03451426473050923,-0.02684442812372829,-0.0,-0.015339673213559658,4.416330688322761,4.362641360746763,3.1216509033472795,2.951379035891974,2.615444589755225,2.5510173966640286,6.1850105367549055,6.188078498330676,2.853211611877499,2.8562795734532704,-2.373068278859087,-2.3884080867379436,-0.8076092866186693,0.23400690221481935,1.12580496707503,-0.7828695555716108,0.004374391897345375,-0.24526272062861984,0.5717887035649487,-0.31498644,0.41614122,0.95572559,-0.23080879,0.36672512,0.87658621,0.5768004966186693,0.13271821778518067,-0.24921875707503005,0.0,0.0
1.2640487615966796,0.3319611975097656,0.04328835723876952,2.8806799499511717,0.017179570617675832,-1.5631190764452616,-1.5039463864135745,0.003835200034724951,-2.1592176195500676,0.18792480170151565,-0.011505600104170411,0.16491360149316678,-0.0,0.003835200034724951,4.416330688322761,4.242990859291683,2.000310947402876,1.8545827725537403,2.928376670483896,2.7964543227257312,6.18347655596702,6.188078498330676,2.853211611877499,2.8562795734532704,-2.3715342980712,-2.3884080867379436,-0.6705294902377741,0.20422099701980728,0.9983496323613356,-0.7484903559353941,-0.1141205967992469,-0.39739556570701545,0.5184741467173577,-0.31498644,0.41614122,0.95572559,-0.23080879,0.36672512,0.87658621,0.4397207002377741,0.16250412298019273,-0.12176342236133553,0.0,0.0
1.263665266418457,-0.11250971405029296,0.09275923522949217,2.8814469403076166,0.04479122344970704,-1.5631190764452616,-1.5039463864135745,0.0038358119630594193,-1.0932064094718943,0.10740273496565986,0.007671623926114397,0.18028316226378605,-0.0,0.0,4.416330688322761,4.242990859291683,0.8958447801252145,0.8344855486097887,3.181483500485027,3.029619402484349,6.18347655596702,6.188078498330676,2.853211611877499,2.8562795734532704,-2.3715342980712,-2.3884080867379436,-0.42451309759028694,0.15658517778908165,0.9295929853573621,0.6533099250161394,0.26630338289313166,0.5764423041109015,-0.41228984970090593,-0.31498644,0.41614122,0.95572559,-0.23080879,0.36672512,0.87658621,0.19370430759028692,0.21013994221091836,-0.05300677535736209,0.0,0.0
1.263665266418457,-0.2080000134277344,0.09314273040771484,2.8818304354858393,0.055145593261718806,-1.5631190764452616,-1.5039463864135745,0.0,-0.2914506142736607,-0.049853394546810245,0.0,0.09970678909362105,-0.0,0.0,4.416330688322761,4.242990859291683,-0.10737865515199552,0.10124273200045232,3.253580597515652,3.1508038847273143,6.18347655596702,6.188078498330676,2.853211611877499,2.8562795734532704,-2.3715342980712,-2.3884080867379436,-0.3052299077633193,0.12617049563834398,0.9475246559595898,0.5915376101583225,0.33728768594381503,0.6428534492200143,-0.3507986823019399,-0.31498644,0.41614122,0.95572559,-0.23080879,0.36672512,0.87658621,0.0744211177633193,0.24055462436165603,-0.07093844595958976,0.0,0.0
1.263665266418457,-0.18575729309082029,0.0889242834472656,2.8825974258422846,0.062432001647949265,-1.5631190764452616,-1.5039463864135745,-0.0038354478206933536,0.22245597360020672,0.0,0.0038354478206933536,0.0,-0.0,0.0038354478206933536,4.416330688322761,4.241456878503798,-0.5583690067903735,-0.04141748127291231,3.252046616727766,3.1554058270909713,6.18347655596702,6.188078498330676,2.853211611877499,2.8562795734532704,-2.3715342980712,-2.3884080867379436,-0.26567750576965043,0.11130082073209574,0.9615543373571602,0.5700563638836309,0.36362407870853,0.66135666921754,-0.3246854284698153,-0.31498644,0.41614122,0.95572559,-0.23080879,0.36672512,0.87658621,0.03486871576965042,0.2554242992679043,-0.0849681273571602,0.0,0.0
1.2640487615966796,-0.15239321258544922,0.08163787506103515,2.8825974258422846,0.07355336181640626,-1.5631190764452616,-1.5043298815917971,0.0,0.14572764893417925,0.0,0.0,0.053689133817855235,-0.0,-0.003834938129846961,4.416330688322761,4.242990859291683,-0.5399612373357456,-0.035281558121369745,3.253580597515652,3.1554058270909713,6.18347655596702,6.188078498330676,2.8547455926653846,2.8562795734532704,-2.3715342980712,-2.3884080867379436,-0.2765844615045353,0.1106701862954719,0.957361188274306,0.5794959701478551,0.360093199896642,0.6533849126173253,-0.3280327177807777,-0.31498644,0.41614122,0.95572559,-0.23080879,0.36672512,0.87658621,0.04577567150453529,0.25605493370452814,-0.08077497827430602,0.0,0.0
1.2640487615966796,-0.15316020294189453,0.07972039916992185,2.8825974258422846,0.07355336181640626,-1.5631190764452616,-1.5039463864135745,0.0,-0.06901702856377892,-0.030674234917235078,0.007668558729309047,0.011502838093963016,-0.0,0.0,4.416330688322761,4.242990859291683,-0.5399612373357456,-0.01687378866674205,3.253580597515652,3.1554058270909713,6.18347655596702,6.188078498330676,2.8547455926653846,2.8562795734532704,-2.373068278859087,-2.3884080867379436,-0.29335237101580036,0.1093613915153115,0.9516072071786339,0.5935471978849602,0.35537908237913407,0.6407598329438389,-0.3329178099412231,-0.31498644,0.41614122,0.95572559,-0.23080879,0.36672512,0.87658621,0.06254358101580035,0.2573637284846885,-0.07502099717863386,0.0,0.0
1.263665266418457,-0.15431068847656249,0.08163787506103515,2.8829809210205073,0.07201938110351563,-1.5631190764452616,-1.5039463864135745,0.0,0.01917652948009986,0.003835305896020083,-0.003835305896020083,0.007670611792039611,-0.0,0.0,4.416330688322761,4.241456878503798,-0.5399612373357456,0.032213596545598466,3.253580597515652,3.1554058270909713,6.18347655596702,6.188078498330676,2.8547455926653846,2.8562795734532704,-2.373068278859087,-2.3884080867379436,-0.2933983015799142,0.10817998416306109,0.9517011694827429,0.5941764860911674,0.3553508540600232,0.6407319516709269,-0.33187744726499535,-0.31498644,0.41614122,0.95572559,-0.23080879,0.36672512,0.87658621,0.06258951157991419,0.25854513583693894,-0.07511495948274283,0.0,0.0
1.263665266418457,-0.14510680419921873,0.08087088470458983,2.88336441619873,0.0724028762817383,-1.5631190764452616,-1.5039463864135745,0.0,0.061357115990121495,0.007669639498765187,0.0076696394987654645,0.0,-0.0,0.0,4.416330688322761,4.242990859291683,-0.5399612373357456,0.044485442848683596,3.253580597515652,3.1554058270909713,6.18347655596702,6.188078498330676,2.853211611877499,2.8562795734532704,-2.3715342980712,-2.3884080867379436,-0.2923383597281145,0.10926235041855639,0.9519394101156406,0.5928451574887592,0.35505047891006486,0.6418684465602785,-0.3323833238568936,-0.31498644,0.41614122,0.95572559,-0.23080879,0.36672512,0.87658621,0.06152956972811449,0.25746276958144365,-0.07535320011564062,0.0,0.0
1.2640487615966796,-0.14433981384277345,0.08048738952636716,2.8829809210205073,0.07278637145996097,-1.5631190764452616,-1.5039463864135745,0.003834834321251443,-0.003834834321251443,-0.003834834321251443,0.0,0.003834834321251443,-0.0,0.003834834321251443,4.416330688322761,4.241456878503798,-0.5399612373357456,0.044485442848683596,3.253580597515652,3.1554058270909713,6.1850105367549055,6.188078498330676,2.853211611877499,2.8562795734532704,-2.3715342980712,-2.3884080867379436,-0.29644187553023577,0.11007408585656912,0.9505725368027298,0.5954732151484193,0.35304556753284766,0.6393970703521746,-0.33457714164489827,-0.31498644,0.41614122,0.95572559,-0.23080879,0.36672512,0.87658621,0.06563308553023575,0.2566510341434309,-0.07398632680272976,0.0,0.0
1.263665266418457,-0.14587379455566407,0.08048738952636716,2.8829809210205073,0.07278637145996097,-1.5631190764452616,-1.5043298815917971,-0.0038351997662435886,-0.007670399532487177,-0.0076703995324869,-0.0038351997662435886,0.007670399532487177,-0.0,0.0,4.416330688322761,4.242990859291683,-0.5399612373357456,0.044485442848683596,3.253580597515652,3.153871846303086,6.18347655596702,6.188078498330676,2.853211611877499,2.8562795734532704,-2.3715342980712,-2.3884080867379436,-0.29694696438122514,0.10995207190165579,0.9504403479058596,0.5958949777390742,0.352963809282265,0.6390277342746977,-0.33461811019436427,-0.31498644,0.41614122,0.95572559,-0.23080879,0.36672512,0.87658621,0.06613817438122513,0.2567730480983442,-0.0738541379058596,0.0,0.0
1.263665266418457,-0.1454902993774414,0.08087088470458983,2.88336441619873,0.07278637145996097,-1.5631190764452616,-1.5039463864135745,-0.0038348638871464097,0.0,0.0,0.0,0.0038348638871464097,-0.0,0.0038348638871464097,4.416330688322761,4.242990859291683,-0.5399612373357456,0.044485442848683596,3.253580597515652,3.1554058270909713,6.18347655596702,6.188078498330676,2.853211611877499,2.8562795734532704,-2.3715342980712,-2.3884080867379436,-0.2962473169259172,0.10967109989928533,0.9506967683690031,0.595504956115128,0.3533563403094502,0.6395096983782398,-0.33397678015934634,-0.31498644,0.41614122,0.95572559,-0.23080879,0.36672512,0.87658621,0.0654385269259172,0.25705402010071465,-0.07411055836900304,0.0,0.0
1.2640487615966796,-0.14510680419921873,0.08087088470458983,2.88336441619873,0.07278637145996097,-1.5631190764452616,-1.5043298815917971,0.0038358010669409344,0.0038358010669409344,0.0,0.0038358010669409344,0.0,-0.0,-0.0038358010669409344,4.416330688322761,4.241456878503798,-0.5399612373357456,0.042951462060797946,3.253580597515652,3.1554058270909713,6.18347655596702,6.188078498330676,2.853211611877499,2.8562795734532704,-2.3715342980712,-2.3884080867379436,-0.2963254180297816,0.10994095159844272,0.9506085005040268,0.5955028390619751,0.3531986934873702,0.639375567574039,-0.3344038504223862,-0.31498644,0.41614122,0.95572559,-0.23080879,0.36672512,0.87658621,0.06551662802978156,0.25678416840155727,-0.07402229050402676,0.0,0.0
1.263665266418457,-0.1447233090209961,0.08048738952636716,2.88336441619873,0.07278637145996097,-1.5631190764452616,-1.5043298815917971,-0.003833871742218203,0.0038338717422179256,0.0,0.0,0.003833871742218203,-0.0,-0.003833871742218203,4.416330688322761,4.241456878503798,-0.5399612373357456,0.044485442848683596,3.253580597515652,3.1554058270909713,6.18347655596702,6.188078498330676,2.8547455926653846,2.8562795734532704,-2.3715342980712,-2.3884080867379436,-0.2965351684406469,0.11006513908543127,0.9505859477798629,0.5954648482321885,0.35332886707660066,0.639287196312949,-0.33450292501039763,-0.31498644,0.41614122,0.95572559,-0.23080879,0.36672512,0.87658621,0.06572637844064691,0.25665998091456876,-0.0739997377798629,0.0,0.0
1.2640487615966796,-0.1447233090209961,0.08087088470458983,2.88336441619873,0.07278637145996097,-1.5615850956573758,-1.5039463864135745,0.003835228033701971,0.0,0.003835228033701971,0.0,0.0,-0.0,0.0,4.416330688322761,4.242990859291683,-0.5399612373357456,0.044485442848683596,3.253580597515652,3.1554058270909713,6.18347655596702,6.188078498330676,2.853211611877499,2.8562795734532704,-2.3715342980712,-2.3884080867379436,-0.2967196479515475,0.10985278220806355,0.9505338375929844,0.5957369759357005,0.3531965334454636,0.6391741179661109,-0.33437420831657816,-0.31498644,0.41614122,0.95572559,-0.23080879,0.36672512,0.87658621,0.06591085795154747,0.25687233779193647,-0.07394762759298434,0.0,0.0
1.2640487615966796,-0.1447233090209961,0.08087088470458983,2.8829809210205073,0.07278637145996097,-1.5631190764452616,-1.5043298815917971,0.0,0.0,0.0038346188989600845,-0.0038346188989600845,0.0,-0.0,-0.0038346188989600845,4.416330688322761,4.242990859291683,-0.5399612373357456,0.044485442848683596,3.253580597515652,3.1554058270909713,6.18347655596702,6.188078498330676,2.8547455926653846,2.8562795734532704,-2.3715342980712,-2.3884080867379436,-0.2966277937119216,0.11023075375748222,0.9505023777526165,0.5954064959945173,0.3536226801880981,0.6388336606107765,-0.335162137859801,-0.31498644,0.41614122,0.95572559,-0.23080879,0.36672512,0.87658621,0.06581900371192159,0.2564943662425178,-0.07391616775261645,0.0,0.0
1.263665266418457,-0.14433981384277345,0.08087088470458983,2.88336441619873,0.07278637145996097,-1.5631190764452616,-1.5043298815917971,-0.0038345678652920304,0.0,0.0,0.0,0.0,-0.0,0.0,4.416330688322761,4.242990859291683,-0.5399612373357456,0.044485442848683596,3.253580597515652,3.1554058270909713,6.18347655596702,6.188078498330676,2.8547455926653846,2.8562795734532704,-2.3715342980712,-2.3884080867379436,-0.2967228630868418,0.1100925585059499,0.9505256362389601,0.5956229277894486,0.3530961493664162,0.6392691264929236,-0.33450175052921544,-0.31498644,0.41614122,0.95572559,-0.23080879,0.36672512,0.87658621,0.0659140730868418,0.2566325614940501,-0.0739394262389601,0.0,0.0
1.263665266418457,-0.14433981384277345,0.08048738952636716,2.88336441619873,0.07278637145996097,-1.5631190764452616,-1.5039463864135745,0.0,0.0,-0.0038349654347036508,0.0,0.0,-0.0,0.0,4.416330688322761,4.242990859291683,-0.5399612373357456,0.044485442848683596,3.253580597515652,3.1554058270909713,6.18347655596702,6.188078498330676,2.8547455926653846,2.8562795734532704,-2.3715342980712,-2.3884080867379436,-0.29682304552566957,0.11009781904334838,0.950474481354556,0.5957275512228649,0.35301834718601477,0.6391744866043432,-0.3345784017807153,-0.31498644,0.41614122,0.95572559,-0.23080879,0.36672512,0.87658621,0.06601425552566956,0.25662730095665165,-0.073888271354556,0.0,0.0
1.263665266418457,-0.14433981384277345,0.08048738952636716,2.88336441619873,0.07278637145996097,-1.5631190764452616,-1.5039463864135745,-0.0038354750560886056,0.0,0.0,0.0,0.0,-0.0,0.0,4.416330688322761,4.242990859291683,-0.5399612373357456,0.044485442848683596,3.253580597515652,3.1554058270909713,6.18347655596702,6.188078498330676,2.853211611877499,2.8562795734532704,-2.3715342980712,-2.3884080867379436,-0.2968821570281925,0.10990511259221962,0.9504448718011235,0.5959021362336026,0.3529841216938848,0.6390215221414662,-0.33459579809709095,-0.31498644,0.41614122,0.95572559,-0.23080879,0.36672512,0.87658621,0.06607336702819247,0.2568200074077804,-0.07385866180112344,0.0,0.0
1.2640487615966796,-0.14395631866455078,0.08048738952636716,2.88336441619873,0.07278637145996097,-1.5631190764452616,-1.5043298815917971,0.0038336040020676963,0.0,-0.0038336040020676963,0.0,0.0,-0.0,-0.0038336040020676963,4.416330688322761,4.241456878503798,-0.5399612373357456,0.044485442848683596,3.253580597515652,3.1554058270909713,6.18347655596702,6.188078498330676,2.8547455926653846,2.8562795734532704,-2.3715342980712,-2.3884080867379436,-0.2968821570281925,0.10990511259221962,0.9504448718011235,0.5959021362336026,0.3529841216938848,0.6390215221414662,-0.33459579809709095,-0.31498644,0.41614122,0.95572559,-0.23080879,0.36672512,0.87658621,0.06607336702819247,0.2568200074077804,-0.07385866180112344,0.0,0.0
1.2640487615966796,-0.14395631866455078,0.08048738952636716,2.88336441619873,0.07278637145996097,-1.5631190764452616,-1.5043298815917971,0.0,0.00383545108124846,-0.00383545108124846,0.0,0.0,-0.0,-0.00383545108124846,4.416330688322761,4.241456878503798,-0.5399612373357456,0.044485442848683596,3.253580597515652,3.1554058270909713,6.1850105367549055,6.188078498330676,2.853211611877499,2.8562795734532704,-2.3715342980712,-2.3884080867379436,-0.29709191314377426,0.11002910615273469,0.9504225215364734,0.5958641518215239,0.3531144338336693,0.6389330654708019,-0.3346948566088624,-0.31498644,0.41614122,0.95572559,-0.23080879,0.36672512,0.87658621,0.06628312314377424,0.2566960138472653,-0.07383631153647341,0.0,0.0
1.2640487615966796,-0.14395631866455078,0.08087088470458983,2.88336441619873,0.07278637145996097,-1.5631190764452616,-1.5039463864135745,0.0,0.0,0.0,0.0,0.0,-0.0,0.0,4.416330688322761,4.241456878503798,-0.5399612373357456,0.044485442848683596,3.253580597515652,3.1554058270909713,6.18347655596702,6.188078498330676,2.8547455926653846,2.8562795734532704,-2.3715342980712,-2.3884080867379436,-0.29709191314377426,0.11002910615273469,0.9504225215364734,0.5958641518215239,0.3531144338336693,0.6389330654708019,-0.3346948566088624,-0.31498644,0.41614122,0.95572559,-0.23080879,0.36672512,0.87658621,0.06628312314377424,0.2566960138472653,-0.07383631153647341,0.0,0.0
1.2640487615966796,-0.14395631866455078,0.08048738952636716,2.88336441619873,0.07278637145996097,-1.5631190764452616,-1.5039463864135745,0.0038345219323180904,0.0,-0.0038345219323180904,0.0,0.0,-0.0,0.0038345219323180904,4.416330688322761,4.242990859291683,-0.5399612373357456,0.044485442848683596,3.253580597515652,3.1554058270909713,6.18347655596702,6.188078498330676,2.8547455926653846,2.8562795734532704,-2.3715342980712,-2.3884080867379436,-0.2970278267053229,0.11022190613776374,0.95038558974121,0.5958249918790992,0.352920129443147,0.6389576479780307,-0.33492250652425076,-0.31498644,0.41614122,0.95572559,-0.23080879,0.36672512,0.87658621,0.06621903670532289,0.2565032138622363,-0.07379937974120998,0.0,0.0
1.2640487615966796,-0.14395631866455078,0.08048738952636716,2.88336441619873,0.07278637145996097,-1.5615850956573758,-1.5039463864135745,0.0,0.0,0.0,0.0,0.0,-0.0,0.0,4.416330688322761,4.242990859291683,-0.5399612373357456,0.044485442848683596,3.253580597515652,3.1554058270909713,6.1850105367549055,6.188078498330676,2.853211611877499,2.8562795734532704,-2.3715342980712,-2.3884080867379436,-0.2970893960420888,0.11002913721873875,0.9503892503454607,0.5959318608236914,0.35300017822504903,0.6388688659588665,-0.3348173584758231,-0.31498644,0.41614122,0.95572559,-0.23080879,0.36672512,0.87658621,0.06628060604208877,0.25669598278126127,-0.0738030403454607,0.0,0.0
1.263665266418457,-0.14395631866455078,0.08048738952636716,2.88336441619873,0.07278637145996097,-1.5615850956573758,-1.5039463864135745,0.0,0.0,-0.0038358171042072414,0.0,0.0,-0.0,0.0038358171042072414,4.416330688322761,4.242990859291683,-0.5399612373357456,0.044485442848683596,3.253580597515652,3.1554058270909713,6.18347655596702,6.188078498330676,2.853211611877499,2.8562795734532704,-2.3715342980712,-2.3884080867379436,-0.29701951635614837,0.11014247838323467,0.9503946375998858,0.5957081872909884,0.3535061450363098,0.6385680049900657,-0.3352552222099751,-0.31498644,0.41614122,0.95572559,-0.23080879,0.36672512,0.87658621,0.06621072635614836,0.25658264161676536,-0.07380842759988582,0.0,0.0
1.263665266418457,-0.14395631866455078,0.08048738952636716,2.88336441619873,0.07278637145996097,-1.5631190764452616,-1.5039463864135745,-0.0038346933238966726,0.0,-0.0038346933238966726,0.0,0.0,-0.0,0.0038346933238966726,4.416330688322761,4.242990859291683,-0.5399612373357456,0.044485442848683596,3.253580597515652,3.1554058270909713,6.18347655596702,6.188078498330676,2.8547455926653846,2.8562795734532704,-2.3715342980712,-2.3884080867379436,-0.29702203197811794,0.11014244971753656,0.9504279089049664,0.5956403812806713,0.35362035773920103,0.6386322884632291,-0.3351327780334762,-0.31498644,0.41614122,0.95572559,-0.23080879,0.36672512,0.87658621,0.06621324197811793,0.25658267028246345,-0.07384169890496639,0.0,0.0
1.2640487615966796,-0.14395631866455078,0.08048738952636716,2.88336441619873,0.07278637145996097,-1.5631190764452616,-1.5039463864135745,0.0,0.0,0.0,0.0,0.0,-0.0,0.003834846285605386,4.416330688322761,4.241456878503798,-0.5399612373357456,0.044485442848683596,3.253580597515652,3.1554058270909713,6.18347655596702,6.188078498330676,2.853211611877499,2.8562795734532704,-2.373068278859087,-2.386874105950058,-0.29704722789142773,0.10995742704128655,0.9503892417599131,0.5959995498704725,0.3528859281940773,0.638933040852458,-0.33469482748293244,-0.31498644,0.41614122,0.95572559,-0.23080879,0.36672512,0.87658621,0.06623843789142772,0.2567676929587135,-0.0738030317599131,0.0,0.0
1.263665266418457,-0.14395631866455078,0.08087088470458983,2.88336441619873,0.07278637145996097,-1.5631190764452616,-1.5039463864135745,0.0,0.0,0.0,0.0,0.0,-0.0,0.0038349452628197566,4.416330688322761,4.242990859291683,-0.5399612373357456,0.044485442848683596,3.253580597515652,3.1554058270909713,6.18347655596702,6.188078498330676,2.853211611877499,2.8562795734532704,-2.3715342980712,-2.386874105950058,-0.2970893960420888,0.11002913721873875,0.9503892503454607,0.5959318608236914,0.35300017822504903,0.6388688659588665,-0.3348173584758231,-0.31498644,0.41614122,0.95572559,-0.23080879,0.36672512,0.87658621,0.06628060604208877,0.25669598278126127,-0.0738030403454607,0.0,0.0
1.263665266418457,-0.14395631866455078,0.08087088470458983,2.88336441619873,0.07278637145996097,-1.5631190764452616,-1.5039463864135745,-0.0038353671908471438,0.0,0.0038353671908471438,0.0,0.0,-0.0,0.0038353671908471438,4.416330688322761,4.242990859291683,-0.5399612373357456,0.044485442848683596,3.253580597515652,3.1554058270909713,6.18347655596702,6.1865445175427904,2.853211611877499,2.8562795734532704,-2.3715342980712,-2.3884080867379436,-0.29691566833301636,0.11026348857593765,0.9503910174014859,0.5956690132166723,0.35331198295545774,0.6387211327059986,-0.33523780220661925,-0.31498644,0.41614122,0.95572559,-0.23080879,0.36672512,0.87658621,0.06610687833301634,0.25646163142406236,-0.07380480740148587,0.0,0.0
1.2640487615966796,-0.1435728234863281,0.08048738952636716,2.88336441619873,0.07278637145996097,-1.5631190764452616,-1.5043298815917971,0.0,0.0,0.0,0.0,0.0,-0.0,0.0,4.416330688322761,4.241456878503798,-0.5399612373357456,0.044485442848683596,3.253580597515652,3.1554058270909713,6.1850105367549055,6.188078498330676,2.853211611877499,2.8562795734532704,-2.3715342980712,-2.3884080867379436,-0.29698558463324176,0.11015017233430778,0.9503855811406076,0.5958926655827899,0.35280589990897687,0.639021843035,-0.3347999585098637,-0.31498644,0.41614122,0.95572559,-0.23080879,0.36672512,0.87658621,0.06617679463324175,0.2565749476656922,-0.07379937114060753,0.0,0.0
1.2640487615966796,-0.1435728234863281,0.08087088470458983,2.88336441619873,0.07278637145996097,-1.5631190764452616,-1.5043298815917971,0.0,0.0,0.0,0.0,-0.0038351282748299107,-0.0,0.0,4.416330688322761,4.241456878503798,-0.5399612373357456,0.044485442848683596,3.253580597515652,3.1554058270909713,6.18347655596702,6.188078498330676,2.853211611877499,2.8562795734532704,-2.3715342980712,-2.3884080867379436,-0.29725701221845663,0.11008135988597088,0.9503669588246109,0.595961581197517,0.35301626471749126,0.6388445606878809,-0.334793873690924,-0.31498644,0.41614122,0.95572559,-0.23080879,0.36672512,0.87658621,0.06644822221845662,0.2566437601140291,-0.07378074882461083,0.0,0.0
1.2640487615966796,-0.14318932830810546,0.08087088470458983,2.88336441619873,0.07278637145996097,-1.5631190764452616,-1.4893735696411134,0.0,0.0,0.0,0.0,0.0,-0.0,0.14958540025220454,4.416330688322761,4.242990859291683,-0.5399612373357456,0.044485442848683596,3.253580597515652,3.156939807878857,6.18347655596702,6.188078498330676,2.853211611877499,2.8562795734532704,-2.3715342980712,-2.3884080867379436,-0.2974221315944641,0.11013362004928622,0.9503114625270339,0.596058988661708,0.35291808262191543,0.6387560324164738,-0.33489287846357274,-0.31498644,0.41614122,0.95572559,-0.23080879,0.36672512,0.87658621,0.06661334159446411,0.2565914999507138,-0.07372525252703388,0.0,0.0
1.263665266418457,-0.13206796813964844,0.07128350524902342,2.8825974258422846,0.0996310339355469,-1.5631190764452616,-1.4675143444824221,-0.0038349474870855178,0.019174737435427032,0.0,-0.0076698949741710355,-0.09587368717713461,-0.0,0.0,4.416330688322761,4.239922897715911,-0.4371845245474084,0.012271846303085133,3.146201942363657,3.144667961575772,6.18347655596702,6.175806652027591,2.9191727857565817,2.9299106512717814,-2.2886993355253757,-2.3147770089194326,-0.30720954175635906,0.09784065597201776,0.9443541234922757,0.620359443965696,0.34740553451518547,0.6167940761477461,-0.3376812439266348,-0.31498644,0.41614122,0.95572559,-0.23080879,0.36672512,0.87658621,0.07640075175635905,0.2688844640279823,-0.06776791349227562,0.0,0.0
1.2640487615966796,-0.13206796813964844,0.07090001007080077,2.8825974258422846,0.09119414001464848,-1.5646530572331474,-1.4675143444824221,0.003834937247814534,0.0,-0.0038349372478143954,0.0,-0.08436861945191641,-0.0,0.0,4.459282150383559,4.281340378988824,-0.41724277430489476,0.04601942363656923,3.107852422666516,3.101716499514974,6.18347655596702,6.175806652027591,2.8838912276352118,2.8961630739382973,-2.2886993355253757,-2.3147770089194326,-0.30745591699013547,0.09898075689655601,0.9442934076694391,0.61930748909139,0.34632545196180975,0.6176922871867093,-0.3390769140310468,-0.31498644,0.41614122,0.95572559,-0.23080879,0.36672512,0.87658621,0.07664712699013546,0.267744363103444,-0.06770719766943911,0.0,0.0
1.2640487615966796,-0.11250971405029296,0.05901165954589843,2.8825974258422846,0.07201938110351563,-1.5661870380210332,-1.4671308493041995,0.0,0.13038678030792572,-0.09203772727618281,-0.0038349053031744283,-0.11888206439840285,-0.0,0.0038349053031744283,4.537515170565727,4.358039418383107,-0.34974761963792655,0.11044661672776616,3.0250174601206914,3.015813575393378,6.18347655596702,6.175806652027591,2.840939765574414,2.8547455926653846,-2.2902333163132624,-2.3147770089194326,-0.3061207557711377,0.10275342077221154,0.9447832466284531,0.6143130980100844,0.3426985943795052,0.6228226384010178,-0.34244569221813687,-0.31498644,0.41614122,0.95572559,-0.23080879,0.36672512,0.87658621,0.07531196577113766,0.26397169922778846,-0.06819703662845311,0.0,0.0
1.2644322567749022,-0.08183009979248046,0.03485146331787109,2.88336441619873,0.04862617523193363,-1.5738569419604613,-1.4675143444824221,0.0,0.157205826463311,-0.1342000957613629,0.003834288450324797,-0.15337153801298634,-0.0,0.0,4.614214209960009,4.434738457777388,-0.27765052260730094,0.18407769454627695,2.9391145359990953,2.9329786128475535,6.18347655596702,6.175806652027591,2.7749785916953313,2.785716457210531,-2.2886993355253757,-2.3147770089194326,-0.3141595957475888,0.10343365310888498,0.9432051057407842,0.6163771154090187,0.3368217041855514,0.6211223042924371,-0.3476168498505953,-0.31498644,0.41614122,0.95572559,-0.23080879,0.36672512,0.87658621,0.08335080574758877,0.26329146689111504,-0.06661889574078417,0.0,0.0
1.2644322567749022,-0.062271845703125,0.015293209228515611,2.8829809210205073,0.01641258026123049,-1.5753909227483462,-1.4675143444824221,0.0,0.06902601900662089,-0.09203469200882794,-0.003834778833701303,-0.18406938401765588,-0.0,-0.003834778833701303,4.693981210930062,4.519107401111099,-0.1932815792735907,0.26691265709210155,2.8532116118774997,2.845541707938072,6.18347655596702,6.175806652027591,2.6890756675737357,2.701347513876821,-2.2886993355253757,-2.3147770089194326,-0.32880571627304994,0.10004713664911022,0.9410423473527308,0.6236690879991582,0.3286371570100025,0.6161259181393867,-0.3513165818796191,-0.31498644,0.41614122,0.95572559,-0.23080879,0.36672512,0.87658621,0.09799692627304993,0.26667798335088977,-0.06445613735273081,0.0,0.0
1.2908934240722656,-0.054985437316894537,0.006472820129394527,2.8829809210205073,-0.016951500244140605,-1.576924903536232,-1.4675143444824221,0.18400888094611392,0.011500555059131983,-0.042168701883483865,0.0,-0.1571742524748039,-0.0,-0.0038335183530441327,4.776816173475887,4.605010325232695,-0.15339807878856426,0.3098641191528995,2.8010562650893878,2.79338636114996,6.18347655596702,6.175806652027591,2.604706724240025,2.618512551330996,-2.2886993355253757,-2.3147770089194326,-0.33640136670731174,0.09965479664778772,0.9407826732959037,0.6235428767601103,0.32245916175446954,0.6164560336473184,-0.3566459426688421,-0.31498644,0.41614122,0.95572559,-0.23080879,0.36672512,0.87658621,0.10559257670731173,0.2670703233522123,-0.06419646329590367,0.0,0.0
1.3146701251220703,-0.03926213500976563,0.004171849060058588,2.8829809210205073,-0.04763111450195312,-1.576924903536232,-1.4675143444824221,0.053704611431771784,0.10357317918984177,-0.0038360436736978457,0.0,-0.19947427103228854,-0.0,0.0,4.84584530893074,4.674039460687548,-0.11351457830353784,0.34974761963792617,2.748900918301276,2.738163052786077,6.18347655596702,6.175806652027591,2.5280076848457433,2.5402795311488284,-2.2886993355253757,-2.3147770089194326,-0.33947587919297934,0.10708050926500519,0.941806029772758,0.6128204777718319,0.32517404686196816,0.6177386041533439,-0.3702862652186715,-0.31498644,0.41614122,0.95572559,-0.23080879,0.36672512,0.87658621,0.10866708919297932,0.25964461073499484,-0.06521981977275793,0.0,0.0
1.3284759515380855,-0.024305823059082035,-0.0011970834350586018,2.8825974258422846,-0.056834998779296875,-1.576924903536232,-1.4675143444824221,0.08053362905210705,0.06135895546827316,-0.026844543017369524,-0.0038349347167672136,0.0038349347167672136,-0.0,0.0,4.898000655718852,4.724660826687775,-0.02761165418194178,0.4341165629716364,2.6691339173312225,2.661464013391795,6.18347655596702,6.175806652027591,2.49732806908803,2.5111338961790013,-2.2886993355253757,-2.3147770089194326,-0.3456754495648308,0.11782712220620006,0.9418059589545044,0.603489518821211,0.32392765799091217,0.617509704582873,-0.3867208784219424,-0.31498644,0.41614122,0.95572559,-0.23080879,0.36672512,0.87658621,0.1148666595648308,0.24889799779379995,-0.06521974895450433,0.0,0.0
1.3392138165283203,-0.003597083435058601,-0.006566015930175785,2.88336441619873,-0.056451503601074204,-1.576924903536232,-1.4675143444824221,0.0038347437090330513,0.11504231127098731,-0.01533897483613165,0.0038347437090330513,0.0,-0.0,0.0,4.925612309900794,4.750738500081831,0.05062136600022615,0.5138835639416898,2.598570801088483,2.5878329355732843,6.18347655596702,6.175806652027591,2.49732806908803,2.5111338961790013,-2.2902333163132624,-2.3147770089194326,-0.3536089061708877,0.12062774865221923,0.9409323431058912,0.6035086869165502,0.32378425890791984,0.6125033325773318,-0.39469062071624267,-0.31498644,0.41614122,0.95572559,-0.23080879,0.36672512,0.87658621,0.12280011617088768,0.24609737134778079,-0.06434613310589121,0.0,0.0
1.3392138165283203,0.011359228515624993,-0.0069495111083984415,2.88336441619873,-0.056834998779296875,-1.576924903536232,-1.4675143444824221,0.0,0.06518755854565446,0.0,-0.0038345622673915817,-0.0038345622673915817,-0.0,0.0,4.925612309900794,4.750738500081831,0.12118448224296507,0.5844466801844292,2.560221281391342,2.5510173966640286,6.18347655596702,6.175806652027591,2.49732806908803,2.5111338961790013,-2.2886993355253757,-2.3147770089194326,-0.36489180536058163,0.12146125816919584,0.9391179686967253,0.6083617972029544,0.32316542172701307,0.6035777743826654,-0.4014397889786979,-0.31498644,0.41614122,0.95572559,-0.23080879,0.36672512,0.87658621,0.13408301536058162,0.24526386183080418,-0.06253175869672523,0.0,0.0
1.3392138165283203,0.02478155975341796,-0.0069495111083984415,2.88336441619873,-0.056834998779296875,-1.5738569419604613,-1.4675143444824221,0.0,0.06516964978997415,0.0,0.0,-0.0038335088111750887,0.02398088,0.0,4.925612309900794,4.750738500081831,0.1932815792735907,0.6534758156392831,2.560221281391342,2.5510173966640286,6.18347655596702,6.175806652027591,2.49732806908803,2.5111338961790013,-2.2886993355253757,-2.3147770089194326,-0.3716399085407064,0.12293965478892949,0.9378826080045555,0.6120290163348523,0.31922850684735293,0.599709634837349,-0.4047987122798889,-0.31498644,0.41614122,0.95572559,-0.23080879,0.36672512,0.87658621,0.14083111854070637,0.24378546521107053,-0.06129639800455544,0.0,0.0
1.3388303213500976,0.04357282348632811,-0.006566015930175785,2.88336441619873,-0.056068008422851534,-1.5707889803846897,-1.4675143444824221,-0.0038354689568608465,0.038354689568607075,0.0038354689568607077,0.0,0.0038354689568608465,-0.0,0.0,4.8780589054763395,4.700117134081604,0.23776702212227452,0.7025632008516236,2.6108426473915682,2.5847649739975127,6.18347655596702,6.175806652027591,2.49732806908803,2.5111338961790013,-2.2886993355253757,-2.3147770089194326,-0.3811517070740149,0.12561279579991894,0.9362493825452547,0.6163211965198985,0.31551005055732784,0.5927986898835435,-0.4113287055263073,-0.31498644,0.41614122,0.95572559,-0.23080879,0.36672512,0.87658621,0.1503429170740149,0.24111232420008108,-0.05966317254525466,0.0,0.0
1.3388303213500976,0.04088835723876952,0.0011038876342773368,2.88336441619873,-0.056834998779296875,-1.5723229611725755,-1.4675143444824221,0.0,-0.011503830010310873,0.05368454004811741,0.0,-0.0038346100034370965,-0.0,0.0,4.798291904506286,4.608078286808467,0.23776702212227452,0.7025632008516236,2.811794130604587,2.7228232449072207,6.18347655596702,6.175806652027591,2.49732806908803,2.5111338961790013,-2.2886993355253757,-2.3147770089194326,-0.38603730140700376,0.1267172197085966,0.9354767203938201,0.6192527636448679,0.31199461225090724,0.5903014790605711,-0.4131943132032455,-0.31498644,0.41614122,0.95572559,-0.23080879,0.36672512,0.87658621,0.15522851140700375,0.24000790029140343,-0.058890510393820095,0.0,0.0
1.3388303213500976,0.044339813842773426,0.018361170654296863,2.88336441619873,-0.056451503601074204,-1.5723229611725755,-1.4675143444824221,0.0,0.02684869353843381,0.10355924650538749,0.0,0.0,-0.0,0.0,4.773748211900116,4.588136536565952,0.23776702212227452,0.7025632008516236,3.0158135753933775,2.8854252084230985,6.18347655596702,6.175806652027591,2.4988620498759158,2.512667876966887,-2.2886993355253757,-2.3147770089194326,-0.3837500134381028,0.13062166163252997,0.935524893192486,0.6160822988266292,0.3111255073999199,0.5927217029631604,-0.4151198652848227,-0.31498644,0.41614122,0.95572559,-0.23080879,0.36672512,0.87658621,0.15294122343810276,0.23610345836747004,-0.05893868319248596,0.0,0.0
1.3388303213500976,0.04625728973388671,0.03868641510009764,2.88336441619873,-0.056068008422851534,-1.5723229611725755,-1.4675143444824221,0.0,0.0,0.11891058832462018,0.0,0.0,-0.0,0.0,4.775282192688001,4.588136536565952,0.23776702212227452,0.7025632008516236,3.120124268969601,2.9866679404235508,6.18347655596702,6.175806652027591,2.4988620498759158,2.512667876966887,-2.2886993355253757,-2.3147770089194326,-0.3833003717373425,0.13970227939946916,0.9349905515427485,0.6124696676346979,0.30587109403151547,0.5956602369522248,-0.4201341002316115,-0.31498644,0.41614122,0.95572559,-0.23080879,0.36672512,0.87658621,0.15249158173734248,0.22702284060053085,-0.05840434154274843,0.0,0.0
1.3388303213500976,0.04625728973388671,0.047890299377441395,2.88336441619873,-0.056451503601074204,-1.5707889803846897,-1.4675143444824221,0.0,-0.00383503093726511,0.023010185623590657,0.0,0.0,-0.0,0.0,4.773748211900116,4.588136536565952,0.23776702212227452,0.7025632008516236,3.124726211333258,3.0020077483024075,6.18347655596702,6.175806652027591,2.4988620498759158,2.512667876966887,-2.2886993355253757,-2.3147770089194326,-0.3817789907900437,0.15018533280826457,0.9347070243283947,0.6076250810712402,0.30021246372240107,0.5996597018876332,-0.425526120715203,-0.31498644,0.41614122,0.95572559,-0.23080879,0.36672512,0.87658621,0.15097020079004367,0.21653978719173544,-0.058120814328394665,0.0,0.0
1.3388303213500976,0.04625728973388671,0.04635631866455077,2.88336441619873,-0.054150532531738294,-1.5707889803846897,-1.4675143444824221,0.0,-0.0038348681821001947,-0.007669736364200389,0.0,0.0038348681820992232,-0.0,0.0,4.773748211900116,4.588136536565952,0.23776702212227452,0.7025632008516236,3.124726211333258,3.0020077483024075,6.18347655596702,6.175806652027591,2.4988620498759158,2.512667876966887,-2.2886993355253757,-2.3147770089194326,-0.38068869167113595,0.15484293183039333,0.9347286504074853,0.6053012232621945,0.2972830527199287,0.6021133936883166,-0.4274256389407978,-0.31498644,0.41614122,0.95572559,-0.23080879,0.36672512,0.87658621,0.14987990167113593,0.2118821881696067,-0.058142440407485285,0.0,0.0
1.3388303213500976,0.046640784912109365,0.046739813842773426,2.88336441619873,-0.05453402770996085,-1.5707889803846897,-1.4675143444824221,0.0,0.0038322647897692176,0.0,0.0,0.0,-0.0,-0.0038322647897693564,4.773748211900116,4.588136536565952,0.23776702212227452,0.7025632008516236,3.124726211333258,3.0020077483024075,6.18347655596702,6.175806652027591,2.5049979730274585,2.512667876966887,-2.2886993355253757,-2.3147770089194326,-0.38108455017614484,0.1536812029888625,0.9345913050068333,0.6061753474395202,0.29858877925693716,0.6008367984870487,-0.42707298046383424,-0.31498644,0.41614122,0.95572559,-0.23080879,0.36672512,0.87658621,0.15027576017614483,0.2130439170111375,-0.05800509500683326,0.0,0.0
1.3388303213500976,0.04625728973388671,0.04635631866455077,2.88336441619873,-0.054150532531738294,-1.5707889803846897,-1.4675143444824221,0.0,0.0,-0.0038346640290378253,0.0,0.0,-0.0,0.0,4.773748211900116,4.588136536565952,0.23776702212227452,0.7025632008516236,3.124726211333258,3.0020077483024075,6.18347655596702,6.175806652027591,2.5049979730274585,2.512667876966887,-2.2886993355253757,-2.3147770089194326,-0.3811671088212689,0.15400061493714287,0.9345913770154921,0.6060422234926411,0.2983143368422746,0.6009326505804741,-0.4273187677188721,-0.31498644,0.41614122,0.95572559,-0.23080879,0.36672512,0.87658621,0.1503583188212689,0.21272450506285714,-0.058005167015492076,0.0,0.0
1.3388303213500976,0.04625728973388671,0.046739813842773426,2.88336441619873,-0.054150532531738294,-1.5707889803846897,-1.4675143444824221,0.0,0.0,0.0,0.0,0.0,-0.0,-0.0038365774551917917,4.773748211900116,4.588136536565952,0.23776702212227452,0.7025632008516236,3.124726211333258,3.0020077483024075,6.18347655596702,6.175806652027591,2.5049979730274585,2.512667876966887,-2.2886993355253757,-2.3147770089194326,-0.38108455017614484,0.1536812029888625,0.9345913050068333,0.6061753474395202,0.29858877925693716,0.6008367984870487,-0.42707298046383424,-0.31498644,0.41614122,0.95572559,-0.23080879,0.36672512,0.87658621,0.15027576017614483,0.2130439170111375,-0.05800509500683326,0.0,0.0
1.3388303213500976,0.04625728973388671,0.046739813842773426,2.88336441619873,-0.05376703735351562,-1.5707889803846897,-1.4675143444824221,0.0,0.0,0.0,0.0,0.003834989288421944,-0.0,0.0,4.773748211900116,4.588136536565952,0.23776702212227452,0.7025632008516236,3.124726211333258,3.0020077483024075,6.18347655596702,6.175806652027591,2.5049979730274585,2.512667876966887,-2.2886993355253757,-2.3147770089194326,-0.381038366595151,0.15387671593487479,0.9345921733034708,0.6060719459839394,0.2984901579113593,0.6009229223532829,-0.42716748859397397,-0.31498644,0.41614122,0.95572559,-0.23080879,0.36672512,0.87658621,0.150229576595151,0.21284840406512523,-0.05800596330347074,0.0,0.0
1.3388303213500976,0.04625728973388671,0.046739813842773426,2.88336441619873,-0.05376703735351562,-1.5723229611725755,-1.4671308493041995,0.0,0.0,0.0,0.0,0.0038350476200667287,-0.0,0.0038350476200667287,4.773748211900116,4.588136536565952,0.23776702212227452,0.7025632008516236,3.124726211333258,3.0020077483024075,6.18347655596702,6.175806652027591,2.5049979730274585,2.512667876966887,-2.2886993355253757,-2.3147770089194326,-0.381038366595151,0.15387671593487479,0.9345921733034708,0.6060719459839394,0.2984901579113593,0.6009229223532829,-0.42716748859397397,-0.31498644,0.41614122,0.95572559,-0.23080879,0.36672512,0.87658621,0.150229576595151,0.21284840406512523,-0.05800596330347074,0.0,0.0
1.3388303213500976,0.04625728973388671,0.046739813842773426,2.88336441619873,-0.054150532531738294,-1.5707889803846897,-1.4675143444824221,0.0,0.0,0.0,0.0,-0.0038345973887360363,-0.0,-0.0038345973887360363,4.775282192688001,4.588136536565952,0.23776702212227452,0.7025632008516236,3.124726211333258,3.003541729090293,6.18347655596702,6.174272671239706,2.5049979730274585,2.512667876966887,-2.2886993355253757,-2.3147770089194326,-0.38110136758091573,0.1537602682582303,0.9345805930993105,0.6063501398680161,0.29799783949604725,0.601198385807476,-0.42672859810447555,-0.31498644,0.41614122,0.95572559,-0.23080879,0.36672512,0.87658621,0.15029257758091571,0.2129648517417697,-0.05799438309931049,0.0,0.0
1.3388303213500976,0.04625728973388671,0.046739813842773426,2.88336441619873,-0.054150532531738294,-1.5723229611725755,-1.4671308493041995,0.0,0.0,0.0,0.0,0.0,-0.0,0.0038354876765648725,4.775282192688001,4.588136536565952,0.23776702212227452,0.7025632008516236,3.124726211333258,3.0020077483024075,6.18347655596702,6.175806652027591,2.5049979730274585,2.512667876966887,-2.2886993355253757,-2.3147770089194326,-0.381038366595151,0.15387671593487479,0.9345921733034708,0.6060719459839394,0.2984901579113593,0.6009229223532829,-0.42716748859397397,-0.31498644,0.41614122,0.95572559,-0.23080879,0.36672512,0.87658621,0.150229576595151,0.21284840406512523,-0.05800596330347074,0.0,0.0
1.3388303213500976,0.04625728973388671,0.046739813842773426,2.88336441619873,-0.054150532531738294,-1.5707889803846897,-1.4675143444824221,0.0,0.0,0.0038350457024958185,0.0,-0.0038350457024959573,-0.0,0.0,4.773748211900116,4.588136536565952,0.23623304133438872,0.7025632008516236,3.124726211333258,3.0020077483024075,6.18347655596702,6.175806652027591,2.5049979730274585,2.512667876966887,-2.2886993355253757,-2.3147770089194326,-0.38110435799504155,0.15376515745335378,0.9345477227158052,0.6064072794682196,0.29788157584626357,0.6011165395938983,-0.42684386373234473,-0.31498644,0.41614122,0.95572559,-0.23080879,0.36672512,0.87658621,0.15029556799504154,0.21295996254664623,-0.057961512715805186,0.0,0.0
1.3388303213500976,0.04625728973388671,0.046739813842773426,2.88336441619873,-0.05376703735351562,-1.5723229611725755,-1.4675143444824221,0.0,0.0,0.0,0.0,0.0038348369672079052,-0.0,0.0,4.775282192688001,4.588136536565952,0.23776702212227452,0.7025632008516236,3.124726211333258,3.0020077483024075,6.18347655596702,6.175806652027591,2.5049979730274585,2.512667876966887,-2.2886993355253757,-2.3147770089194326,-0.381038366595151,0.15387671593487479,0.9345921733034708,0.6060719459839394,0.2984901579113593,0.6009229223532829,-0.42716748859397397,-0.31498644,0.41614122,0.95572559,-0.23080879,0.36672512,0.87658621,0.150229576595151,0.21284840406512523,-0.05800596330347074,0.0,0.0
