-0.31,0.46,1.22,0.0777735360069543,0.0785384357398769,0.18874593071022994,0.011650670214253181,0.03369487853348321,-0.02037194652923664,1.5970581969287139,1.5767503378032395,-0.010604874845850569,-0.005010504972071406,0.0,0.0,0.0,0.0,0.0,0.0,0.0,-0.3877735360069543,0.3814615642601231,1.03125406928977,-0.0026846818209167542,0.6908769853295345,0.7225501559555683,-0.02455719353018329
-0.31,0.46,1.22,0.07006344311209178,0.08362009260621289,0.19900323293124478,0.00245128390068563,0.017398119882370985,-0.005815600148350823,1.5970895613853209,1.5687014901386198,-0.015134563583733211,0.014473035914670168,-0.30237044348109654,-0.6087770820404586,0.19571742922546703,0.044832538282594155,-0.12555318787479536,-0.17350485748458014,0.6577559767526945,-0.3800634431120918,0.3763799073937871,1.0209967670687552,-0.003264614296751316,0.7056930399994092,0.7082866216022885,-0.01779711350479066
-0.31,0.46,1.22,0.07625897084402095,0.09000029756101308,0.2154904205173227,-0.0013287410362234433,0.001724651772306337,-0.00112834885280647,1.6240500336534016,1.5491046171379614,-0.02827541574602859,0.05974736108364393,0.122808777709673,-0.043509296937044674,0.03756715471960754,0.7688288403225494,-0.4971042979845548,-0.3451910905970758,1.0050297516233018,-0.38625897084402094,0.36999970243898694,1.0045095794826773,-0.008533503294600474,0.7335257382575726,0.6790536980318866,-0.027445324272519334
-0.31,0.46,1.22,0.07926876368926078,0.09102224004972709,0.22181113538834363,-0.004496569157056821,0.004014656586793451,-0.0005147013697096108,1.6328026338688768,1.5379759688005807,-0.0499950323340515,0.09505322258019651,-0.1580798540517785,0.0912833346244552,0.0009357950559822265,-0.2706577091392785,-0.10476548615492554,-0.5165482343706977,0.5401742242250941,-0.3892687636892608,0.36897775995027293,0.9981888646116563,-0.005113961715700284,0.7490176503687839,0.6614766646074735,-0.037350087166815725
-0.31,0.46,1.22,0.08428378562142241,0.09279433391526609,0.22678199164654422,-0.0028528238872287974,-0.0001740695885753221,0.0034959531613133078,1.6498207851894626,1.5397594191717616,-0.07090907155430834,0.14128695957610884,0.13411346309044633,-0.1773598852033325,0.2287554638625597,0.8688752083607167,0.2269977959339039,-0.32788636571652086,1.2062482280409483,-0.3942837856214224,0.36720566608473393,0.9932180083534558,-0.005948293505365158,0.7645313720644122,0.6427022429483911,-0.04888993600720552
-0.31,0.46,1.22,0.08443852247781325,0.09177767188997282,0.22793597738321714,0.0022268286084652037,0.005507790995540443,0.029400984811512307,1.6652300108056943,1.5485297735792989,-0.0824631344689433,0.1956939637702063,0.11054820947340839,0.3572289351594696,0.6382086785639899,-0.07500647965564153,0.11976150707157553,-0.1415988360527133,1.0184333785103101,-0.39443852247781325,0.3682223281100272,0.9920640226167828,-0.020137647477606227,0.7781787920534033,0.6256712238721891,-0.050673093162456107
-0.31,0.46,1.22,0.09146799004981676,0.08732901067940052,0.22458040687296488,0.017236410036373575,0.01893459238904755,0.049830654335012395,1.690278318508003,1.5569321758272638,-0.09398517841027587,0.2330781796127976,0.3983817663481905,0.18510930136735235,0.35282489637157743,0.9289554317381448,0.17447537086389497,-0.312647472812755,0.5039844798975749,-0.40146799004981676,0.3726709893205995,0.9954195931270351,-0.039160987850938654,0.7835834922974513,0.6173433390576468,-0.057883757226222445
-0.31,0.46,1.22,0.09645290742584672,0.08957092960633112,0.23047587508708833,0.025731881876112216,0.01171873925816109,0.06530614473583647,1.7058403676272789,1.5587122056983347,-0.11409388551351546,0.27338565990581465,-0.04204440857459579,-0.4410359151771852,0.18434205685349891,-0.2606900051575477,0.05415727438757106,-0.4844887678737929,0.9510176318866745,-0.4064529074258467,0.3704290703936689,0.9895241249129116,-0.049753513593925956,0.7971370761885059,0.5980230635432969,-0.06682428541323186
-0.31,0.46,1.22,0.09505019045904411,0.09096003892661414,0.23258623938507672,0.033989510674522785,0.00400680624695526,0.07852061771080183,1.7049986872807708,1.5709352949505033,-0.13341004898286155,0.2989482051430864,0.30599110236879945,0.10931965295090365,0.3567348237208554,0.08345476590933348,0.2524261887302106,-0.29605261335408506,0.10643562873069652,-0.4050501904590441,0.3690399610733859,0.9874137606149233,-0.05090986059189358,0.8047275966622224,0.5871314514496666,-0.07140266089835458
-0.31,0.46,1.22,0.09926218238702395,0.08470972310073449,0.22693060992134018,0.0569946305467435,0.019953172637499888,0.11792197938674776,1.728972277056433,1.5776745922338067,-0.143364681978308,0.29939243715184705,0.5322881060233879,0.4305639995019297,1.1207341860383822,0.6942656428077416,0.046141229406447416,-0.10978876954004169,-0.06479948678980182,-0.40926218238702394,0.37529027689926553,0.9930693900786598,-0.07755532553017086,0.7985926281137968,0.5922851888885436,-0.07371052046668997
-0.31,0.46,1.22,0.09402558631746372,0.0809447088313599,0.22542275787793664,0.07225777967959403,0.025794392672653082,0.16791306505556866,1.7441980210805978,1.5818711830839103,-0.14411883927460803,0.29949973321251044,0.11597002949681809,-0.10973111658037035,0.8217858644354282,0.11121455463419752,0.14167390237450114,0.06956861836360106,0.020230849527319603,-0.4040255863174637,0.3790552911686401,0.9945772421220633,-0.10499873342882304,0.795382790154889,0.5935835678300567,-0.06324579911667849
-0.31,0.46,1.22,0.07771286176185227,0.08085408219574786,0.2273870486622095,0.07335833755756256,0.020132702616542025,0.2128645986509275,1.7401257070801828,1.5861920262109486,-0.13615726571342063,0.31047358650865653,-0.02300035719107488,-0.09842623994047804,0.8864929401023628,-0.134935765308539,0.09077726344947268,0.24210018375744552,0.35683665873069315,-0.38771286176185227,0.37914591780425216,0.9926129513377905,-0.119598003386928,0.7986267303506766,0.5883778602420496,-0.04126931950293546
-0.31,0.46,1.22,0.08060723280527621,0.07791213125711144,0.2213297719191466,0.08321810720656544,0.029127760512403192,0.23774809454193582,1.7628802639172274,1.6015437199422173,-0.12884698287093913,0.30665898460294133,0.40284046608704976,0.4003305634280593,0.2666737497609813,0.91520187990253,0.26989483724552793,0.05752309541920776,-0.4709785956384433,-0.3906072328052762,0.3820878687428886,0.9986702280808534,-0.1414775691574715,0.7901196160107606,0.595221338194048,-0.037505311341036913
-0.31,0.46,1.22,0.09356336886902727,0.07801457855339661,0.22272262219921368,0.09975986707595119,0.03700541493537417,0.27334824635660276,1.8166535218795632,1.6001944662777405,-0.12150818427319547,0.2969020706411817,0.28576627572917246,0.03348418263131014,1.1159007137625172,1.1648692112519592,-0.12027628621974529,0.22895196635732215,-0.09939439964556043,-0.4035633688690273,0.3819854214466034,0.9972773778007863,-0.18031952885112937,0.7824283799653549,0.5946167693205886,-0.04149211229189249
-0.31,0.46,1.22,0.09095296047764623,0.0794871024753383,0.2202083753359183,0.1045726175905613,0.03806643348641381,0.3349972312317327,1.8584009284462712,1.6209459315910208,-0.11489731416385521,0.278672806625822,-0.015518846981870272,-0.007904987056075823,1.2772279401770936,0.6585173823454199,0.6922405548274421,0.042437633740403366,-0.44868164052245346,-0.4009529604776462,0.3805128975246617,0.9997916246640817,-0.2185058335105858,0.7690983992048949,0.5997691193630073,-0.03193519251288847
-0.31,0.46,1.22,0.09114166469556362,0.08648976733958602,0.2171326810827967,0.1026309620634607,0.02581799294519489,0.39048523222591097,1.9052270713523782,1.6568847652166716,-0.11731106961145653,0.2450860215466263,-0.05910987053615644,-0.36949219086651836,1.0006959303039982,0.982830189334702,0.6582870750742462,-0.13131032356327124,-0.8559462191259753,-0.4011416646955636,0.373510232660414,1.0028673189172033,-0.25122321932945774,0.7513105640073611,0.6093310701188748,-0.03368942665690742
-0.31,0.46,1.22,0.08298650752695952,0.09206640230036472,0.2191364863586076,0.08932630668707812,0.018754061242792122,0.42363044518010146,1.9237552260240622,1.6623885618041503,-0.12837818218156782,0.2227564439775694,-0.39864626495415095,0.014131156551092877,0.3039705551690278,-0.1966797575941362,-0.17813254214352262,-0.3041317157779191,-0.13891612455723262,-0.3929865075269595,0.3679335976996353,1.0008635136413924,-0.2609555335690528,0.7468497924513929,0.6108253951624112,-0.03177945310553233
-0.31,0.46,1.22,0.06669259618604961,0.0931975559722032,0.21637480068820358,0.06130361427005218,0.012900223986453588,0.4139966731134968,1.8934454130459226,1.6585925710559954,-0.14802307330802933,0.20065406954057305,-0.6465016180844994,-0.23916300217349684,-0.631716312701124,-0.8117267194620462,-0.07459296170354839,-0.47458457152086897,-0.630307806213661,-0.3766925961860496,0.3668024440277968,1.0036251993117964,-0.2319334522861111,0.7485793499554201,0.6205710564340106,-0.026970251154619374
-0.31,0.46,1.22,0.06598218017443702,0.09462599287820644,0.21675493611570817,0.04027608650017871,0.016030468223626502,0.37091737474516007,1.8792984736343183,1.6348907714712964,-0.16683511642628207,0.15923325784371697,-0.20965656089550155,0.33591053546933886,-0.9372929160377379,0.04109952643312084,-0.7946404988202527,-0.28594388025758477,-0.987071071216833,-0.375982180174437,0.3653740071217936,1.0032450638842918,-0.19751610542287523,0.7461071761395253,0.6346389278450947,-0.039305229617850594
-0.31,0.46,1.22,0.0665860631894371,0.09019519488713962,0.21764356809340013,0.024846487570568277,0.035875830775977946,0.31230017362648516,1.8522939494047586,1.5828540254420922,-0.18436948003383025,0.11008342935145847,-0.3473710564435782,0.38573241986938633,-1.371777591521973,-0.9633930073981704,-1.1584236492914546,-0.3447803050870017,-0.9884056276561108,-0.3765860631894371,0.3698048051128604,1.0023564319065998,-0.15631075467163275,0.7418724649443632,0.6501111920525559,-0.05047406957403137
-0.31,0.46,1.22,0.0771373110731623,0.08995445317822692,0.2189446258575145,0.013989457210437166,0.03865577837761776,0.2424280836699924,1.8349133808495723,1.5531419311902186,-0.20604217494997537,0.0673320888028495,-0.14919744083112402,-0.19093953882789336,-1.2740924967891676,0.17604441018791572,-0.2253407429921661,-0.5154516670323643,-0.6947435029701475,-0.3871373110731623,0.3700455468217731,1.0010553741424855,-0.11330562834370389,0.73646378515361,0.6628506663773348,-0.0735657653122634
-0.31,0.46,1.22,0.09056350705416633,0.0888578058601206,0.21734417039630394,0.017555310297904983,0.043363785135161856,0.2012035512418207,1.830417993942225,1.5373820137082765,-0.2269493239195678,0.027798880344510113,0.23739566390149136,0.35953379533085533,-0.4049455008062769,-0.18833600579642276,-0.3871661876942874,-0.3284537214146408,-0.8346200543371242,-0.4005635070541663,0.3711421941398794,1.002655829603696,-0.08974606849209757,0.7264238644556786,0.6744199248109595,-0.09701431521929862
-0.31,0.46,1.22,0.1048724886983321,0.08774202027398631,0.21406305851747187,0.033587275617276605,0.046787236284285376,0.19852100249587076,1.8524406978688943,1.541270502376793,-0.2385102433804667,0.003480409146963956,0.3465444611882257,-0.10502096739917036,0.2968803838480547,0.9662608440823751,0.3951649806861945,-0.14172081662576025,-0.20440019217281555,-0.4148724886983321,0.3722579797260137,1.005936941482528,-0.09586824237686364,0.7155653779154422,0.6821887844651506,-0.1157321579435113
-0.31,0.46,1.22,0.11240581010028067,0.08902993115478652,0.21861497792507456,0.044174925517060634,0.04707599552105475,0.20663380340782433,1.8703534315399817,1.5341789271049309,-0.25007837927323795,0.013616847160604193,0.12993783431064412,0.08719782731986837,-0.020775592157872856,-0.15383210399312655,-0.3725443238343328,-0.31383520596994297,0.5064982274562273,-0.42240581010028067,0.3709700688452135,1.0013850220749254,-0.10625529956420218,0.721323515428962,0.6728291014664598,-0.12531240011891198
-0.31,0.46,1.22,0.10559592749010199,0.08431611231507447,0.2241677273900997,0.0489676378841208,0.057247123203963524,0.20242883751238416,1.845222020572755,1.5103078724328025,-0.2608951532059016,0.056544481396693366,0.0712648604221751,0.2697861026066961,-0.1683919009455342,-0.6555127524575982,-0.43986727347996696,-0.12642737533365417,1.1050844375213682,-0.415595927490102,0.37568388768492555,0.9958322726099003,-0.09638737509100428,0.7395106715387413,0.655490699201917,-0.11901841816781193
-0.31,0.46,1.22,0.09604864626209875,0.08225281318907529,0.22445006450751792,0.040871941567974863,0.05380804019962335,0.18282358621171083,1.8041199333183784,1.5155345057019225,-0.2716818029040962,0.10648640597224476,-0.36624630142841574,-0.35289760718325164,-0.5857406775827912,-0.9010542829591599,0.4550061841638969,-0.29804031280253557,1.0203135304866395,-0.40604864626209874,0.37774718681092473,0.995549935492482,-0.07203309144208618,0.7542259090387711,0.6426449708251815,-0.11385057463639378
-0.31,0.46,1.22,0.10364039784790324,0.08573397297702068,0.21718600490221007,0.033058598583656555,0.0356470421167908,0.1438007927238616,1.789517262032543,1.5597948424889072,-0.29101227720163564,0.13649626426432426,-0.00931853093304388,-0.3822052037033429,-0.7563759889887052,0.22968253748594766,1.015327009489875,-0.46854215705991153,0.26123041949786974,-0.41364039784790324,0.37426602702297934,1.00281399509779,-0.04708128957594244,0.7543848733305172,0.6411534305035461,-0.13269926004126778
-0.31,0.46,1.22,0.1031936985112743,0.09287368827030001,0.21858777077749925,0.021942498075368102,0.006004440538413354,0.12715622454103456,1.773986444446367,1.5901016646809947,-0.3095861678985121,0.168343267195914,-0.380484839211831,-0.6647306514736039,0.05219560239339172,-0.6440741210123432,0.49380477183788857,-0.2819647106110811,0.9012318702935973,-0.4131936985112743,0.3671263117297,1.0014122292225007,-0.02784586754828365,0.7621119180838059,0.630954154345639,-0.1425022353827663
-0.31,0.46,1.22,0.10483949248040386,0.0976712277843792,0.2139594367382014,0.014131037528660587,-0.01286304369055637,0.11374182192826926,1.7705144413820364,1.6325133099082505,-0.3280954788954265,0.19985666287971682,0.054179040686256605,-0.10779156187741344,-0.3987580455129147,0.3323064113969144,0.8994003092079336,-0.4518125200508057,0.4851393252718117,-0.41483949248040386,0.3623287722156208,1.0060405632617986,-0.015813501826813386,0.7642346022796629,0.626080218824767,-0.15400962773395224
-0.31,0.46,1.22,0.11467051927615601,0.10431541636091296,0.21574937968286556,0.01297964465137294,-0.030756320148077776,0.11648203354595586,1.7941875022743965,1.6587607603461216,-0.34582041676473707,0.2454727207263887,-0.060387326314471405,-0.46550680091690955,0.4487926160548918,0.5604589889767243,0.4214438594678346,-0.26478298129111394,1.2825307495676872,-0.424670519276156,0.35568458363908706,1.0042506203171344,-0.022364128195654014,0.7749884386408522,0.6081921211387008,-0.17027950413326423
-0.31,0.46,1.22,0.11770518699235172,0.11018131286644084,0.22277251315990731,0.021802330940977117,-0.03927562641330787,0.1579407713824585,1.8263305071366929,1.674321168954176,-0.3542134566975553,0.30267421464201755,0.39441997481676294,0.09999925134800605,1.1114076197967713,0.6604211564777084,0.22848832029655314,-0.07850313023855894,0.9840730550688936,-0.4277051869923517,0.3498186871335592,0.9972274868400927,-0.05214478532716342,0.7937485521607834,0.5812134271650286,-0.17156663250447646
-0.31,0.46,1.22,0.1208215345952609,0.10625964766971502,0.22119879633109107,0.04974893436360366,-0.019909569788198758,0.21234908169594413,1.85433689052155,1.68610105459633,-0.35347130771435287,0.343752488277669,0.6489118363591261,0.6368596830549788,1.0635808763175236,0.46973108537578345,0.19386123636570646,0.09863160313294092,0.7447722444047248,-0.4308215345952609,0.353740352330285,0.9988012036689089,-0.09571688177996562,0.8001937209304791,0.5682762740433521,-0.16610347342894324
-0.31,0.46,1.22,0.1168021347739015,0.10095298039920358,0.21633406409721778,0.07059030304887552,-0.005085139687662764,0.26250071779913686,1.8606620970538954,1.709606856173718,-0.35324091599071966,0.4014421632914664,0.20134185911083471,-0.015898805918658755,0.8735138005393107,-0.08560993149322375,0.7205227931948239,-0.07914214180998065,1.482836070985691,-0.4268021347739015,0.35904701960079644,1.0036659359027822,-0.12905074075285644,0.80673253590272,0.5558554937521161,-0.1534704919282437
-0.31,0.46,1.22,0.11379730343853217,0.10461296875040693,0.21069588648102555,0.0705405970783732,-0.019744868880415503,0.2823323876656663,1.8581729281736137,1.7597246948704655,-0.3616337723257646,0.45486385907729776,-0.14308549288621844,-0.4789325406589241,-0.045695168322573206,-0.08423861402599198,1.0581261538780984,-0.24971768790603618,0.741134206168949,-0.42379730343853217,0.3553870312495931,1.0093041135189744,-0.1395985478896363,0.8126402938282709,0.5450308537026859,-0.15188603222787744
-0.31,0.46,1.22,0.10787252783936652,0.10976338386557105,0.20412435358200254,0.05276643347913647,-0.0453114799677021,0.26155966749246695,1.8260269047198763,1.8034731882727106,-0.3785879828534279,0.4844709525992349,-0.4946532369175918,-0.5245500330667617,-0.7464218503869943,-0.9959915189315627,0.7452022349611855,-0.4212158356086573,0.5284885020780228,-0.4178725278393665,0.35023661613442897,1.0158756464179974,-0.116341252917053,0.815010457185755,0.5449202794128506,-0.1590111839845793
-0.31,0.46,1.22,0.101612944939241,0.11794357632009872,0.2106783684855964,0.038941380125147695,-0.07425530261750139,0.24802316885696912,1.806636844768489,1.8158431770245496,-0.3947622643108743,0.5320953030880766,-0.1184194088539951,-0.5076549537643623,0.1482058504921006,0.04650039993088504,0.024118244517671996,-0.23351495657135438,1.3035535646276972,-0.411612944939241,0.3420564236799013,1.0093216315144036,-0.09714458535331888,0.8308738159962707,0.5232459621413972,-0.16255858799537612
-0.31,0.46,1.22,0.09331221597368172,0.12022519339131826,0.21497059765785798,0.04206062183006265,-0.0851824659425117,0.26085515030090906,1.7870501734957722,1.8230613292624327,-0.4016010066541887,0.5752285245707843,0.2076215693842089,0.051042022214746116,0.3313426447678449,-0.5987303352158425,0.16256099203957447,-0.04740863745655911,0.45630606006506996,-0.4033122159736817,0.33977480660868176,1.005029402342142,-0.09690765836607985,0.8440685990499058,0.5040457102642016,-0.15522573179788487
-0.31,0.46,1.22,0.0794897078512799,0.1129885269736739,0.21267177426974104,0.049128862764675214,-0.07716305496943646,0.25902322872748634,1.7389925836124587,1.8119734154714735,-0.4084575183558052,0.5903577305932775,0.10173485351168204,0.22321401293760593,-0.31505159192590204,-1.092848393090562,-0.4217525304920564,-0.21906859407651705,0.2139359491010696,-0.3894897078512799,0.3470114730263261,1.007328225730259,-0.08157894275863654,0.8474725327632038,0.5041727415184712,-0.14472397527725783
-0.31,0.46,1.22,0.08026185246743123,0.10918489619626354,0.219053935281472,0.06467555185685334,-0.07036102876654474,0.23830616536322358,1.7149048514285707,1.7825187765632,-0.4238118810534655,0.6224497677718076,0.4411449529971128,0.1260997335843686,-0.39937310622701,0.021179815831550302,-0.6190723596035994,-0.3884882430425953,1.0086685248222036,-0.3902618524674312,0.3508151038037365,1.000946064718528,-0.06840282972016633,0.8583402070726533,0.48537316484318377,-0.15161145292773875
-0.31,0.46,1.22,0.07935810455609865,0.1073413681317798,0.22860017176538405,0.07622753900969724,-0.06143545991421706,0.22364976725844124,1.6893527023575812,1.748153429192124,-0.43839822104928644,0.6778247233938216,0.08542669335290073,0.22885272363475298,-0.2797482228066144,-0.8406190184878459,-0.6269472428831037,-0.20204428579615924,1.2188296212405936,-0.38935810455609865,0.3526586318682202,0.9913998282346159,-0.05805029682962519,0.8755788344457904,0.45360587044047174,-0.15567139111116604
-0.31,0.46,1.22,0.08451794459424422,0.10048208086430938,0.22600868070593572,0.09172786525873486,-0.03608189087655993,0.20988309003108535,1.678406074061844,1.7358248309953561,-0.4435639058074352,0.7167099301978447,0.5096235011885188,0.7199758662793708,-0.17037835548562572,0.30927362581840473,-0.1570040420761413,-0.013732868716739526,0.37092517097975375,-0.3945179445942442,0.35951791913569064,0.9939913192940643,-0.05762673527198522,0.8805508230836758,0.441707494086679,-0.16187617803809273
-0.31,0.46,1.22,0.09021945600387343,0.0939560372154335,0.21415914199703123,0.1059038670453113,-0.01734839168748354,0.22332245207903917,1.682814511855113,1.7631683983185755,-0.43978171521172577,0.7503704729562644,0.07398707386320774,0.056954130576813755,0.677741563354242,0.009683846999124597,1.1954223312254455,0.15814574913696577,0.9226973731239908,-0.40021945600387343,0.3660439627845665,1.0058408580029687,-0.0765749938590096,0.8777239627420532,0.4446215244025299,-0.1613958350821048
-0.31,0.46,1.22,0.07629010701408895,0.09126786474460152,0.20484429526150816,0.10017596812534386,-0.014029217632967765,0.23696023125223323,1.6533558012831278,1.7867551714627343,-0.4366962612131658,0.7775111367795052,-0.21794432260442936,0.0904533979990337,-0.10427012524306836,-1.0383413360439886,-0.042359237862384894,-0.024309510425617614,0.25043872378312326,-0.38629010701408895,0.3687321352553985,1.0151557047384918,-0.07291775407021589,0.8778387342782299,0.44978827664953236,-0.14755562995289054
-0.31,0.46,1.22,0.0645498988167959,0.08423543581350207,0.19825692763109148,0.10012358291484326,0.0034916007721058438,0.2388044169726665,1.6234745637629848,1.7782250538692534,-0.43335059817869814,0.7687323370015374,0.1565912943652995,0.5043431229737301,0.17217346515044896,-0.30969459509928476,-0.3187939564159182,0.15067563873417425,-0.5331957480436021,-0.3745498988167959,0.37576456418649795,1.0217430723689085,-0.059621730880235355,0.8736408757947064,0.4627298574355343,-0.13812294662797134
-0.31,0.46,1.22,0.06196771496442166,0.08134323771566587,0.19875657032815197,0.10348129444869522,0.012129105378034966,0.26216178307162463,1.6384991512423963,1.766913540292612,-0.4213082781053098,0.7640269805763,-0.009039986043008385,-0.10358655645879195,0.6973907574547621,0.7461831859415192,-0.1014404128154343,0.3238446254778809,0.3071517182537543,-0.37196771496442166,0.37865676228433415,1.021243429671848,-0.07201423021074385,0.8740729388460052,0.4636882115417423,-0.12571273086478663
-0.31,0.46,1.22,0.0678613025147789,0.08614408446322092,0.1981472875552499,0.10164782485191888,0.008506214040662142,0.3079856240022453,1.698106352100331,1.7950983556016455,-0.4011517291763182,0.773763340076906,-0.07110451621264045,-0.06986101807837657,1.0882216129304547,1.3848905247400214,1.07272905024332,0.445917532724456,0.15261403672442936,-0.3778613025147789,0.3738559155367791,1.02185271244475,-0.1127038645908651,0.8741428185072512,0.45919367609341943,-0.11096548830287084
-0.31,0.46,1.22,0.0669035096139386,0.09579378044122666,0.20340128751500064,0.08749796441540325,-0.008109581273428092,0.3366691765948433,1.7359320294816547,1.8123530506867747,-0.38375316920561314,0.7940200602679547,-0.4261438451375624,-0.4651826146825746,0.1024159128754266,0.21620474528429623,-0.1877363765800177,0.25787904381284366,0.4406715703415531,-0.3769035096139386,0.36420621955877336,1.0165987124849993,-0.13603129585129445,0.8796649742277519,0.445444920914716,-0.09624885504351915
-0.31,0.46,1.22,0.06121863616741563,0.10365033477659519,0.20524409349911577,0.06942012583989718,-0.02154115979153199,0.3625112897714457,1.7603779949249183,1.8338468591535453,-0.3663939719582691,0.7947150867580407,-0.3143182675955396,-0.18010989541457834,0.8309662155550547,0.6486734527545096,0.8137435215274675,0.4293894932495699,-0.33740685169709,-0.3712186361674156,0.35634966522340483,1.0147559065008842,-0.1479102845488143,0.8805506501837725,0.4428460893634515,-0.08148890305509114
-0.31,0.46,1.22,0.057199764180577706,0.106470560976557,0.20691238130428902,0.06532229766524562,-0.01632776357479771,0.4053230449800716,1.7983099402495861,1.8365010068015502,-0.34059505243508653,0.7994829464637536,0.1319678762024375,0.34979319029615524,0.835769307246859,0.7913819860519634,-0.5393031921957947,0.579154847221017,0.46556885566124273,-0.3671997641805777,0.353529439023443,1.013087618695711,-0.17523450939076543,0.8797412750549454,0.4380920080313865,-0.058511094523211404
-0.31,0.46,1.22,0.04395430802081568,0.09977873358572537,0.2089643658105429,0.06370978719247704,0.013908910540575258,0.43512244135483297,1.8076814660300964,1.7977102063517594,-0.3079839041714037,0.8009532606952627,-0.1262628647602431,0.7399022217909771,0.3315683317783697,-0.3650930505783166,-0.917588477077247,0.6789598625334972,-0.36876509946716096,-0.3539543080208157,0.36022126641427465,1.011035634189457,-0.1863860145162768,0.8816158109876353,0.4328932087441594,-0.024845225548142197
-0.31,0.46,1.22,0.04397667463947713,0.08865707103278381,0.19891023234679683,0.06806797778680901,0.05078710584543233,0.44114663372708146,1.8201644398754204,1.7846487629637735,-0.2778443285601853,0.7635563169192414,0.24134535242176539,0.6671672384855496,0.08616596970817524,0.7641668752859452,0.2152050362323637,0.5804768010700326,-0.9762699932468024,-0.35397667463947713,0.3713429289672162,1.0210897676532031,-0.1956071341266414,0.8667380767039662,0.4587031365518299,-0.009715348052691431
-0.31,0.46,1.22,0.04098896185665746,0.08324943269251012,0.1953247157528606,0.06929116772710502,0.06842778135744275,0.4595035028465517,1.833599438322002,1.7705988018386483,-0.24463373115199072,0.7368508066343683,-0.1572981815055068,0.1248724773159062,0.46447768155142666,-0.01063566581163646,-0.4461489268954443,0.7258709988111008,-0.12643905463540728,-0.35098896185665746,0.3767505673074899,1.0246752842471394,-0.2095025988930164,0.856184650743874,0.4721832223429181,0.009975441119124837
-0.31,0.46,1.22,0.028548545765950506,0.08052392228223543,0.20250535440779482,0.0671484998562259,0.07818329337062847,0.4583884741913131,1.8230323024192385,1.7283424061884198,-0.21324633605758167,0.7522076465293365,0.02257737430098653,0.2652050855874333,-0.4341881878894379,-0.35976294773589024,-0.9652920019833942,0.5373665925045578,0.7052821472474397,-0.3385485457659505,0.3794760777177646,1.0174946455922051,-0.2043315478626713,0.8645917349516667,0.45768535129383825,0.03541002135480285
-0.31,0.46,1.22,0.03340436326768931,0.08209889464092668,0.20935787504726044,0.061580808277525385,0.07847616839664895,0.4193203877656526,1.8188468401316127,1.709741981767126,-0.19121652425675592,0.7678850490854153,-0.2179425809454532,-0.18324567168004463,-0.9799960754531203,0.005794631027172247,-0.021552462641670052,0.3507711226050288,0.026643510223406667,-0.3434043632676893,0.37790110535907334,1.0106421249527395,-0.19380000639808992,0.8724719549686689,0.4472204581243695,0.03504435972133268
-0.31,0.46,1.22,0.0418255087985247,0.08720912432812206,0.2115485512159605,0.0433793444852429,0.06486642911732339,0.3613735327126555,1.8026236384479022,1.713385311297476,-0.178574702003596,0.7545377144812202,-0.4384959071348679,-0.3546613702300838,-1.2748194169044782,-0.481392565459009,0.09084485305832807,0.1627915978134748,-0.48719873908741124,-0.3518255087985247,0.37279087567187796,1.0084514487840395,-0.1714344238003465,0.8736064546943803,0.4550130047044619,0.019625651642077174
-0.31,0.46,1.22,0.045094542196666476,0.08593413469491545,0.20926123121955786,0.033121527455593956,0.06144109824959911,0.3062442186103707,1.767797499379058,1.7036254466064746,-0.16615089111219752,0.7088913323393419,-0.00458497396897458,0.17820996540397047,-0.9492023653806565,-0.7486902478414585,-0.42720095396771857,0.3097725887383535,-1.283730699446511,-0.3550945421966665,0.37406586530508457,1.010738768780442,-0.14210005039611304,0.8670988776563434,0.47738420992041397,0.007171343193143968
-0.31,0.46,1.22,0.05861727241800008,0.079943052237125,0.2003681592170785,0.03458118929120182,0.06729405970958537,0.24960987052670422,1.7488761928882965,1.7013116078889106,-0.1554783180295392,0.6306651835684248,0.0329078443198328,0.0442310390750781,-1.1836071130978274,-0.19473629806572823,0.08430839268941105,0.12409539468386264,-1.6959271756127074,-0.3686172724180001,0.380056947762875,1.0196318407829215,-0.12330768330508785,0.8465616220142744,0.5176462259442786,-0.013077466732434376
-0.31,0.46,1.22,0.06794093641256149,0.0812294590375291,0.20032627605821451,0.025719926592933855,0.05365112347809274,0.1896379388587156,1.7260779092233287,1.6923927107973498,-0.15406020548905366,0.5680168764074008,-0.3211568662029695,-0.5091028746806646,-1.224713411182019,-0.5500885160283194,-0.23729103428745607,-0.056614561244565084,-0.8643671577943758,-0.3779409364125615,0.3787705409624709,1.0196737239417855,-0.09526035172392133,0.8349083555140049,0.5409963422752284,-0.03429957619502957
-0.31,0.46,1.22,0.07159516674795258,0.08669628076595365,0.19903629673997636,0.008890984092884628,0.03166004880734504,0.14784974427800712,1.7124094113980861,1.7069330305720765,-0.15231250679957561,0.5227313761632347,-0.32830535645733766,-0.3982068517467219,-0.5212958224994786,-0.0749642865112597,0.5696444836587355,0.11791771195384107,-0.8259084687760553,-0.3815951667479526,0.37330371923404637,1.0209637032600236,-0.07072843328416467,0.8247799370202826,0.5590146603107454,-0.04730912989738894
-0.31,0.46,1.22,0.07599939985685983,0.08832399834091337,0.20103350167127987,0.004159029976895809,0.02643092784077624,0.11833828645615602,1.7048974925463294,1.6961635768373002,-0.1511603074242759,0.5035726042000533,0.1213676197157226,0.14803232500781882,-0.6182353198401933,-0.2321107182620467,-0.9362584507311518,-0.06154095603865952,0.02233231044997202,-0.3859993998568598,0.37167600165908665,1.01896649832872,-0.056883226627329586,0.8222818752363523,0.5634768270604832,-0.055773484310219314
-0.31,0.46,1.22,0.06617939323755911,0.08808933783620432,0.2125826088620677,0.0012369591766277547,0.029870720985318632,0.10588720515986394,1.6717094794998797,1.6534656977947002,-0.14969634172008664,0.5115896458742478,-0.15433645116689462,0.02840805220675479,-0.011364116622248918,-0.8288839535397556,-0.7174942506643082,0.11199026845684691,0.24355605640749486,-0.3761793932375591,0.3719106621637957,1.0074173911379323,-0.03773476460212756,0.8348475863053217,0.5469858414007932,-0.049112976774644594
-0.31,0.46,1.22,0.058759375082290066,0.0841062397762744,0.21233867796055383,0.004980005255446103,0.0442007415056605,0.11541436232657892,1.6618147531887102,1.6370138152302065,-0.13956906440280786,0.5032983207316223,0.2875887279531216,0.45206519121259103,0.41320598621233623,0.3832636671341979,-0.18742843464109196,0.28583266153898523,-0.47074781960119616,-0.36875937508229006,0.3758937602237256,1.0076613220394461,-0.03762258404119942,0.8340155763483016,0.5491671372529557,-0.03765653913819442
-0.31,0.46,1.22,0.06778724146048437,0.08177645718124144,0.214434855818048,0.01512822881649747,0.05126082275179717,0.12535614921953148,1.689390084352623,1.6222225802816572,-0.13010932665806818,0.4916748952612539,0.13160625604136097,-0.08399411793764504,0.06264000676155596,0.5858129221130779,-0.2941487128083247,0.09990231990730719,-0.16096260977541735,-0.37778724146048437,0.3782235428187586,1.005565144181952,-0.05783517365316996,0.8325284596892009,0.5496509179479562,-0.03788568192606999
-0.31,0.46,1.22,0.06540938869419788,0.08042551841687973,0.2133869289144532,0.01735073264490274,0.05455654444955385,0.147389122035942,1.7002573580103144,1.6194994237404898,-0.12068444472111162,0.4654781488866824,0.012781169987180612,0.11707461428945397,0.6927257657446375,0.08017269174970335,0.027390945999936078,0.27060391809399437,-0.7514863416341437,-0.3754093886941979,0.3795744815831203,1.0066130710855468,-0.07084502017177664,0.8258289328009409,0.5586881694802607,-0.029241856105847862
-0.31,0.46,1.22,0.06754331812851622,0.0831657705826857,0.21035149919701257,0.011262951737904783,0.04370588796577683,0.1599057173200913,1.7244070453558538,1.6361527910173645,-0.11194651663794279,0.42698672167093066,-0.22412801471796312,-0.5030101921881224,-0.1091559738444012,0.6286350930311179,0.4672191207642812,0.08610558470615381,-0.8044850083394752,-0.3775433181285162,0.3768342294173143,1.0096485008029874,-0.08406213798139094,0.8134272192110651,0.5749415369744224,-0.026682298739802775
-0.31,0.46,1.22,0.07546296325580909,0.09052945097583731,0.21948010553729325,0.0031736524808048294,0.022082208686569033,0.13105350332766866,1.7287716728912832,1.6248565880330725,-0.1123004713157271,0.40872700387187993,-0.11160664208157252,-0.3285472309918976,-0.9566759848786336,-0.27538712529311365,-0.6573705048583923,-0.090447359436962,0.014741816869238512,-0.3854629632558091,0.3694705490241627,1.0005198944627067,-0.07488495693113241,0.8165626633038818,0.5710954861064444,-0.038309344451944435
-0.31,0.46,1.22,0.09111173349230733,0.09440739945136267,0.2247614846776238,0.008540846897072112,0.009377776754714144,0.10789412962211763,1.7470877436989674,1.6194832538188593,-0.11213989354166869,0.3890546222305272,0.26152611433184103,-0.23527083947583333,-0.011845160884292077,0.9523511338947213,0.18010133202951625,0.0869280497404718,-0.7048697681472605,-0.40111173349230733,0.36559260054863735,0.9952385153223762,-0.07532530732999487,0.8162977582889435,0.5700349369418967,-0.05517461874572113
-0.31,0.46,1.22,0.10052984090343181,0.09327683224751238,0.21689627769195763,0.013062023426399385,0.010075049676285964,0.10931549924193895,1.7647968428878447,1.6339905308998721,-0.11250900618681431,0.33879275917501245,0.005326574996472556,0.16316374925819416,-0.0007341406346996803,-0.14054957850876926,0.24689462175602933,-0.09160852140865568,-1.125241661342078,-0.4105298409034318,0.36672316775248764,1.0031037223080423,-0.0844922786362841,0.7973988512526403,0.5939821935400128,-0.06481728649992172
-0.31,0.46,1.22,0.10527072253554776,0.09435460872861978,0.21045239605961763,0.015534625015254981,0.004011365159326378,0.12489227767499801,1.7873276166338905,1.6556130404015341,-0.11465398119113843,0.3029251369473136,0.061660195120832186,-0.2848500882011853,0.5958219545916618,0.85821227455511,0.5825808750321737,-0.045549071826922895,-0.41068954408579755,-0.41527072253554775,0.36564539127138024,1.0095476039403823,-0.09598908892957568,0.7815200049226153,0.6124180425230927,-0.07040396227776402
-0.31,0.46,1.22,0.10388518524290674,0.09563378388765159,0.1986768671220014,0.0075939051223241055,0.0008338188450184129,0.14308767899528158,1.7993143365834106,1.6911777994484023,-0.12144389136238082,0.262557695716079,-0.3091097006947222,0.05140634179932318,0.11451740417056591,-0.332728242495286,0.6234040524490274,-0.2188505451731042,-1.0822500355631302,-0.41388518524290674,0.36436621611234843,1.0213231328779986,-0.10172686066397202,0.7604285995535074,0.6372472207470595,-0.07291070189411832
-0.31,0.46,1.22,0.09871303700310702,0.10008840074827624,0.19445326411435904,-0.0066265551695412934,-0.011823279655134071,0.15869964024664565,1.8097899268069884,1.7115761440417654,-0.12752115970486497,0.23060970006831563,-0.2732142777360762,-0.45827311476013116,0.4604480427048215,0.5282024232442377,0.35531654734707396,-0.03198502342329691,-0.23015887758032516,-0.408713037003107,0.3599115992517238,1.025546735885641,-0.10118576792794651,0.748013122576229,0.6519312104996497,-0.07227382374727805
-0.31,0.46,1.22,0.10797888101092712,0.11296780767820874,0.2025805146157038,-0.016876173921208944,-0.043470622159085384,0.1707878783317766,1.8541494790364754,1.7313667641219372,-0.13358526580760574,0.23434889039642115,-0.1735445034343954,-0.6845218947698654,0.11494394178032728,0.9757904789893554,0.44413783870082546,-0.20390108731774167,0.27128807452021014,-0.4179788810109271,0.3470321923217913,1.0174194853842962,-0.114308301879361,0.7538271811353477,0.6414909580736712,-0.08466134780828957
-0.31,0.46,1.22,0.11386951908892234,0.12499044259006009,0.20565958443936316,-0.037254348795473353,-0.07675695243804244,0.15776450230246558,1.871576364310834,1.7611076553871696,-0.1482512747276207,0.24739302059420595,-0.6051548814776009,-0.6522945453475794,-0.5980258020641646,-0.22831391867504555,0.6461597812928616,-0.37572360674420957,0.33274450937730565,-0.42386951908892234,0.33500955740993993,1.0143404155606368,-0.10475023159496552,0.7600190933801357,0.6336514452819674,-0.09941937723860259
-0.31,0.46,1.22,0.10391643719864324,0.13133766454061369,0.20171130816887617,-0.06428009866884019,-0.09840755577726064,0.15103802954048115,1.855762755818674,1.797125128732947,-0.16219952215001363,0.26758947735782573,-0.4527726137865466,-0.2595581391178398,0.29567944228042886,-0.28839453188789665,0.7483234351341294,-0.18971088054906798,0.4901056417379566,-0.41391643719864324,0.32866233545938633,1.0182886918311238,-0.0819730686433684,0.7630987626875815,0.6335687222702883,-0.09773110335336498
-0.31,0.46,1.22,0.10079935662892953,0.1317885423183976,0.19633550852449955,-0.07545337091171517,-0.09633580092825555,0.14332312276038117,1.850844908670611,1.8138533099897718,-0.1761177292714931,0.2866662569827056,-0.011488642939996081,0.31612989084407167,-0.5462626738853696,-0.06411519178870834,0.020573085734697277,-0.36017667090634664,0.28426298774584063,-0.4107993566289295,0.3282114576816024,1.0236644914755004,-0.07105155670006853,0.7634927651880581,0.6340008830374476,-0.10036610037122275
-0.31,0.46,1.22,0.09955905320706776,0.12409749148074212,0.18729208639803718,-0.07317980900746038,-0.07096459040282099,0.1317650656138989,1.8362637075163606,1.8091965556188134,-0.1892834437306485,0.28093299604272726,0.09578520761460095,0.5820347387798136,0.011478423483583262,-0.34445296875185977,-0.2125643230965925,-0.17380888225353758,-0.4234637551794396,-0.40955905320706776,0.3359025085192579,1.0327079136019628,-0.06052086968497678,0.754841455336316,0.6447223626020346,-0.10432965445728774
-0.31,0.46,1.22,0.10178719742081743,0.12119531371492137,0.17687733382436988,-0.06991944053273075,-0.05875470197359372,0.14338084497312423,1.8487821933396522,1.8223955034928103,-0.1931225939882562,0.242996419824866,0.027085021848119433,-0.055670374983752324,0.4219707753439496,0.6714534156936192,0.4764911424790144,0.010363708929003304,-0.995393316586953,-0.41178719742081743,0.33880468628507865,1.04312266617563,-0.06729104631343494,0.7353412077033161,0.6655561003584429,-0.10853709326831129
-0.31,0.46,1.22,0.10575275945515583,0.12750383434950718,0.1729790763934549,-0.0772593455973095,-0.0755424992264775,0.153682609697279,1.8700905406282944,1.8472985149958314,-0.19710070854144068,0.20857224978861877,-0.24486618439382035,-0.5042591613824614,0.012070903435190579,0.27241055609663134,0.5302309976601325,-0.16235961819632921,-0.44927437142080884,-0.41575275945515583,0.33249616565049284,1.047020923606545,-0.07226751015960944,0.721574917836908,0.6786360420093411,-0.11644813184369333
-0.31,0.46,1.22,0.09575975283325255,0.13007999972007916,0.17948497972632982,-0.086888489557117,-0.08546202959601558,0.15942260648295184,1.8534746122050654,1.834883242446647,-0.2004348118402067,0.208041702237476,-0.11524193193172891,0.0821366773531307,0.118752587422571,-0.8869005994547436,-0.9455604548803599,0.01930745750700228,0.39035282380268455,-0.40575975283325255,0.32992000027992086,1.0405150202736702,-0.06379089805102768,0.7284595656824379,0.6736030997083214,-0.10740692042386613
-0.31,0.46,1.22,0.09116809566941397,0.13024395605003114,0.1888597202328759,-0.08842912483663791,-0.09302058081301941,0.14323997750547948,1.8362360032371743,1.8092411389252634,-0.20391044449850942,0.2087877514590739,-0.008469769047511391,-0.31431464555093264,-0.7363706930501766,-0.014418852564225926,-0.31545373321166575,-0.15153490116230234,-0.24753174364807384,-0.40116809566941397,0.3297560439499689,1.031140279767124,-0.0497270279635942,0.7391622621516941,0.6636048216173989,-0.10389905498530064
-0.31,0.46,1.22,0.09231435204332838,0.13576545268512474,0.1961402718527956,-0.10002054796931825,-0.12439125532420829,0.09332162765955167,1.8105322440341867,1.8022184772934229,-0.21596167680648812,0.19985650994351073,-0.4014625049396199,-0.8473884985112864,-1.2254203379675586,-0.7720803660472094,0.01766051809669935,-0.3233391411915503,-0.09399602860749659,-0.4023143520433284,0.3242345473148753,1.0238597281472044,-0.013465542896375297,0.7443267639967037,0.6580027001791362,-0.11326426669372372
-0.31,0.46,1.22,0.09313041182156184,0.144717954746458,0.2017484533322651,-0.11455785362418042,-0.16363136810197743,0.05655291663182158,1.7962337358648228,1.8144301307043635,-0.2272665344480727,0.19818965299847152,-0.2093402802616187,-0.6988132311616876,-0.2893000680518185,-0.011822961646599918,0.3671742610030782,-0.13664131567896917,0.016025788853529697,-0.40313041182156184,0.31528204525354203,1.0182515466677349,0.018341088325426008,0.7485731499057905,0.6515341312654986,-0.12167628986484635
-0.31,0.46,1.22,0.08909446742335986,0.14894432696656773,0.21036516119036852,-0.1197510633389574,-0.1832634733263805,0.028050998551620243,1.7666106194290632,1.8034616611105767,-0.23622821277272482,0.21311375307556735,-0.008735440238249804,-0.11221847211811745,-0.7862258187802595,-0.9836063645844723,-0.5174793664333827,-0.1732925357458043,0.451363920023262,-0.39909446742335986,0.3110556730334323,1.0096348388096315,0.0435446941740755,0.7592307360096117,0.637848946354427,-0.12174264142911057
-0.31,0.46,1.22,0.08888706989510076,0.14655830621240146,0.20822345187907776,-0.11009978551737686,-0.18387036950786662,0.013806402050500464,1.749424858034857,1.8103999053480755,-0.24006078847149875,0.21608166924365674,0.3198511338281541,-0.007674833580823364,0.17368655190042165,0.2430244345195829,0.6200843617778042,0.010254864850696644,-0.1930580589677961,-0.39888706989510075,0.31344169378759856,1.0117765481209222,0.053283370025171015,0.7575262859251476,0.6386685609440093,-0.12416633147887052
-0.31,0.46,1.22,0.08566813543600565,0.14775911233005157,0.19876122880629188,-0.10497041324929149,-0.1992009215351484,0.020779276369701342,1.74049622050305,1.8476655290482147,-0.23504069560916985,0.18513221622982434,-0.05239779814135908,-0.5154842870171407,0.0548137888100319,-0.3456516473811636,0.7345151548871742,0.18367845822751053,-0.988912835013567,-0.39566813543600565,0.31224088766994845,1.021238771193708,0.051228482445601534,0.7413219736581277,0.6583204677099881,-0.12013132710513816
-0.31,0.46,1.22,0.07559552159684535,0.15584858699547305,0.20497388931048777,-0.11165965137365277,-0.23478717896641715,0.008246637066995284,1.7102143450504084,1.851922166493133,-0.22643440861974712,0.1578257447869288,-0.1715640469873623,-0.7601013414316318,-0.5191932620915067,-0.6968059927842232,-0.27273201080177023,0.2216489067956739,-0.13779140260578715,-0.38559552159684535,0.30415141300452697,1.0150261106895122,0.06873603379062014,0.7395813758270572,0.6611246835278978,-0.10587208800542794
-0.31,0.46,1.22,0.07396189010215665,0.16613885095453307,0.21094670341430222,-0.1199821550580506,-0.2757883224024133,-0.003999098095900742,1.704718864808647,1.8664681423192495,-0.220193326430955,0.13519754464804876,-0.16594934062134425,-0.8413857808589209,0.09108136380473601,0.3035101361689306,0.5943852608819631,0.03537538051260312,-0.6133996479932166,-0.38396189010215664,0.29386114904546695,1.0090532965856978,0.08158206759126463,0.7399011922572114,0.6600578159955918,-0.10106567907564468
-0.31,0.46,1.22,0.07193331812713322,0.1762173488419443,0.2157580689259777,-0.12852032888671247,-0.31166385510961453,-0.0009411047462516805,1.7061174870750917,1.877326222653433,-0.21591504775067052,0.10603220384158862,-0.15598943693522968,-0.59509568427551,0.028085753492381568,-0.08963315041178754,-0.01229213547934431,0.10708572742577863,-0.5983463048936378,-0.3819333181271332,0.28378265115805573,1.0042419310740223,0.08580995268432104,0.7381282714758919,0.6622481925994212,-0.0960762107242303
-0.31,0.46,1.22,0.059219220752707635,0.18295568243622,0.23104825466481926,-0.13184753656738984,-0.3256242114665806,-0.00031008577093757483,1.6708854120593506,1.8410291769614138,-0.2060773118349662,0.09650466914847644,0.029249301515118863,0.009146871804046913,0.001606369625315737,-1.224905135136956,-1.186370804120581,0.27942628265338443,0.0837008646757609,-0.36921922075270763,0.27704431756378,0.9889517453351807,0.0949879590311768,0.7503989408052422,0.6497222271751957,-0.07576110342362614
-0.31,0.46,1.22,0.05054026579063636,0.1810236300764112,0.24023324014602998,-0.11885379069965243,-0.3144131770669096,-0.00032317353808659216,1.6405107753826693,1.8081311441933297,-0.19693943535872735,0.10483463312355691,0.46737725682091125,0.314775041709993,0.0024303044618125104,-0.03929180825603775,-0.3305287221033469,0.09366667143130084,0.28926572479341806,-0.36054026579063636,0.2789763699235888,0.97976675985397,0.09590117778346623,0.7610832356939135,0.6385291961190477,-0.061933336330201434
-0.31,0.46,1.22,0.04800034129859443,0.1808679952859697,0.24808527838675887,-0.10714053790341797,-0.31480508430188003,-0.00023816809193909222,1.6220552761487992,1.7897035031396273,-0.18776090725508937,0.1286312664866163,0.01797141209644404,-0.30608536487128435,-0.0011552150532501545,-0.45997183201333375,-0.28026734526894065,0.26652007442613085,0.5749269836659328,-0.3580003412985944,0.2791320047140303,0.9719147216132411,0.09270856125412855,0.7745777224960181,0.6231299916652174,-0.056066817016637086
-0.31,0.46,1.22,0.04951832542430118,0.17901884607721652,0.24532529731274666,-0.09470080934201941,-0.31568660494183753,0.016725934137428334,1.6305337179935135,1.80624262551382,-0.1699590067938279,0.1376438402242509,0.45557786495386243,0.2194901753921071,0.6529145107904453,0.7486072313628437,0.7046344922095547,0.4384954962351838,-0.06413914043893729,-0.3595183254243012,0.2809811539227835,0.9746747026872533,0.07340759118477022,0.7763320725445293,0.623843405858433,-0.05233778426830651
-0.31,0.46,1.22,0.05416083647633679,0.1690634734114319,0.23159704199515174,-0.07045022753085281,-0.29636587364965244,0.0705364499552628,1.659990667118798,1.8363827235768762,-0.14361993553469535,0.1376499877844046,0.49060972327517854,0.4605880491345271,1.3835963051448736,0.5076516344726897,0.5123059133256316,0.6082674250859269,0.060967559189284114,-0.3641608364763368,0.2909365265885681,0.9884029580048482,0.023501637836991482,0.7655939124715888,0.6409913922729148,-0.04943348295896464
-0.31,0.46,1.22,0.05036462172113604,0.1643676875785614,0.22977562467503476,-0.05533848400410834,-0.2846982543335474,0.11539631575652093,1.6678231217485744,1.8386629511070072,-0.11809285731645386,0.15775192049438036,0.1731487737074102,0.11568446868605194,0.4556695106220023,-0.02110742399714865,-0.14552660913532042,0.4205963863364331,0.5848650416521626,-0.36036462172113604,0.2956323124214386,0.9902243753249652,-0.013955196878605542,0.7688505321769176,0.6382850482239429,-0.035585233807140966
-0.31,0.46,1.22,0.04089117774272144,0.16345768789464687,0.22864992866253642,-0.05677720973444212,-0.2823761695250186,0.12127238665038728,1.646845662706086,1.8463664328308294,-0.09431004105217455,0.18539819132202945,-0.1567606583208935,0.002936577873003229,-0.17473877929660483,-0.5741223764273685,0.33319193881511,0.5470866140986965,0.6051276138937086,-0.35089117774272144,0.29654231210535315,0.9913500713374636,-0.019402615005754364,0.7743172210950704,0.6322925212984344,-0.016203306965414124
-0.31,0.46,1.22,0.035141386456725654,0.1685671824965232,0.23318585519729795,-0.06688972433613927,-0.2951128721347444,0.11072044280731755,1.6337353100258611,1.8535967663141242,-0.06486610441053046,0.2336378715792161,-0.2301868269716182,-0.3874323022195584,-0.2384003173185336,-0.0886138864353955,0.1313838849030676,0.6374752675951995,1.1774691355377152,-0.34514138645672565,0.2914328175034768,0.986814144802702,-0.01670366391350187,0.7896800871403419,0.6132909458134236,0.0007505792185859422
-0.31,0.46,1.22,0.02897325728843525,0.1728226292063298,0.24300728087312407,-0.07275664376608552,-0.2990301335284872,0.074487568616697,1.599753249061665,1.8357574462886699,-0.03789649135161395,0.2832546157920495,-0.011183739125370212,0.20457324932548088,-1.165799518463298,-1.0960884066148542,-0.6570483298507592,0.44917567925214125,0.7721278196474491,-0.33897325728843525,0.28717737079367023,0.9769927191268759,0.0012326814970147933,0.8099640799129025,0.586244477107256,0.016555446487858855
-0.31,0.46,1.22,0.022549375923450965,0.17636172187909943,0.24523070541372183,-0.08467108979750021,-0.30275197458023945,-0.0036472453252762113,1.539044845320202,1.8359627422340659,-0.020298330301075227,0.3054143454362988,-0.4081554335726386,-0.2417070832708927,-1.4736550942258175,-1.1860618312746498,0.4763908452522084,0.26169594605739593,0.29245969351537865,-0.33254937592345096,0.2836382781209006,0.9747692945862781,0.04969525132323012,0.8157680903703028,0.5755956457863708,0.02724806931290875
-0.31,0.46,1.22,-0.002394104301506994,0.18120140462063927,0.2456202991723494,-0.09285454120416749,-0.29927442678640825,-0.005086109708968609,1.4762481659177462,1.8283742533761649,-0.002866647816030477,0.2989897474686992,0.05356613418463528,0.3527239022750959,0.2294441866301119,-1.2197148614130033,-0.5817764686151192,0.4307686907382919,-0.5129896369251761,-0.307605895698493,0.27879859537936075,0.9743797008276506,0.06922069273012296,0.8136823030991545,0.5740483820755359,0.05998383413618453
-0.31,0.46,1.22,-0.027017045397146444,0.17813102143274157,0.24210444340390613,-0.089353759308024,-0.2692789368609058,-0.0008309385424769838,1.4124131970533984,1.7987007843315688,0.013799864888067708,0.2567361772765465,0.07921879590228047,0.7372888031291072,0.024888415803574544,-1.240246151303947,-0.6735240297762617,0.243491324039945,-1.04642751661688,-0.28298295460285355,0.28186897856725845,0.9778955565960938,0.08002613274355631,0.7998659908617096,0.5875832631537987,0.09249931676753144
-0.31,0.46,1.22,-0.03588306055974022,0.17294151320279227,0.24978199474982976,-0.07479009381644797,-0.23883784718113277,-0.0004179475069834124,1.381208306168097,1.734170056133161,0.02114605264027941,0.22579368122472812,0.4185564143309727,0.5361751116702066,0.0027205773842534937,-0.07657898163926491,-1.5817892827444666,0.05788344201614934,-0.29233287447430945,-0.2741169394402598,0.28705848679720775,0.9702180052501702,0.08412908284673261,0.7989113449137575,0.5866307151444844,0.10260294555484202
-0.31,0.46,1.22,-0.0371874173431464,0.1664094402650843,0.25594655068604544,-0.06400062641422033,-0.20942825110077998,-0.0005163104832846972,1.3682458743563328,1.679933723646142,0.01942407824371386,0.1934480594207215,0.07587263529172568,0.5806605528357993,-0.0007790527449133102,-0.29179755028102805,-0.8329938094208633,-0.11786419071814015,-0.849831741223584,-0.2728125826568536,0.2935905597349157,0.9640534493139545,0.08580272428744724,0.7973204633121216,0.58872959852084,0.1015649108407358
-0.31,0.46,1.22,-0.05152849295126216,0.1672432523352188,0.25019789961062167,-0.07166107494506826,-0.19709324852405222,-0.0005289938575856782,1.332989334588354,1.671610942474208,0.009018839808812575,0.14045887750408637,-0.3665668074406588,-0.05909994783979183,0.00026650746474612237,-0.8171204189927106,0.31706061765527216,-0.29108562182607584,-1.0750480581755169,-0.25847150704873784,0.2927567476647812,0.9698021003893783,0.10112165994290373,0.7781749634565767,0.609212564845013,0.11435990107860544
-0.31,0.46,1.22,-0.06748311266547172,0.17891500399705057,0.24515274121854447,-0.09493006593886291,-0.21259743392449482,-0.0005156899263961352,1.3067565495021478,1.6908763583968613,-0.009998782563397885,0.10710334460060313,-0.5145370788066155,-0.4420589890698378,4.307387331771633e-05,-0.2894253333780399,0.46189589490487293,-0.46254648214222843,-0.3370168611706622,-0.24251688733452828,0.28108499600294945,0.9748472587814555,0.12116890601114504,0.7623579855872299,0.6225766642897792,0.12855619436361318
-0.31,0.46,1.22,-0.076169166859657,0.19354518990953523,0.25178681539864656,-0.11398391979381985,-0.24401152110882193,0.014785926659977201,1.3065782665475452,1.6948325344399955,-0.02825005868971114,0.10974037411343346,-0.2921602772029279,-0.7164353129828398,0.5509084809205711,0.16321691146852,-0.03676308591807439,-0.27513234729863084,0.3071251338194421,-0.233830833140343,0.2664548100904648,0.9682131846013534,0.1285594623824823,0.7683615497986922,0.6125355464155492,0.13376545817318955
-0.31,0.46,1.22,-0.08752969685272613,0.20891004772152355,0.2575017890398651,-0.1316149746608922,-0.2765265001998181,0.039075525830443714,1.3023813728483757,1.7017837377648573,-0.04046800129010831,0.11469874081163545,-0.35805376469946937,-0.5768945785255029,0.4166225766453597,-0.1763302992640512,0.19416614042072733,-0.2223316806139959,-0.00723254361566117,-0.22247030314727387,0.25108995227847647,0.9624982109601349,0.12969950239320563,0.7757969491881812,0.6004536511251612,0.14412683844353352
-0.31,0.46,1.22,-0.10396454720924361,0.22459607711598106,0.25426113763870417,-0.1527653655185765,-0.30447771273936997,0.0582794250303929,1.2804970422057733,1.7261140637109642,-0.046730813800667036,0.10382690763261035,-0.4255458602439671,-0.5349075693835669,0.3234198047732321,-0.513780396294168,0.6009942571923649,-0.03570397366047054,-0.29046729892693857,-0.20603545279075638,0.23540392288401896,0.9657388623612958,0.1344007246511365,0.7704746972391734,0.6010528669305081,0.1644403760700839
-0.31,0.46,1.22,-0.11149035116068373,0.23232074980410874,0.2577408966271608,-0.1625553166317817,-0.3157315109825887,0.0838462550071858,1.286018824537716,1.7168555738787477,-0.05301283303884436,0.11109419685882675,0.01595199778247048,0.058174298026592276,0.6704842293146139,0.6849558725053675,-0.9044322571048715,-0.20848805096190468,0.5448755556012597,-0.19850964883931627,0.22767925019589128,0.9622591033728392,0.1301857749043175,0.77670582117718,0.5921257296207696,0.17078305443783454
-0.31,0.46,1.22,-0.10238297931665524,0.22560529218545128,0.2647246572793793,-0.15656806179980753,-0.31408688325595563,0.1240195566341926,1.3424411758804085,1.6968443871969963,-0.06791380911169122,0.12541116994414642,0.14535521868141707,-0.03278907786159353,0.9263494368223921,1.3123339027685348,-0.10289935039270849,-0.3806476032429481,0.17202595338569615,-0.20761702068334476,0.23439470781454874,0.9552753427206206,0.1048249042013026,0.791244861350239,0.5830246504408944,0.1517417734979453
-0.31,0.46,1.22,-0.09747101632650396,0.222588653426262,0.2689474128097237,-0.1605757639403133,-0.30599031391089193,0.14514989986034937,1.3763895690736707,1.6767187725936412,-0.09137561327230587,0.12491178388343525,-0.2490950035036539,0.3435716349037093,-0.03691697098432456,0.0947458321968632,-0.6210772440908021,-0.5508326114489762,-0.18664600388170446,-0.21252898367349604,0.23741134657373802,0.9510525871902763,0.09663342847264583,0.7966806188607563,0.5807310487349021,0.1367970067966595
-0.31,0.46,1.22,-0.08767076284234315,0.22165087381665294,0.2704794165800475,-0.17157703880095948,-0.30394240547764734,0.13751746741631066,1.4075503656450477,1.6743638698481453,-0.11819780894827321,0.1051371727622027,-0.21684488994035322,-0.1793870950193521,-0.140167273952022,0.924246833707586,0.29105396862042654,-0.47044705538935266,-0.4578529153057303,-0.22232923715765684,0.23834912618334708,0.9495205834199525,0.1044946155292432,0.7923757212469972,0.589317166222396,0.11801215742160348
-0.31,0.46,1.22,-0.06985265088948447,0.22080708474430158,0.273930435595781,-0.17580624758476576,-0.31797712080957913,0.1502346898953547,1.4670340979805996,1.6845132734221664,-0.13686658310230418,0.10281033205813948,-0.015270480791754117,-0.33255240891407895,0.5712277512645145,1.261392500973281,0.2287651086859248,-0.28873532779309696,0.2642969395059922,-0.24014734911051552,0.23919291525569844,0.946069564404219,0.09078969432161041,0.7967969463572482,0.5901674867134058,0.09259695085225554
-0.31,0.46,1.22,-0.0706544283356976,0.2276094965265126,0.2788487330963677,-0.1880654528768494,-0.3319841391043845,0.1927201185400184,1.5002903373412764,1.679520244725953,-0.14647111207521651,0.09953031181784426,-0.4588032452447431,-0.20026193950684734,0.950791830133859,0.10881016094491905,-0.33611909504358967,-0.10281058433600578,-0.33789496186581525,-0.2393455716643024,0.23239050347348741,0.9411512669036323,0.07240153653994355,0.8046000441619845,0.5824991445109833,0.08984171127689167
-0.31,0.46,1.22,-0.08653703365957066,0.2353519089672929,0.2846918518268009,-0.19935147860785785,-0.3267103950857271,0.24199720625946047,1.5081411458305873,1.6412226496985178,-0.15353873116075453,0.08203305557068888,-0.011689122554197379,0.38446255266006013,0.9657351895857139,0.1732431704308078,-1.0246357137356177,-0.20514161173716314,-0.4291276896430346,-0.22346296634042934,0.2246480910327071,0.9353081481731991,0.06033687831395196,0.8096684635772555,0.5744799814074801,0.10377471351844468
-0.31,0.46,1.22,-0.08738280263565834,0.22814181586394333,0.28477697064115914,-0.1898639582334867,-0.304441544344262,0.28276173157751366,1.5443336765764493,1.6102404016442449,-0.16747969316188685,0.03982978206196727,0.3155548303677217,0.42789372488944916,0.7642013436814357,1.0523198508987728,-0.47916711883740987,-0.32021570000634625,-1.1804720514629867,-0.22261719736434166,0.2318581841360567,0.9352230293588408,0.036718306041893294,0.8040580012789227,0.5851917573184574,0.09845356137435256
-0.31,0.46,1.22,-0.08032716976931947,0.22212985029088766,0.2789792578615442,-0.1856499272871479,-0.2994326491373346,0.3031948264913926,1.5771243081075743,1.6134436617912882,-0.18792652516859107,-0.026056683400083297,-0.12819647544958512,-0.19803956024354394,0.15767732252942535,0.41831469655107933,0.3743457939362777,-0.49074437321073183,-1.2852639981249232,-0.22967283023068052,0.23787014970911236,0.9410207421384558,0.021253858226347715,0.785486119030832,0.6127096059286087,0.08453856589264454
-0.31,0.46,1.22,-0.07753646620129959,0.22020485217705907,0.2720925781487943,-0.18459659516206756,-0.3009227968085764,0.32279722672905947,1.5961878053149012,1.6231068372140145,-0.20758265798505396,-0.08671078450110876,0.1171224093985433,0.06448753331837168,0.547069537877393,0.35134190312074215,0.04491119290229612,-0.30309267330032835,-1.1510295655781613,-0.2324635337987004,0.23979514782294095,0.9479074218512057,0.012954944425183964,0.7660527736565403,0.6382040644833428,0.0754379842321029
-0.31,0.46,1.22,-0.08570513436598917,0.21792679582407742,0.2741191910988626,-0.1686534240052003,-0.2932717723810092,0.3657528697331493,1.6049768173211247,1.5884793211264072,-0.21789142956421834,-0.12206514906694528,0.4522820928099332,0.22186052688306312,1.0315683325199139,0.11246916841576862,-1.2288513911834213,-0.11672250249837925,-0.29804603078523584,-0.22429486563401083,0.2420732041759226,0.9458808089011373,-0.006866674673371672,0.7633058525735823,0.641248731752531,0.0782118164449405
-0.31,0.46,1.22,-0.11000178472884262,0.21808130955288121,0.27893212673950185,-0.1563058222167831,-0.2783609514096939,0.4125300729163681,1.5835324854434398,1.5321487716013962,-0.21896584373760344,-0.1208535380551991,0.11141749106803973,0.3283243199463577,0.7553072880295404,-0.7656215331521316,-0.9351098647047669,0.0634707381857966,0.3073862766927514,-0.19999821527115738,0.2419186904471188,0.9410678732604981,-0.020210770327480324,0.7735663360279087,0.6252549535582426,0.10120717157398759
-0.31,0.46,1.22,-0.12230203528169423,0.21876557238745678,0.2788888042388802,-0.1509367815211306,-0.2786340150318896,0.44065434344765425,1.576475776283022,1.519771410348268,-0.21128421053772622,-0.11149052096476543,0.06851403559191578,-0.3104050713607225,0.5085761938774737,0.43986908239994926,0.2940388915536423,0.236540534189442,0.1996707499521353,-0.18769796471830577,0.24123442761254324,0.9411111957611198,-0.03249890867361645,0.7790181664376895,0.6155090802153946,0.11499169303685963
-0.31,0.46,1.22,-0.11335763861406917,0.2138837160143685,0.27966174641760644,-0.13655613264108168,-0.27897728853863885,0.4438276000919938,1.59445199998837,1.5239447248799063,-0.2042916571901069,-0.11889654584465383,0.458118869577146,0.27314737277210227,-0.2742872576625955,0.21230133272897334,-0.16675385168599707,0.05070547795189494,-0.42911914381442684,-0.19664236138593083,0.2461162839856315,0.9403382535823935,-0.04862427565080682,0.7778578644786213,0.6175258358566772,0.10599370045293083
-0.31,0.46,1.22,-0.09893347138549993,0.2000918552861281,0.2833238361290741,-0.10681349501233414,-0.25404623094363615,0.4155642394900089,1.6024533722023917,1.4942876128911342,-0.2063283366910066,-0.13423400407511193,0.6450283000252658,0.6370026032509986,-0.7581049860005065,0.05650243004067982,-0.8508640651769157,-0.12380261503033951,-0.314416222141758,-0.21106652861450007,0.2599081447138719,0.9366761638709259,-0.048130549018690835,0.7744319902218967,0.6243978860369429,0.089809925312898
-0.31,0.46,1.22,-0.09268184239614013,0.18866180982312303,0.2787353144063863,-0.08599743725332519,-0.23907117332875782,0.3828074614963069,1.5753056762057764,1.4856473357040074,-0.21510016831264905,-0.17136670391786865,0.2059492966917587,-0.007781318332196668,-0.6506918573623187,-1.09955957888425,0.3129569981802498,-0.1873920437562647,-1.1373242872456721,-0.21731815760385986,0.271338190176877,0.9412646855936136,-0.03288786653430685,0.7587690380248875,0.6453067777316833,0.08226237161157242
-0.31,0.46,1.22,-0.1063935225461266,0.19065417347573482,0.27158701007939934,-0.08531103730360455,-0.2415993664248387,0.34280000420933204,1.4983447440723163,1.4749898506881818,-0.22890029381017857,-0.23124562142811397,-0.09238547576666298,-0.03352283977935688,-0.9637807727132921,-1.7028544401906298,-0.517396977448407,-0.3509845988402173,-1.2965335133989808,-0.2036064774538734,0.2693458265242652,0.9484129899206006,0.007335635717704382,0.7346284497312702,0.6713553958424858,0.09771981256238334
-0.31,0.46,1.22,-0.11305645636899003,0.1970747542763921,0.27120580379804715,-0.08641090085670602,-0.2468765868520445,0.295881066887719,1.4424375183895568,1.4602735082200986,-0.24158719152178465,-0.290781343098389,0.010443626415645326,-0.13726380004938246,-0.8375924054357762,-0.702959967810731,-0.1723027987925777,-0.1641595824606379,-1.0671562409679507,-0.19694354363100997,0.2629252457236079,0.9487941962019528,0.046955974567470665,0.7140758813547847,0.6901310545775582,0.10774924420836524
-0.31,0.46,1.22,-0.11389013878045204,0.21204292055702134,0.28608678128122345,-0.09177581944831124,-0.2633192976616528,0.24349422680063332,1.4026041047842612,1.4207533633024871,-0.25426232821119843,-0.3219837641678074,-0.1524093792613358,-0.36563336391578016,-1.152393241224613,-0.8211540715057852,-1.1072490241626114,-0.3359394597622152,-0.21522452120806665,-0.19610986121954796,0.24795707944297868,0.9339132187187765,0.08823371629451372,0.7153140412130452,0.6838767877214987,0.11337183498579054
-0.31,0.46,1.22,-0.11463377643236175,0.22433953073790674,0.29646882885413417,-0.09704360496925113,-0.27178070560537004,0.20290950894050794,1.3690812620428745,1.392817776523529,-0.26620230523487237,-0.3540665273010015,-0.06544725671856723,-0.0782339728571727,-0.5540441728700333,-0.5275663797784533,-0.2854458945002366,-0.1492703050951368,-1.0198153854678766,-0.19536622356763825,0.23566046926209328,0.9235311711458658,0.1233774340421312,0.7122775296082035,0.6805400342357427,0.11959929509336015
-0.31,0.46,1.22,-0.10787600786035323,0.22897125045333303,0.3044382482421809,-0.08957424207079207,-0.283153413194788,0.19008383773323947,1.3745993800108178,1.3713545737596757,-0.26890406657564014,-0.38608889471277025,0.28803116040925797,-0.34251078148476166,0.06250872249171456,0.6618682331713939,-0.4611783806603536,0.031072651436776726,-0.42494043248224006,-0.20212399213964677,0.231028749546667,0.9155617517578191,0.1276132566707905,0.7121797740391643,0.6805656786770573,0.11552135377598513
-0.31,0.46,1.22,-0.09986462265020371,0.22685808775450217,0.30472823819313843,-0.078763091239924,-0.29382533073779266,0.20298200108915768,1.4010228943586034,1.3735344200600088,-0.2628420892212214,-0.4235452682906181,0.16653263958441478,-0.1586326778503677,0.3692226640925243,0.454794444469297,0.2781416331222951,0.20431372681437104,-0.8711686432616199,-0.2101353773497963,0.23314191224549785,0.9152717618068615,0.10682634610370961,0.7077040767319321,0.6901407401164801,0.10699920741113514
-0.31,0.46,1.22,-0.11047534187531233,0.22734019324796154,0.3039470889069147,-0.072419656378075,-0.2909198325984151,0.23402171528546475,1.3938956273843794,1.348913024006915,-0.2481212395830132,-0.4449406442665441,0.13378657137755878,0.2670762505570768,0.6549264519564602,-0.691825836167875,-1.201274940326159,0.3775350969682033,-0.021597443623610796,-0.19952465812468767,0.23265980675203848,0.9160529110930853,0.08658104024839594,0.7062786177681191,0.6924419234086713,0.11915712424845093
-0.31,0.46,1.22,-0.12002245544159337,0.23300543669751816,0.31139204365945405,-0.06712729274050977,-0.2939384145359678,0.2562486347423602,1.389968509463384,1.3081935917308958,-0.22481277883816247,-0.4534759912331509,0.05599592848688335,-0.35430923376064494,0.3891452857729497,0.4254215676997633,-0.5467382192561446,0.5478074436265609,-0.2652677890756407,-0.18997754455840662,0.22699456330248186,0.9086079563405459,0.06898602917143505,0.7180022537330916,0.6798524360170839,0.13234181748410512
-0.31,0.46,1.22,-0.12202306749382025,0.24483879210370196,0.3141421530618047,-0.07593016987061318,-0.3199165230153745,0.25462293463061275,1.3815725937647436,1.3105504736976819,-0.2022807364643757,-0.4872363171372338,-0.38531403156568783,-0.5988736520902218,-0.39025849624205927,-0.5874657750297222,0.3917289422143836,0.36103008277426224,-0.9601391128709926,-0.18797693250617975,0.21516120789629806,0.9058578469381953,0.05914936674429058,0.71589813729595,0.6810306463869843,0.14208612920220243
-0.31,0.46,1.22,-0.1165541075763595,0.253033845630742,0.3091492960629426,-0.0854128651830341,-0.35039270190014704,0.2443801278021631,1.3835391082915522,1.3455251216582365,-0.17981681389522858,-0.5435849486242995,-0.0697246904270544,-0.6424769174890091,0.03674401541572214,0.5410406686099429,0.765892157377034,0.5306937661569153,-1.1615750062337,-0.1934458924236405,0.20696615436925803,0.9108507039370574,0.04857498228862534,0.6972887585586693,0.7002236236754075,0.145312542921287
-0.31,0.46,1.22,-0.10528855291610983,0.2539902788556105,0.3116436133535305,-0.07740326930092009,-0.3667818700220634,0.2580669681342822,1.4199284081107406,1.3448407846572057,-0.1582002034803795,-0.5794537530082693,0.3555647487930354,-0.03788617313849395,0.4358215107869839,0.7664889200504608,-0.6813162685292198,0.34188852272171755,-0.3082093755117886,-0.20471144708389016,0.20600972114438953,0.9083563866464694,0.01872867364328571,0.6946431567061453,0.706823772678995,0.13236417944715095
-0.31,0.46,1.22,-0.1111806300200831,0.25406704834613897,0.31055245209813176,-0.07080860745148612,-0.3698713056734184,0.2965802928000723,1.4301423039016874,1.328378964506336,-0.13660948969417797,-0.6162471645400551,-0.030992688254546555,-0.09645788617959099,0.9359043970869344,-0.1975672862015206,-0.18516909990885308,0.5145602159889281,-1.1214245320708993,-0.1988193699799169,0.20593295165386105,0.9094475479018682,-0.014818964487307677,0.6900092707661871,0.7109534800091691,0.13495463612299796
-0.31,0.46,1.22,-0.10997498175970552,0.2573500601367975,0.3113310625755854,-0.06240012669063194,-0.38975798679143003,0.32129219732134706,1.4505772734179083,1.3264357183870867,-0.11581973984368336,-0.6507608986062781,0.27521435898970015,-0.6137095834381441,0.15867204095584903,0.9732134916479575,0.13761251765871815,0.3248854624673225,-0.3414183093084435,-0.20002501824029448,0.20264993986320254,0.9086689374244146,-0.04639879670628966,0.6860986616092242,0.7143526545473983,0.12967676408410808
-0.31,0.46,1.22,-0.09757177472830666,0.26247555851105264,0.3166561096463173,-0.06041629212418152,-0.40556028803525385,0.3072203021626642,1.467652757986793,1.3267650903949137,-0.10437768727092031,-0.6760926629295393,-0.1614655528757669,-0.06543919344794633,-0.6879869276972833,-0.2399741705657084,-0.12287606988246998,0.14033092113916382,-0.5687434132399258,-0.21242822527169333,0.19752444148894738,0.9033438903536827,-0.053194871292410954,0.6857541990809275,0.7163929916197818,0.1170152369100661
-0.31,0.46,1.22,-0.09971805802788211,0.2645511458324779,0.3139995275910209,-0.06905783141434839,-0.3933688092770075,0.2700042098623875,1.4288005585969077,1.319620689521677,-0.10210509428359757,-0.7041473737294088,-0.1527844343857608,0.5239299720935202,-0.8650573943595233,-1.1097311517433182,-0.2089777720913537,-0.0394021797564817,-0.5218409881473715,-0.2102819419721179,0.1954488541675221,0.9060004724089791,-0.028660129203144348,0.6721497928911538,0.7281049147639987,0.13136394485150196
-0.31,0.46,1.22,-0.105174096323735,0.2613987831817971,0.3166651619163835,-0.06496033409209473,-0.3610247775861145,0.24938426079721707,1.3983509858638759,1.2746340297237713,-0.09957397014508577,-0.7082683406586422,0.29451621248217413,0.7275401762637597,-0.001505503349380044,-0.2973318097986015,-1.3338649378407172,0.1332872136344952,0.3192550158539247,-0.204825903676265,0.1986012168182029,0.9033348380836165,-0.01036283556916366,0.6713053557809657,0.7268924905344373,0.1444611994391598
-0.31,0.46,1.22,-0.09932853784113438,0.2536470447840319,0.32034947153349536,-0.05670540146367502,-0.3330693603212864,0.2404592179637345,1.4088059584836463,1.2439745548339947,-0.0884433431021282,-0.7139652328482733,0.03565110010895778,0.38795467707609715,-0.224764621818557,0.4971473879328025,0.04978729950801093,0.30412055659413934,-0.5106869200496643,-0.21067146215886562,0.20635295521596816,0.8996505284665046,-0.012828332106154944,0.6729294297553153,0.7264633975853836,0.13875283216302842
-0.31,0.46,1.22,-0.08312646785353509,0.24950431850075908,0.32463121455155197,-0.05119591502983827,-0.3256967489772027,0.2396399621745292,1.4532511575663758,1.2299272769939797,-0.06880191568669328,-0.7315713179579119,0.1430870632931146,-0.0013843839383542167,0.19399451009231447,1.0654633852152051,-0.4366081894456531,0.47484875532964826,-0.34520233468761535,-0.2268735321464649,0.21049568149924094,0.895368785448448,-0.03212484631521909,0.6727106359901414,0.7295965617243471,0.11881604098342291
-0.31,0.46,1.22,-0.07276878227613773,0.2545451713374838,0.3329632665415042,-0.04733323339458318,-0.33622589257511387,0.26331440516406523,1.5054261596416665,1.2076223194861044,-0.046548875660338565,-0.7539482484323852,0.04145882074003937,-0.3405662862025734,0.677296770311007,1.0470744710570783,-0.4178114784655171,0.3674950615920278,-0.5250342702051606,-0.23723121772386227,0.20545482866251621,0.8870367334584958,-0.06590974017596755,0.6798594282112621,0.7235538796921963,0.09958336811216562
-0.31,0.46,1.22,-0.06535742413817588,0.2654267720896068,0.34162299600528934,-0.052430358263198966,-0.35208304087820574,0.2730550445096596,1.5421602218569408,1.188488515097476,-0.03301312548383775,-0.774205689279351,-0.20044101104626003,-0.262086150905163,-0.22581251542194453,0.46752311380863315,-0.3268616871522082,0.18149490179190514,-0.2901556215889973,-0.2446425758618241,0.19457322791039322,0.8783770039947106,-0.08459589036090918,0.6875603222729222,0.7160104275558017,0.08621720362757446
-0.31,0.46,1.22,-0.05096005799016895,0.27087746721313766,0.3511419195940334,-0.051342044943142165,-0.3520240014404332,0.2692185089216577,1.5871324079377749,1.1636673597031784,-0.028012261597914666,-0.7775038119494163,0.1977456226416306,0.18240821771574342,0.10088859225645237,1.0953199550932469,-0.6063580277069309,0.012690376157128144,-0.012038963682744073,-0.25903994200983105,0.18912253278686234,0.8688580804059666,-0.09327674633363442,0.6978966462746653,0.7069570755218476,0.06671891097419433
-0.31,0.46,1.22,-0.05225653766198024,0.26676670484737575,0.3526273383229046,-0.052030124809300624,-0.32740841486527444,0.2897861478762482,1.6119794485324828,1.1385842013841685,-0.03181882039400783,-0.7774361299258177,-0.15543451172787082,0.7718973526650545,0.5189279136137501,-0.06342032187380203,-0.47682604661602573,-0.15801212197536949,0.04768653236018348,-0.25774346233801976,0.19323329515262425,0.8673726616770954,-0.10492211235284207,0.6994830871561624,0.704197974124173,0.06180594114899292
-0.31,0.46,1.22,-0.05431685713821649,0.2592016733936248,0.35700321585220385,-0.048252224346968464,-0.2868222369351584,0.29845466238779933,1.6350498786947456,1.0907641715602638,-0.044247344979732144,-0.7553454870351832,0.26026261864526673,0.8566529691413263,0.008014022070419062,0.7518650954583379,-1.1696817661005714,-0.3316827158474242,0.6747076894461717,-0.2556831428617835,0.2007983266063752,0.8629967841477961,-0.10642502921645966,0.7097056953611215,0.6937628624654215,0.06070115148864616
-0.31,0.46,1.22,-0.040009379136202894,0.2529994546469665,0.36178599873019424,-0.04361624968236758,-0.25990985666236,0.2957696145944218,1.688928183206209,1.0690052845928286,-0.0653023986798725,-0.7435241621189285,-0.04086765453347052,0.26184624794045114,0.0032627786686079234,1.2174970702058587,0.23290035806153583,-0.5032541777077839,-0.16409200438785704,-0.2699906208637971,0.2070005453530335,0.8582140012698057,-0.108399455751979,0.7161614401320446,0.6883087654885702,0.039917327218530974
-0.31,0.46,1.22,-0.017203877013417468,0.2562021064071837,0.3611297416279966,-0.05507568559833441,-0.2623933042567559,0.29931210282333953,1.7738714193844032,1.091019355767636,-0.09285006514117163,-0.770879737320406,-0.352400017017615,-0.33756999245349384,0.25322375572198474,1.9534005919717137,0.5389811967752128,-0.620620319314282,-0.7743286898187831,-0.29279612298658253,0.2037978935928163,0.8588702583720034,-0.11294628708153948,0.7057733257640054,0.6993592913698894,0.004871390881028802
-0.31,0.46,1.22,-0.007977965074434268,0.2589256592368231,0.35591044645796155,-0.0628839753254346,-0.26469125760070467,0.3322467277332388,1.841862652292404,1.1233764166507485,-0.1189181059436184,-0.8009715034461042,0.019554784451199396,0.22389213551325582,1.0334724611299435,0.8592481391459322,0.6668403554563649,-0.42998776003133105,-0.42608580092909315,-0.30202203492556573,0.20107434076317696,0.8640895535420384,-0.12586739252072263,0.6903001820845038,0.7121873639279613,-0.020789823844296586
-0.31,0.46,1.22,-0.018082032498607348,0.2522117199509373,0.3524902277169816,-0.05018713198266701,-0.2443368976865361,0.3853947219976035,1.8762162183309594,1.118320798142487,-0.13551791770251334,-0.8003695220566465,0.4569054138821653,0.5449375243598662,1.0050132249512527,0.5979834376172252,-0.7796419658982275,-0.2417934900858695,0.412613357465091,-0.29191796750139265,0.20778828004906272,0.8675097722830184,-0.15261612178852588,0.6863786980587177,0.71059426334771,-0.025463603805728874
-0.31,0.46,1.22,-0.023272734901147896,0.24618974675967345,0.35067104190188747,-0.038984822146170904,-0.22813610448351512,0.41648959535877655,1.9012506634001258,1.1143930260557915,-0.1520625131299541,-0.8014780369073107,0.029485987073411504,0.13273742366874086,0.366666027577673,0.3679080097388454,0.46833568387654145,-0.41292856569622294,-0.4197829274333271,-0.2867272650988521,0.21381025324032657,0.8693289580981125,-0.16867641737531616,0.6847025785870624,0.7083973830715748,-0.03006314612611897
-0.31,0.46,1.22,-0.025902403400268725,0.24289732031528694,0.34395961294144584,-0.041694050354003455,-0.2239635407729855,0.4223828096633176,1.9001024350301388,1.1253930343985985,-0.17711652026617236,-0.8316446083575773,-0.09659038255302543,0.04255745499033436,-0.10764619363716516,-0.2596950245570303,0.011068221713922674,-0.5824992592249785,-0.7454774734267373,-0.2840975965997313,0.21710267968471308,0.8760403870585541,-0.15807585385595133,0.6704015251546162,0.7242830911593593,-0.03142965731152247
-0.31,0.46,1.22,-0.015231503480200748,0.23671400659672007,0.33750642821306065,-0.035284817119472005,-0.2130392508990575,0.4054906413072656,1.9126791162944967,1.1374067177325167,-0.2107030421500815,-0.8693752383851793,0.32180369702045564,0.33543231127520273,-0.3541340041396161,0.5373028121575306,0.2711347978872852,-0.7536071474048941,-0.7341636500399471,-0.29476849651979925,0.22328599340327995,0.8824935717869393,-0.13813429533262192,0.650939564619849,0.7450521475309665,-0.04575912067529696
-0.31,0.46,1.22,-0.009959773947846196,0.23361261608662903,0.3368200382863985,-0.02265806446099588,-0.2061649921395048,0.4084194074485628,1.932318922807479,1.1311487217423957,-0.24341926409387202,-0.8881102920201521,0.22027372051042118,0.016777426944303817,0.44532157431391683,0.3772662206555353,-0.22824829408726324,-0.5630872830772445,-0.16876449192986825,-0.3000402260521538,0.226387383913371,0.8831799617136015,-0.13049774385904972,0.6454374397036037,0.7503242816949761,-0.058260815094480875
-0.31,0.46,1.22,-0.02470656400850968,0.23799670366078227,0.33451010365394207,-0.023095104545231084,-0.22072843742580608,0.4454192677038069,1.9308527375216258,1.1362307108601002,-0.26662058008775846,-0.9170345780945223,-0.21481401803628922,-0.5253057320428793,0.862334675179701,-0.20965690743183227,0.3141274258471668,-0.373085124390082,-0.8637360743329886,-0.2852934359914903,0.22200329633921775,0.8854898963460579,-0.13326181000862725,0.6409254236201263,0.7540891464617654,-0.052966503935530866
-0.31,0.46,1.22,-0.02893790219648662,0.2465822817194332,0.3332993595771976,-0.024737227893254637,-0.24485334775763015,0.4656012444047019,1.9433137090325354,1.1539525300724682,-0.2897729727752483,-0.9464529948215652,0.07029830282090084,-0.40316880074573996,-0.030083058788121425,0.42851371846186104,0.3111624952101644,-0.5454353904310325,-0.43269890652741416,-0.2810620978035134,0.21341771828056683,0.8867006404228024,-0.13067518223880387,0.6355320799597404,0.7586703286659098,-0.05867115552690501
-0.31,0.46,1.22,-0.03931176785965668,0.25495869614595384,0.3383208542131457,-0.02881062592613159,-0.2604014633882567,0.4772562730379054,1.9359973310536562,1.1355815211667155,-0.3135474481095827,-0.9461913473490199,-0.15613875034654304,-0.22784063219652367,0.28520689792577614,-0.5809248124933494,-0.800900301994475,-0.388305199598593,0.39378741348106805,-0.2706882321403433,0.20504130385404618,0.8816791457868542,-0.12156757249914833,0.6479354543071731,0.7502940090020199,-0.04959710096465568
-0.31,0.46,1.22,-0.06351004586764794,0.26117700227253793,0.3364444925115081,-0.04337882007325661,-0.2727102208915105,0.5115425520976652,1.9114379216947572,1.1309084003039447,-0.32807751303352145,-0.9482119029971217,-0.36169108513708365,-0.2982679252120324,0.9916648731882333,-0.3236273065490227,0.45885702767173736,-0.2008124505685933,-0.43773955455414376,-0.24648995413235206,0.19882299772746212,0.8835555074884919,-0.11969428318283232,0.6539497161461236,0.746582072281468,-0.025263742273488064
-0.31,0.46,1.22,-0.06427161063442063,0.2662463280240568,0.3303782182546259,-0.049919155590247094,-0.30103528589646505,0.5387680807378554,1.9257467701665825,1.1869482114301844,-0.3426748950615473,-0.9481316951516416,0.05600046042375828,-0.7182004677172826,0.14563772589815893,0.8504104105776574,1.594705103301999,-0.3757470740551972,0.40303893711483346,-0.24572838936557936,0.19375367197594323,0.8896217817453741,-0.12272475908608746,0.6483782706001417,0.7505440515506815,-0.0350410959120735
-0.31,0.46,1.22,-0.05280001262658213,0.2713371966964895,0.3329814830303186,-0.03833333660729784,-0.3296399476587384,0.5658618483450256,1.966908223554719,1.2343261279634212,-0.35656554669773344,-0.9068050615387022,0.36433881614000363,-0.43123220297397236,0.8796632495129346,0.8403454897775352,0.5775924857369084,-0.18771894367738837,1.1647871776774104,-0.25719998737341787,0.1886628033035105,0.8870185169696814,-0.13490936184548488,0.6633135020649867,0.7334457760818146,-0.06222504007609671
-0.31,0.46,1.22,-0.06347561555060752,0.26800842745727804,0.33284612408636627,-0.020774157146026137,-0.33597441567491393,0.6207069019640794,1.9792987558106496,1.2471966497876543,-0.36387563235735293,-0.86034194257955,0.3606046865266463,0.1517912449455339,1.0940370417300138,-0.3043816151134267,0.05598183417725649,-0.10993371002841956,0.7437980051708131,-0.24652438444939248,0.19199157254272195,0.8871538759136337,-0.16432852370896048,0.6805794565842663,0.7111116072627853,-0.06424968161194693
-0.31,0.46,1.22,-0.0644892740697017,0.2612997928497293,0.33358984834598726,0.005101783475898449,-0.34369464485935336,0.6524353165493157,1.9943090985340841,1.2688262566328519,-0.37392443005403597,-0.8029733869284555,0.5763991123313741,-0.369221091426292,0.20656803355555975,0.8224812504895989,0.6647250987708495,-0.28462177197586624,1.4246653514334335,-0.2455107259302983,0.1987002071502707,0.8864101516540127,-0.18595087037094113,0.6966238971090455,0.6891435269495522,-0.0722400100251067
-0.31,0.46,1.22,-0.05098922318708815,0.25550796272655807,0.3342047139288249,0.023904420867442804,-0.348917819414027,0.6504701510882979,2.005651963427935,1.305735528776217,-0.3925634891518443,-0.7538386400592042,0.222623516181402,0.05023388454695267,-0.2804667020696888,-0.231774511627497,0.665896305108266,-0.45415205856150803,0.5753650080866743,-0.25901077681291185,0.20449203727344195,0.8857952860711751,-0.1857987574830766,0.7065082249168317,0.6768955094716358,-0.0902076443531659
-0.31,0.46,1.22,-0.05602770333775697,0.24896644173612067,0.32992877039531,0.0244462870864834,-0.35120310599236043,0.6440662260361222,1.9735673277341874,1.3120282098586962,-0.4189041836839554,-0.7467788513648652,-0.13862424056079628,-0.11538046244340179,-0.12747396317252718,-0.7990114652605967,-0.19768844717375594,-0.5490850719728453,-0.23422449838937934,-0.253972296662243,0.21103355826387935,0.89007122960469,-0.16581942146993112,0.7059906783174056,0.6836931596583886,-0.0815153054869843
-0.31,0.46,1.22,-0.05900982695095153,0.24417033270110444,0.32613653090807715,0.020749222781597347,-0.34901145598308203,0.6175024338616668,1.9391805290531579,1.3110462576258206,-0.45066686538526324,-0.7588709628741982,-0.04609834694091856,0.14388871997796618,-0.7871265150445287,-0.6410933938215969,0.010077889442469864,-0.6967522435419734,-0.22259149427107766,-0.25099017304904847,0.21582966729889558,0.8938634690919228,-0.13202680915063258,0.699551245126741,0.6985272875591194,-0.07250245266491359
-0.31,0.46,1.22,-0.05086012636897619,0.24058175160002984,0.32149662744612806,0.01533016896758583,-0.3461334851042532,0.5746344770123999,1.9182323880497214,1.3245435687280145,-0.4852632532259931,-0.7866507565313713,-0.14524564040064133,0.0010160926062265352,-0.8559549647710658,-0.2887683180150058,0.32989266644668425,-0.6524689749484384,-0.7299079232666074,-0.2591398736310238,0.21941824839997018,0.8985033725538719,-0.08919719327605008,0.6838535756199774,0.7201452123606568,-0.07601987199062965
-0.31,0.46,1.22,-0.045985215955296865,0.23488290827036848,0.3173358894518077,0.014705307888826622,-0.3344156854800826,0.538107545249601,1.8970347255129245,1.3242140819369115,-0.512951682867257,-0.8097786470354249,0.07803298618902658,0.37623705488158676,-0.6448508140233317,-0.444659826258302,-0.2046738055662663,-0.4630089134141733,-0.33538804490277013,-0.26401478404470313,0.22511709172963154,0.9026641105481923,-0.054293629915283546,0.6684674621197483,0.7378970231977359,-0.07557404973749499
-0.31,0.46,1.22,-0.04718346934190493,0.2327330065081692,0.3139430772718719,0.0074345559959690275,-0.3303007623237035,0.5020278952731605,1.8651383711713816,1.319009812719528,-0.5405159029388574,-0.8396596120525548,-0.3301200051732778,-0.12787480292519043,-0.7976892561307338,-0.722992991696476,-0.010202520452036908,-0.6327384976260317,-0.6669617047472008,-0.26281653065809507,0.22726699349183083,0.9060569227281281,-0.0166854322050082,0.6526919473723873,0.7545130126003344,-0.066520162388109
-0.31,0.46,1.22,-0.04447573765427859,0.23719946019523142,0.31921173684225057,0.0026699825584899704,-0.329600360117589,0.4711132858635706,1.8615649554576108,1.297945575249741,-0.5672781763063823,-0.8509514054562197,0.11960698141448774,0.16307818592071838,-0.37177308965074696,0.5211844178763035,-0.6481936377070391,-0.44551574392389,0.17743050307935326,-0.2655242623457214,0.2228005398047686,0.9007882631577494,0.014255759672525174,0.6530727427691337,0.7545500218160884,-0.0628253972968004
-0.31,0.46,1.22,-0.05382263741615795,0.23824806126680895,0.3303542974030689,0.004251870767587516,-0.3090413756458667,0.46866245813628304,1.8584291541870839,1.2337682670257748,-0.5888779255514699,-0.8283595602913079,0.0008619092856299382,0.5822010080368715,0.09762982954362592,-0.5659066646059238,-1.6177449649370188,-0.3662933857782243,0.5534211324538456,-0.25617736258384205,0.22175193873319107,0.8896457025969311,0.023709026973668668,0.6742399658003139,0.736583893093313,-0.04777571551586117
-0.31,0.46,1.22,-0.07880321935782295,0.2281402207447153,0.33109481931624574,0.011546831926878349,-0.26671793612116423,0.47538681366162205,1.8163616342134512,1.1597767195869897,-0.60230907241556,-0.8225244450215667,0.25798346283751333,1.0159562314451769,0.10369431993891756,-0.8999412992225455,-1.4669185522812673,-0.17880724533996106,-0.28252073429563246,-0.23119678064217705,0.23185977925528473,0.8889051806837542,0.031611701401821506,0.678177746099743,0.7340956939970584,-0.013384957397467683
-0.31,0.46,1.22,-0.08849706818985487,0.2224854589699505,0.3323217912070484,0.015427313191817829,-0.23142964514638145,0.4643125907707759,1.8016589628908577,1.0980202978399298,-0.6064501910157697,-0.845538197783059,-0.06775022819179362,0.4177642363737043,-0.365865389142219,0.20666554847772944,-1.102451060922811,0.003854916938325741,-0.6256838746361055,-0.22150293181014513,0.23751454103004951,0.8876782087929516,0.040347328403372636,0.6729003733138507,0.7386120217702241,0.00542788921155636
-0.31,0.46,1.22,-0.10149064706892022,0.22047977665487983,0.3353203650365929,0.02298425694382484,-0.1957306980236085,0.46151820678094585,1.7836747815599008,1.015855160445673,-0.6020603957955595,-0.8800015466038468,0.3422644501935553,0.9849542521889989,0.07268085978706978,-0.7887237628538456,-1.9464636239888753,0.16034273831829876,-0.7780710765843284,-0.20850935293107978,0.2395202233451202,0.8846796349634071,0.04151212571927623,0.6697191784978456,0.7408773389911821,0.02921872584119786
-0.31,0.46,1.22,-0.10128819406839873,0.20729978830015688,0.3325512964639281,0.04579610993995701,-0.14885594703303537,0.44365761289435096,1.7736113735212993,0.9538166393265607,-0.5989323658512179,-0.9365245123007689,0.48188978628406093,0.8411847213660153,-0.6767774284990304,0.2102058090511212,-0.598020132831598,-0.02470920266474024,-1.309080469974291,-0.20871180593160127,0.25270021169984314,0.8874487035360719,0.04257122032256349,0.6502709727859503,0.7575737068377393,0.03764879626746325
-0.31,0.46,1.22,-0.09302200733580229,0.1991574640463334,0.3365693023327401,0.07638103306442395,-0.11884790321455413,0.42955195958144526,1.7832270399661088,0.8876456813182464,-0.5956308942241206,-0.9797277531436355,0.7227723707472998,0.47240804924740365,0.016429899075363616,0.2284365533636905,-1.9451353483751703,0.1495190014077887,-0.45417825185202193,-0.2169779926641977,0.26084253595366663,0.8834306976672599,0.03510426772263123,0.644709008209886,0.7628260520346699,0.03484823464512854
-0.31,0.46,1.22,-0.08760741704308792,0.19123556131279257,0.3397518977104601,0.1087534259682803,-0.09036044739549828,0.4269883996509802,1.7994444101261362,0.8260233659713655,-0.5921136498093936,-1.0238329110312097,0.5663078499936571,0.5462095059183588,-0.049620443712172814,0.37257515374050987,-0.5973605223987662,-0.014122064886080131,-1.276256578064827,-0.22239258295691208,0.26876443868720745,0.8802481022895399,0.01862374518780676,0.6416131721608107,0.7661258858145925,0.0321996973545954
-0.31,0.46,1.22,-0.08778953282284524,0.17934933773745554,0.33712275211428666,0.13839216202532295,-0.05348490040003446,0.4230003139838208,1.7872706412293988,0.7641676222335936,-0.597262306322773,-1.0665880898340367,0.6218653906735954,0.8816247316022588,-0.227332467175352,-0.790173062637538,-1.6211487646984262,-0.1850982702301585,-0.5553480086753917,-0.22221046717715476,0.2806506622625445,0.8828772478857133,0.015680323481283943,0.6285718966245647,0.7766453399480588,0.03838637995805244
-0.31,0.46,1.22,-0.0884182991209376,0.16495263946742283,0.3373661319944802,0.1808841255816287,-0.012215339371573536,0.4243189669285978,1.778285927378179,0.6836363627629517,-0.601731365508892,-1.0885374548103364,1.035659083615638,0.7330772343861807,0.26302086708623174,0.2779191563587436,-1.6099918555550499,-0.0025093143847023805,-0.4979686549726175,-0.2215817008790624,0.2950473605325772,0.8826338680055198,0.008410577175630858,0.6281087080287535,0.7767026088991553,0.046279265543746125
-0.31,0.46,1.22,-0.07767916628374644,0.15602930574288726,0.34425315080716634,0.226308520764454,0.009911314079157582,0.4140219224590186,1.7889278193778455,0.6170417326980259,-0.6063784871227105,-1.0962365091170123,0.7742248825776833,0.23505967886917703,-0.6424492044959882,0.014497093833540652,-1.0747917101328337,-0.1760453865329471,0.03574983757136341,-0.23232083371625356,0.30397069425711276,0.8757468491928336,-0.005237827112581927,0.6397305356593137,0.7675420335213667,0.03995789896968397
-0.31,0.46,1.22,-0.07756373780984413,0.16267732731635898,0.35674775383425184,0.25842177887815476,0.009705082433588854,0.40150215661187905,1.7755129132666343,0.5326124237556025,-0.610273276815258,-1.1037868760521115,0.6138795953873225,-0.13273834774803808,0.11725931465442235,-0.3434587170651041,-2.0418874072303494,0.009875944365809849,-0.339648343277044,-0.23243626219015587,0.29732267268364104,0.8632522461657481,-0.008396441438615525,0.6616050858063802,0.748088096103492,0.050718938026664835
-0.31,0.46,1.22,-0.09355942889195559,0.17988256944427566,0.3679334679804187,0.28689078772422394,-0.002612622669343253,0.4044275408179297,1.751343671905152,0.42034398857745503,-0.6052471090314772,-1.1316099686329704,0.5755546822922031,-0.275959084594025,-0.03218818449874358,-0.5935784050955194,-2.3083969561132447,0.18378243942428893,-0.7017372650912372,-0.2164405711080444,0.28011743055572436,0.8520665320195813,-0.0212411302089525,0.6846710796498015,0.7241550053822742,0.07983642814167084
-0.31,0.46,1.22,-0.10642969914045186,0.19083349868387905,0.3693728865586743,0.30992563986263766,-0.009339120390402751,0.41068043772943613,1.720222300888976,0.3411728422906879,-0.5915698360584161,-1.1880386943189039,0.3678422713995928,-0.1057280433052394,0.1973761593787417,-0.6189694563217579,-0.9597525881994616,0.3561118051765864,-1.5219166452086585,-0.20357030085954814,0.26916650131612097,0.8506271134413257,-0.034146054426588204,0.6857982003342757,0.7196985102597777,0.1027079827239443
-0.31,0.46,1.22,-0.11788478560534477,0.20316367085168985,0.36811613670621124,0.32366787611165443,-0.02062824340266795,0.4116209372696219,1.6761673365338725,0.2776547208009434,-0.5763140504503224,-1.250473615604239,0.23097907975639256,-0.2407159188863868,-0.12031935801927085,-1.0708830716204607,-1.3867673512803744,0.325313168746921,-1.1133312963113895,-0.19211521439465523,0.25683632914831017,0.8518838632937887,-0.03946186567916153,0.6793669799635395,0.7220553258815781,0.12465702570809124
-0.31,0.46,1.22,-0.13433617821008637,0.21645914839497987,0.3652365833638941,0.3392897236047811,-0.02777511320128345,0.42178037103212185,1.6187176444132574,0.19831005216121775,-0.5555518115759804,-1.3034279057402274,0.397166369415485,-0.039471817199420924,0.37138725002259726,-1.1584649230861361,-1.6916333745368322,0.49773699746589256,-1.0031581694756344,-0.17566382178991363,0.24354085160502015,0.8547634166361059,-0.04480539929194088,0.6775712224177111,0.7176564981009093,0.15446315249663364
-0.31,0.46,1.22,-0.13887421867872687,0.2140763160507971,0.3616675552130303,0.36970571651833034,-0.016968929657476078,0.4279555625909895,1.5656729139901315,0.14171609923106052,-0.5269160583681798,-1.3313506431671254,0.7811570208875052,0.38236341895033177,0.056604053270415906,-1.0609040947837896,-0.827879569544499,0.6064583660301327,-0.14900034211188098,-0.17112578132127312,0.24592368394920291,0.8583324447869697,-0.052325638896546726,0.6746198715099376,0.7169996032313373,0.16751604533324146
-0.31,0.46,1.22,-0.14123778060497835,0.2001759692696608,0.35419627265337195,0.4087778556966224,-0.0034859553065676708,0.4502304295031114,1.5263284344299237,0.10202104501399992,-0.4921498938088638,-1.3602811255534986,0.7859337385038954,0.1591448932549905,0.7419624281676218,-0.5419381074546594,-0.7802117134155078,0.7771128824179598,-0.9742749899623159,-0.16876221939502165,0.2598240307303392,0.865803727346628,-0.07181157988260614,0.6649187594578853,0.7236609986657369,0.1704139059051805
-0.31,0.46,1.22,-0.1613883344069135,0.19227268012280663,0.3405792887635223,0.44448929261508935,-0.003842943397943281,0.5027684982541935,1.4788160645409314,0.035363093626787814,-0.4581440546814009,-1.3867885065759669,0.7161593498917782,-0.05643995243221926,1.176942944006175,-1.1641990075044026,-1.6059491861221555,0.590012110113674,-0.12152370771335275,-0.1486116655930865,0.2677273198771934,0.8794207112364777,-0.09959576150399463,0.6586074727576485,0.720784326939224,0.19179894461907887
-0.31,0.46,1.22,-0.17600444181724073,0.18876765940855,0.33408374851654,0.48904960287471705,-0.01257085672316549,0.5408074418355535,1.4458658826358903,-0.043205060905022075,-0.42429108950931493,-1.3711732496598938,0.9946207508745953,-0.25625281368928204,0.506493539907736,-0.31368901104317043,-1.482888844453423,0.7577617876745649,0.711849971316653,-0.13399555818275927,0.27123234059145,0.88591625148346,-0.126930126717359,0.6761149169593164,0.6951326882673571,0.20868135445892025
-0.31,0.46,1.22,-0.18274024310505463,0.17797297750528362,0.3276264621112617,0.5360631346552976,-0.02286260129145285,0.5763520206552469,1.4379198857048394,-0.09306343596436807,-0.3913126334172152,-1.3575340272744019,0.8554554640766424,-0.20824814925742455,0.7494407202823518,-0.02492320216660463,-0.6889045752625634,0.5689553747932686,-0.1288242253142797,-0.12725975689494537,0.2820270224947164,0.8923735378887383,-0.16338184363650407,0.6879599385318866,0.6748698497855706,0.21111177607026343
-0.31,0.46,1.22,-0.1776690652739611,0.16159839490993122,0.3248973950271723,0.5729788144263067,-0.02239999647355849,0.5893408926683713,1.4274783719125135,-0.098663143998079,-0.36779386107972595,-1.3422804057782345,0.589886321603805,0.11513556183711782,-0.18823603505582148,-0.3557292995922049,0.246172819876429,0.3796884185763986,0.7044685424979782,-0.1323309347260389,0.2984016050900688,0.8951026049728277,-0.18394662257045705,0.6887651714908718,0.6714420818070952,0.20231586533098714
-0.31,0.46,1.22,-0.178213347494097,0.15758654082751894,0.3241796836324926,0.5929134134627533,-0.02900507972501255,0.5993399530396727,1.4147419603678677,-0.11835763951427267,-0.35360286878791625,-1.3290510197206902,0.2742406655848392,-0.26247473546174677,0.5507880428258932,-0.13979325637929185,-0.8302433609024721,0.19532578058482364,-0.1373931089572425,-0.131786652505903,0.3024134591724811,0.8958203163675074,-0.1932330473821054,0.6959753184292953,0.6609456393050737,0.20354411664372304
-0.31,0.46,1.22,-0.1755170453030246,0.1522589215792886,0.32454706788077414,0.6101005292431223,-0.029330241999557402,0.602194176752482,1.4194538082684962,-0.12507901276277403,-0.33941558351369827,-1.3142123372581618,0.31939770789585137,0.1364547513613087,-0.39550123207798754,0.23213088202658758,0.39825283318555316,0.3654649251405917,0.6963877509786142,-0.1344829546969754,0.3077410784207114,0.8954529321192258,-0.20650759038795025,0.7011870893798879,0.6528557837781341,0.19867210772164812
-0.31,0.46,1.22,-0.16817027754057567,0.15160326023109266,0.32967176891406,0.6163280547568063,-0.019187921934660877,0.590990350909269,1.4101443843721113,-0.13476095293478912,-0.3259322887600415,-1.301371092595677,-0.011087056799691382,0.3153166664227243,-0.16194616611001308,-0.4678647067511129,-0.5968098741184779,0.18097494226852914,-0.14477126360096887,-0.14182972245942432,0.30839673976890736,0.89032823108594,-0.20444713107661128,0.7089786932541443,0.6468601839172223,0.19267196362928965
-0.31,0.46,1.22,-0.15253474062869463,0.148634417603284,0.3377881418804609,0.6204346961127495,0.004420550353300702,0.5658012599049351,1.404938286662009,-0.129208333243936,-0.3124537326001268,-1.2868951431071507,0.0897946985581987,0.4864865948588225,-0.608091926680292,0.14571833006941984,0.6833188565476781,0.3518760828270042,0.6893720424236737,-0.15746525937130537,0.311365582396716,0.8822118581195391,-0.19590922258989873,0.7140661495538616,0.6479134140309155,0.1787101521580326
-0.31,0.46,1.22,-0.14220053686026485,0.1469036470337789,0.34356461711202657,0.620995242362629,0.013968725369764191,0.5550000413417064,1.4392087500657287,-0.12556497232080258,-0.29035383180140184,-1.2744058814124952,-0.011907081486885861,-0.05581275444165737,0.14320277885103128,1.0690751297769363,-0.3014709061473956,0.5249965060542452,-0.1518205099340495,-0.16779946313973515,0.3130963529662211,0.8764353828879734,-0.2129736741431766,0.7198489238162085,0.6407525975971577,0.1609218744456379
-0.31,0.46,1.22,-0.15822782046947967,0.15652886704680435,0.33867425805535645,0.6141062134882367,0.004411532824975683,0.5810254682907233,1.4804625887573548,-0.17317532297491173,-0.2689099187980295,-1.2782735833385233,-0.16845347851227382,-0.1565331035721929,0.8029646752370984,0.6592136997145279,-1.4104229279971014,0.3399960339971567,-0.05583300572707454,-0.15177217953052033,0.30347113295319567,0.8813257419446435,-0.24535221855941167,0.7287367664284368,0.6166587191614525,0.1687514094328037
-0.31,0.46,1.22,-0.18056473604469261,0.1525695256519387,0.32119275485035337,0.6109463393447048,0.007150197726850578,0.6361335325854887,1.521859785076647,-0.21121436995602988,-0.2541867530446436,-1.3021679083661153,-0.029047150014810005,0.15030480899577972,1.214132466842969,0.9286647554298378,-0.30941730575720794,0.2605526557516973,-0.8122988452459975,-0.12943526395530738,0.3074304743480613,0.8988072451496466,-0.27944792768508914,0.7197210596012896,0.6082059451850543,0.1843799889371428
-0.31,0.46,1.22,-0.20176692218929596,0.1378301560854957,0.29343724884377975,0.6099913999087118,0.015827832976324487,0.708354579076611,1.5706086829334762,-0.23364695989616424,-0.24596671845416684,-1.3636997330164442,-0.01306614519585597,0.19649319410671906,1.4524569604752136,0.9843658370216872,-0.5380148299107195,0.0754004035987625,-1.555446268928773,-0.10823307781070404,0.3221698439145043,0.9265627511562202,-0.32040641888636223,0.6878477262945988,0.6211549482540463,0.19588711654236163
-0.31,0.46,1.22,-0.21121632957746403,0.12378929178619519,0.27256515375000956,0.6066177032655992,0.028297927516103917,0.7559933009991482,1.6061171212466987,-0.22667271771221875,-0.23772048201350815,-1.4191588409041396,-0.1478252920368451,0.21562040618578063,0.4905326572431348,0.5084500731413509,0.6278181348199982,0.24738791247814773,-0.6984082852037996,-0.09878367042253597,0.33621070821380483,0.9474348462499904,-0.35005899043035327,0.6545977487418205,0.6410472879244675,0.19498426912371009
-0.31,0.46,1.22,-0.2037871739289251,0.11221271902087243,0.2702235923142672,0.5941719833426584,0.05261745405225984,0.7571287586174366,1.6015016078102937,-0.1785235732562952,-0.23019629488492327,-1.431977077118579,-0.34408460510851957,0.6660747354812444,-0.2977011001712876,-0.545011177619977,1.1187504440324585,0.06144311463599674,0.14757230922091566,-0.10621282607107489,0.3477872809791276,0.9497764076857328,-0.34517432937558856,0.6337033159677394,0.6677137351973483,0.18284736120712725
-0.31,0.46,1.22,-0.2001983538306389,0.11485181986186493,0.2727714943319356,0.5673238720409313,0.07530694768008221,0.7424610245118002,1.5807076188101297,-0.15774456600964384,-0.22644120420612568,-1.4461789483348706,-0.6661340549377427,0.35953487104561943,-0.3054143350262467,-0.2953146869397736,-0.23890655733620283,0.11543961381479312,-0.6814166808086,-0.10980164616936113,0.3451481801381351,0.9472285056680644,-0.3219446718168141,0.6249717937560052,0.687756197228517,0.1809787238101059
-0.31,0.46,1.22,-0.1926916802978238,0.12207307270791395,0.2801504129666217,0.5366471489443402,0.09990384890524918,0.7111359045705992,1.5610209034634805,-0.1348966314727992,-0.22120229721518284,-1.458140406074037,-0.6171446307174193,0.5212907562301666,-0.7312271890779384,-0.44238674401414146,1.0128779981297775,0.08093001477143039,0.16482619246092112,-0.1173083197021762,0.33792692729208607,0.9398495870333783,-0.294989876581967,0.6198870354846601,0.7056744040299987,0.17534158505358044
-0.31,0.46,1.22,-0.18879409969874267,0.12759649506788312,0.28550938678576676,0.5086593876262698,0.11003716001172756,0.6934457253851848,1.5709704364260717,-0.10900882468142058,-0.21262653590304514,-1.4576583187308543,-0.4691695403943384,-0.0922541721649997,-0.01870746197591759,0.7893217116903173,0.24687169045333582,0.25479623746851515,-0.10504861841782241,-0.12120590030125734,0.3324035049321169,0.9344906132142332,-0.2859204850446326,0.6181380618814979,0.7127037324040714,0.16795297705766835
-0.31,0.46,1.22,-0.19320321846919836,0.1261019335635688,0.2789109318810483,0.4885447354063441,0.1117214018700819,0.7113729254042735,1.6111162114851525,-0.07337807659936468,-0.20420074247889622,-1.479052871830136,-0.36440386147957404,0.07062665923435955,0.7014138362928808,0.8046361819174611,0.9634060642896315,0.11953665270412582,-0.5196229702966679,-0.11679678153080163,0.3338980664364312,0.9410890681189517,-0.3057750689121771,0.6011681654578669,0.7209809765723397,0.1590121866165343
-0.31,0.46,1.22,-0.20707736872759572,0.11983181701505213,0.2641646027154152,0.4752016746882478,0.10750914890986804,0.7587542687985107,1.6628278118573512,-0.041466198477449964,-0.19370170294131625,-1.4834544013638213,-0.1681745599114144,-0.15051596440133008,1.0287906070722634,1.1633071025891442,0.48058615609748384,0.2930981060080147,0.2541664987656802,-0.10292263127240428,0.3401681829849479,0.9558353972845848,-0.3398495596560858,0.5848232238156917,0.7194390484961124,0.15777049529742398
-0.31,0.46,1.22,-0.21074959912982466,0.1163128450594309,0.25810742662235353,0.4681811595060856,0.09783958077070384,0.7862019329205875,1.73225343936284,-0.007704447156118845,-0.17462585147257095,-1.4924000218024105,-0.15287086018326468,-0.23443454339653935,0.192162817103754,1.4669787523414297,0.7265564103868216,0.4633689688677465,-0.5764014775281333,-0.09925040087017534,0.3436871549405691,0.9618925733776464,-0.3825115494619197,0.5742880674524936,0.7102583608836975,0.13932404998680173
-0.31,0.46,1.22,-0.21549955904431792,0.12191099565470848,0.2578133228134707,0.4610288802079202,0.0756103688252574,0.8108518925209893,1.8143215600353906,0.007300821603445276,-0.1469771563707421,-1.4991968801519548,-0.12054376286197849,-0.5178836622423518,0.6568117155285739,1.7998625125691325,0.1486141625163172,0.6353673501642954,0.26644620948312303,-0.09450044095568208,0.33808900434529154,0.9621866771865293,-0.4322516101101229,0.5745131506513425,0.6853938559684808,0.11544889556219934
-0.31,0.46,1.22,-0.22637246882336548,0.12020179937348713,0.24734151934540982,0.45446138426191685,0.06469815845512096,0.8620783375790438,1.8906254486982896,0.033928489397457004,-0.11976294166407753,-1.5075559231668696,-0.16509225905793445,0.014219837245912897,1.3576960723501603,1.3192132613566656,0.7530930420791475,0.4876442432004041,-0.5647560816888376,-0.08362753117663452,0.3397982006265129,0.9726584806545902,-0.48324669742412674,0.5647974831812803,0.661537681396448,0.099218589555475
-0.31,0.46,1.22,-0.23190119938533688,0.1163478670482333,0.238855573427326,0.453086861458401,0.05270400040433924,0.9051888536926975,1.961520306586052,0.06967233979782725,-0.09221484860178218,-1.51377843821887,0.08393632223814179,-0.3841270372885182,0.4575107591619203,1.3897335837122613,0.6722601930845447,0.5365091417591614,0.27765360746141904,-0.07809880061466312,0.3436521329517667,0.981144426572674,-0.5297936908321237,0.5514624610652071,0.6397647381848915,0.07686923289325952
-0.31,0.46,1.22,-0.23341779910107885,0.11469605785598297,0.24153296131477475,0.4634501697449616,0.02952890592785002,0.9307946803093664,2.029263831740404,0.0931344976058496,-0.06306191833897543,-1.4783022064441065,0.3061133894675916,-0.49259311640251985,0.5040304941733342,1.2723683073828702,0.3877432146819856,0.5608855357707044,1.1072784388407684,-0.07658220089892115,0.34530394214401705,0.9784670386852252,-0.5724706949950212,0.557288212253184,0.5987563136836075,0.05655111563519248
-0.31,0.46,1.22,-0.23147452001351737,0.106319447017384,0.24076915680451239,0.4695582227868513,0.01995632420052576,0.9570099051954926,2.060952619521053,0.14131461085714817,-0.039830925228160154,-1.4450327913057892,-0.07905506149174402,0.029722664036486914,0.4988317058029142,0.06370930061499987,1.299085424051063,0.3757504355567178,0.25839784923513665,-0.07852547998648263,0.353680552982616,0.9792308431954876,-0.5996750398035208,0.5522989703162215,0.5774342268640182,0.04387946752458204
-0.31,0.46,1.22,-0.23252515129676746,0.09965079285878853,0.23169840573863099,0.46469723474573665,0.013996313707829047,0.997906614934931,2.084346857779042,0.1975645331150741,-0.01657620611565606,-1.4523737189383785,-0.10189236302149274,-0.23750468091713836,1.0210889283472244,0.7624365322167643,1.006055749627998,0.5473546735400572,-0.42373973794000686,-0.07747484870323254,0.3603492071412115,0.988301594261369,-0.6229717302775782,0.5322606631544533,0.5725323275952932,0.028487604175469354
-0.31,0.46,1.22,-0.23426760289895485,0.09841049924295425,0.2202041935284743,0.45257373892378033,0.006543071992535532,1.0435410511127619,2.114431166571819,0.26061562271496064,0.005953801743209715,-1.4949434162193938,-0.3553150827885194,-0.09237101079359694,0.8386625077779737,0.4779432862212411,1.3594652410359054,0.36545432874696443,-1.2252846794819567,-0.07573239710104515,0.36158950075704577,0.9997958064715257,-0.6479763135804781,0.5034258447555414,0.5715669198862895,0.0006098873038611896
-0.31,0.46,1.22,-0.2438165816066509,0.10150040434817303,0.20230487000203645,0.43177675373255253,0.0034426974206908057,1.1022249092491232,2.1407113430075033,0.3106548548249036,0.0287264677929637,-1.5473897070595262,-0.4485339943892773,-0.03571255914439112,1.4284529673770112,0.5917798287981996,0.8646416466931302,0.5382612723490783,-0.889594935036668,-0.0661834183933491,0.358499595651827,1.0176951299979635,-0.6703072510572954,0.4757092099276917,0.5691867489708117,-0.020380911805453813
-0.31,0.46,1.22,-0.261126678294262,0.10713661852126671,0.18406065752436973,0.41251482718208815,0.0015239551336071093,1.1555858676214528,2.1587930267637407,0.32413757579071756,0.050757809829347335,-1.5697112468619494,-0.30573613314076553,-0.011710835749567624,0.7703118850060523,0.1485373599422808,-0.08585674886120163,0.3508459492888426,-0.039749968215885,-0.04887332170573799,0.3528633814787333,1.0359393424756302,-0.6899175207026929,0.46722494887355004,0.5525437478904798,-0.020250146782182506
-0.31,0.46,1.22,-0.2727230062779337,0.11293124319567449,0.18053805289887515,0.40857213608514753,-0.008215519236223772,1.1765897872013442,2.18414439098818,0.3128585331678556,0.07264214797028906,-1.5500582691836107,0.12600235447766767,-0.26144073975594245,0.22508481507429817,0.7054967856607923,-0.2886371608529476,0.50372719303413,0.7916522879926883,-0.037276993722066276,0.34706875680432553,1.0394619471011248,-0.7056476788247064,0.47893979204084297,0.5219422529608566,-0.01594721114563846
-0.31,0.46,1.22,-0.27205307518488175,0.11123905002001128,0.1811809552084116,0.4071921407534926,-0.00595326440935078,1.185811590833048,2.1912510778369376,0.3358343189433045,0.09302412711962947,-1.5324959129131013,-0.21690853857095688,0.2763462320461493,0.1459139168051828,-0.25791794709154214,1.1110295203626679,0.31880400289572297,-0.05184777081113432,-0.03794692481511824,0.34876094997998874,1.0388190447915884,-0.715112011123404,0.4775799402240955,0.5100460008725403,-0.019628785915553944
-0.31,0.46,1.22,-0.2569571936613254,0.1150516962068136,0.18991209755218774,0.3901780625243808,-0.005303111062982196,1.1751733344539295,2.194406404228718,0.4130400201258863,0.1055003239547693,-1.5563146472430305,-0.39401391132757174,-0.1575196581744328,-0.33771268820068784,0.19808993890198426,1.6901398038980133,0.1624088742721217,-0.8190431861041156,-0.05304280633867461,0.3449483037931864,1.0300879024478122,-0.7123425469487834,0.45565908055383975,0.5309681583085034,-0.05491550762604264
-0.31,0.46,1.22,-0.24620723982762388,0.11672673705805847,0.19129320493774582,0.37143566853218374,-0.0005556141701258208,1.1727155144404229,2.1767234026663744,0.47863474176528303,0.10953349042165611,-1.5728639238873818,-0.39118239806314187,0.22779422110606162,0.10001547869467026,-0.7228791480531817,1.090022308348216,0.0526509920962623,0.1068000862325211,-0.06379276017237612,0.34327326294194155,1.0287067950622542,-0.7046129641218671,0.43405426982459006,0.5564899107681864,-0.073732223970624
-0.31,0.46,1.22,-0.24171449648955273,0.11673466790165732,0.19427779259685996,0.3539717425736392,0.0030160232384212325,1.1516751138544061,2.1351779545687912,0.50560199346425,0.10757853163059496,-1.5459085824272638,-0.28321626099442965,0.024128965801873258,-0.8505041561303802,-1.0048207171123826,0.19985874906624693,-0.12201143066410232,0.9372167451459522,-0.06828550351044725,0.3432653320983427,1.02572220740314,-0.6891562865641897,0.4337287646430986,0.5773637723500407,-0.05995036103276308
-0.31,0.46,1.22,-0.23563233756792287,0.11358255346396301,0.19835285505299227,0.34497020653737154,0.00643431826704736,1.1255872642068285,2.0872828521909566,0.5225288724447131,0.1062850621958323,-1.516147758521351,-0.11231722799973162,0.041063878179443035,-0.288406903433931,-0.8415564084323015,0.3726469796289855,0.05948174214413123,0.3717468852236253,-0.07436766243207713,0.346417446536037,1.0216471449470077,-0.6716162187571703,0.4360647475673429,0.5974542219219886,-0.042750945474241735
-0.31,0.46,1.22,-0.23372050618820284,0.11445459848644335,0.20669522758703485,0.34440685701211726,-0.0038758388751835558,1.1025620129930696,2.0638115267796904,0.5165198760926932,0.11223478707466994,-1.478512747255219,0.09183246317173328,-0.3352788239983622,-0.4965904283326593,-0.29127765670730243,-0.3388143335569766,0.12063018671836886,0.9537486597877178,-0.07627949381179716,0.34554540151355667,1.0133047724129651,-0.6639575744987789,0.45044907459500483,0.596058681538742,-0.031145122001672187
-0.31,0.46,1.22,-0.2269198602738625,0.10553188873642211,0.20807219147130818,0.356442151257051,-0.007968759725714486,1.0957785014484132,2.033713531433931,0.5318316681829446,0.1228662648919224,-1.4528993995889783,0.3026919431589469,0.046085101005931016,0.19618396583018852,-0.6591748023384709,0.6958527223045932,0.296753972993869,0.10623706792856086,-0.08308013972613751,0.3544681112635779,1.0119278085286918,-0.6631402684869436,0.448898708345087,0.5984211640976052,-0.025040852965587
-0.31,0.46,1.22,-0.21295763557776398,0.10293836981028115,0.21233884638563105,0.36307933621629457,-0.020026489824335202,1.0832783160817667,2.02471518883706,0.5686608226552966,0.132779350856441,-1.4689432106417406,0.03603763137069247,-0.42825209857997143,-0.5120350458543489,0.035785435779976886,0.6828991668256899,0.10821687895430687,-0.6834211171494212,-0.09704236442223602,0.35706163018971887,1.007661153614369,-0.6639024610553518,0.4322053360165114,0.6084572173965762,-0.04703067426177558
-0.31,0.46,1.22,-0.2048976767721511,0.10788711877473833,0.22265586548427485,0.37663395872628697,-0.04372746175318306,1.0753046997695803,2.0445998812457113,0.5737399750761333,0.1426980801129917,-1.4810453443974825,0.48346472765842763,-0.48102314040550265,0.12947761997914725,0.6685783349435962,-0.22077609330138454,0.28159369057811695,0.16139058032807962,-0.1051023232278489,0.3521128812252617,0.9973441345157251,-0.6715355696667211,0.430483727343296,0.5985164511747968,-0.07417409816197679
-0.31,0.46,1.22,-0.21014540588366531,0.10123321804835023,0.21902692490609255,0.3940400706228302,-0.05212188302638327,1.098518851203205,2.0476399840182617,0.5588750346443971,0.15245579741038817,-1.460444099242009,0.21128388488171196,0.11941028488006018,0.7747407169162244,-0.49831236914664223,-0.2893966825794182,0.1588189083975518,0.5086750771195547,-0.09985459411633468,0.3587667819516498,1.0009730750939074,-0.6874853410612517,0.43575931542450774,0.5769913171309308,-0.06751847748707467
-0.31,0.46,1.22,-0.22157453395416096,0.0937243571867627,0.21052298635216316,0.39967704261455006,-0.05438054852869478,1.1223557771382626,2.0338063355766263,0.5420899923277919,0.1648625592024867,-1.4210094585284874,0.039587246311843315,-0.1083142384306578,0.3104454098566785,-0.18883573928119154,-0.2511947576725869,0.3309083925043772,0.908712385389373,-0.08842546604583904,0.3662756428132373,1.0094770136478368,-0.69830679708609,0.4460373100104497,0.5583663099516719,-0.0405635197309328
-0.31,0.46,1.22,-0.22740455870110082,0.08303855974660068,0.19539533422038802,0.3959555888514797,-0.046131809758876145,1.155492412482893,2.0036768864719727,0.5669300662580781,0.18598001364890335,-1.3976277667531345,-0.2276582731581956,0.32357233492204057,0.9923728751457604,-0.7385866278308831,1.1475075163671573,0.5059757656981235,0.062479822981423176,-0.08259544129889917,0.37696144025339934,1.024604665779612,-0.7077265322039575,0.43712396421402766,0.5546956981684523,-0.01893351414258554
-0.31,0.46,1.22,-0.23163160640660152,0.08423273037856871,0.185647981653148,0.376679743472508,-0.045732963781712314,1.1797201036085776,1.998282613983247,0.6060472333953718,0.2062967139565326,-1.3973530650852284,-0.45196288537517726,-0.28664047651756264,0.020214089334355367,0.4497313892478977,0.5970425304319583,0.31469096650182576,-0.015549514368129298,-0.07836839359339848,0.3757672696214313,1.034352018346852,-0.7166035087859113,0.424693661020103,0.5530110194589175,-0.017132362419441268
-0.31,0.46,1.22,-0.2409795153007911,0.0997549710566017,0.18804977245131616,0.3512090639996175,-0.06253871976878886,1.1967081291349126,2.0202015642056885,0.6262290405388788,0.22627658822539895,-1.397155393760372,-0.5192501134603075,-0.36298922862629235,0.5574232505289933,0.4321539698375106,0.3366057278424186,0.45383735129379144,0.0008337448747395208,-0.0690204846992089,0.3602450289433983,1.0319502275486838,-0.7268334805673676,0.43031617628653596,0.5346443113434746,-0.0263920499492371
-0.31,0.46,1.22,-0.25213786278435646,0.10103465472429335,0.17623817584079493,0.3358536351800585,-0.06573648505719636,1.235037437363232,2.012819363513287,0.651343088630832,0.25083560445429093,-1.375484363758986,-0.10941573081960841,0.19989679090487747,0.7515765148031252,-0.5962088778088374,0.5743926254608716,0.5625039648134857,0.8317881857236193,-0.057862137215643566,0.35896534527570667,1.043761824159205,-0.7411131832859572,0.4278734307892703,0.517199818567183,-0.013413592302135235
-0.31,0.46,1.22,-0.24892582363647636,0.09686346631022635,0.17145952849120527,0.32947497679246157,-0.06550645585911127,1.2505088094337613,2.003185717523669,0.6981806167946865,0.2828240853383239,-1.3529178592647442,-0.1368333899045843,-0.08087047790838882,0.025374532152075753,-0.022603345862514196,1.067206353510682,0.6848195083846128,0.24699469807035665,-0.06107417636352362,0.36313653368977367,1.0485404715087947,-0.7536761134489447,0.4148262056321089,0.5096643951281978,-0.011564578503740042
-0.31,0.46,1.22,-0.23965933645776816,0.10568099654567259,0.17896111124215053,0.3180849226343403,-0.08191129745266378,1.2591384475153735,2.0273185781075664,0.7625815752370445,0.3214172371892813,-1.3617157387258958,-0.2553380423101061,-0.4631545980839255,0.36850209256793437,0.7674175628639701,1.3649786473366172,0.8467122966141855,-0.502673209145804,-0.07034066354223184,0.35431900345432743,1.0410388887578494,-0.7700559723011191,0.39692563063149816,0.4973944096702657,-0.04541634617550894
-0.31,0.46,1.22,-0.24020170825910275,0.11579382738591298,0.18269278437392877,0.309018630675259,-0.10072366801532902,1.27720766577113,2.0475985846913867,0.7948092379939004,0.35885556201946045,-1.364896079564821,-0.11285147338867943,-0.30433281560410613,0.265445493500681,0.14819409544022333,0.04901994609513265,0.6583799854710624,0.3374628415754236,-0.06979829174089723,0.34420617261408704,1.0373072156260712,-0.7870152728016855,0.3884994571273313,0.4742780378320076,-0.06881478779214555
-0.31,0.46,1.22,-0.2414594412171009,0.12549484850186593,0.18862099116757447,0.3059293906097703,-0.1211955445193237,1.2891101438278536,2.0704781964013868,0.8150379697260586,0.3961847452668167,-1.368657715884026,-0.008802903062726037,-0.45084118455278904,0.2759565471962255,0.599618585714178,0.5450064299013972,0.8281029507263695,-0.366220948809239,-0.0685405587828991,0.3345051514981341,1.0313790088324255,-0.8017271535257999,0.38425401028106987,0.4486580078418372,-0.09104075396067507
-0.31,0.46,1.22,-0.2430502550142854,0.13266056719847968,0.19635263557968874,0.31623230369711924,-0.1434650573813584,1.2984080368504651,2.0993321277411696,0.8157214583687947,0.43526883071399,-1.3651124188771875,0.3685960038011409,-0.42739070127674234,0.101870573949732,0.5469443216850922,-0.27241308584453294,0.6994806544259732,0.4708781754331616,-0.0669497449857146,0.32733943280152034,1.0236473644203112,-0.8180123475195,0.38202552279215124,0.4145194465656323,-0.11439373960117724
-0.31,0.46,1.22,-0.24394802089970957,0.1289273837673846,0.1930345401758129,0.3251246220565269,-0.1504624091733108,1.320778569574792,2.099438072378026,0.8305953308033565,0.474618799421278,-1.3603049038236097,-0.0184085516193729,0.06343904521845556,0.7657081827297549,-0.354277633974659,0.6001662507066053,0.8693125828416652,-0.11048822411784276,-0.06605197910029043,0.3310726162326154,1.026965459824187,-0.8345887988042276,0.36946473792190215,0.39042185640086957,-0.12053264448818526
-0.31,0.46,1.22,-0.2438011720896222,0.13063628148524553,0.18379077469490923,0.32145120303122116,-0.16024960198513533,1.3638543990155898,2.1101694996951745,0.8833984015690999,0.5224221647876347,-1.3864529762839994,-0.07517132031796347,-0.3406556662903822,0.99072433208336,0.5807325722027776,1.2886439609469698,1.0363372086512226,-0.8115206633185488,-0.06619882791037779,0.3293637185147545,1.0362092253050907,-0.8530071394898403,0.340882963156751,0.3674382888603802,-0.14548790083092594
-0.31,0.46,1.22,-0.24975786892664953,0.13407800537151982,0.17381226033510533,0.31660126383359494,-0.1703073232972136,1.4072470239126802,2.1189032807295423,0.9125883584638944,0.5692967045799845,-1.404910652189031,-0.11053346031106949,-0.0984571198517005,0.6547041566290465,-0.1025713154909959,0.027717418750613076,0.8463146020185381,0.0361212187521918,-0.060242131073350455,0.3259219946284802,1.0461877396648946,-0.869679833553243,0.3215097020680723,0.3366295730958478,-0.16422249877592934
-0.31,0.46,1.22,-0.2611708887591959,0.1391470099429663,0.17591195543933624,0.3200079383294931,-0.186863547473834,1.4156185824608796,2.133733342022196,0.8885066557442168,0.6066295399986275,-1.3821212438442272,0.22302322693877563,-0.44166935282898356,-0.18836489746542007,0.4695997200666658,-0.7162447834692518,0.6554255302071144,0.7741134247939727,-0.04882911124080406,0.3208529900570337,1.0440880445606637,-0.880241662070413,0.3297126860209754,0.2998411846885093,-0.1629706261782833
-0.31,0.46,1.22,-0.25995293206945885,0.13868161133672496,0.18331287293809795,0.32871650724576607,-0.19341416973986375,1.399716131131952,2.126702726729385,0.8803177100832765,0.6345832625007635,-1.365310975746899,0.06884958033340023,0.1515096793379557,-0.4286839558916254,-0.7025440929663561,0.05145263526482238,0.4700021157236848,-0.04541473365968858,-0.050047067930541145,0.32131838866327506,1.036687127061902,-0.8849357272197728,0.3289254999981363,0.28688059443693814,-0.16246937765775124
-0.31,0.46,1.22,-0.26308263185936004,0.14629079497465586,0.19351593235093079,0.3242979016776612,-0.200504414525547,1.3677888914262704,2.1175451855524594,0.847857676199084,0.6531077207680628,-1.3558189700386112,-0.1461401191009236,-0.32198070438900195,-0.7336129508198442,0.07234707748994368,-1.2503945238380405,0.27940885271648913,0.2372429762017859,-0.04691736814063997,0.31370920502534416,1.0264840676490692,-0.8817052710998202,0.3415066212372941,0.2838133458672115,-0.15943345719621846
-0.31,0.46,1.22,-0.2659960773277904,0.14592946716942068,0.19786614477806785,0.3266021959470693,-0.20179116125250054,1.3483692684644277,2.0924187223423316,0.8226892477763446,0.6716632170413648,-1.3385532903519637,0.1800950367582893,0.24605636393738156,-0.06903554518874268,-0.9836569652867797,0.1575472696179776,0.45545024482613455,0.38719462640546387,-0.04400392267220961,0.31407053283057934,1.0221338552219321,-0.881748810069886,0.3504805417096388,0.28027555478672694,-0.14535487336945666
-0.31,0.46,1.22,-0.261584564412769,0.14559976356169313,0.20469290300079668,0.33097948864567994,-0.2043718493620592,1.3198056059144867,2.071699882394207,0.809798001185732,0.6894752410741477,-1.340965101893542,0.09952809969558851,-0.24919498878150564,-1.0172333422018514,-0.062422081114355994,-0.5279553398225718,0.2654553092221221,-0.4466813817905285,-0.04841543558723098,0.3144002364383069,1.0153070969992033,-0.8800560536477292,0.3503666776933836,0.28582770031346016,-0.14507604672586208
-0.31,0.46,1.22,-0.2452297611113906,0.14117444446752725,0.21628849571660824,0.3457680467665896,-0.20231621358954605,1.2789543060199378,2.0424445963390903,0.8187046485797297,0.7073347747639899,-1.3473510040430607,0.44839879602881,0.2687084427079402,-0.709684173706276,-0.8846481695081341,0.6882464736552395,0.4412369559778865,0.07989600681372082,-0.06477023888860939,0.31882555553247277,1.0037115042833917,-0.8768131859096026,0.33909352365520806,0.3040871633838705,-0.1540948289051219
-0.31,0.46,1.22,-0.23314886755190647,0.13539211265966328,0.22272646376470684,0.3592901802262956,-0.20209792730910606,1.2513685555059517,2.0174733229340456,0.8184922277172676,0.7244321575550425,-1.355122454555834,0.17135975854154914,-0.12755743729837313,-0.42562218615788344,-0.35084744407022883,-0.6067322826768917,0.251092834361329,-0.3852140552011255,-0.07685113244809352,0.32460788734033674,0.9972735362352931,-0.8757803055716347,0.32879255789552375,0.3157186300966068,-0.15882712883917255
-0.31,0.46,1.22,-0.22580453297460978,0.1394473530163478,0.22761009635562823,0.3639226726054686,-0.2087500664591736,1.2334526294962882,2.0106932554004993,0.8227566355980032,0.7321519894792642,-1.3958416954910784,0.024115612379591676,-0.14819557332564612,-0.23276961193281723,0.01611715581439617,0.5486716484689002,0.06521933803200447,-1.2096731641610317,-0.08419546702539021,0.3205526469836522,0.9923899036443717,-0.8707026772739007,0.3204085555904608,0.3255564718235138,-0.18228600864115113
-0.31,0.46,1.22,-0.21859123037556968,0.13386779514310465,0.22235752438815748,0.37106336165938314,-0.2050277068089948,1.238139765213156,1.9935744052274458,0.8396441722719297,0.7399699018026105,-1.4343026014854559,0.19709765298222717,0.17824427643708685,0.3528197852165131,-0.4644343436260767,0.20001882742586005,0.23983046333734784,-0.3932067820242272,-0.09140876962443031,0.32613220485689537,0.9976424756118425,-0.8703220934375997,0.3011764528347526,0.33633967007667837,-0.19674304121107183
-0.31,0.46,1.22,-0.22126247936994115,0.13519793046451373,0.22177608275012317,0.37526193743915387,-0.20909798617982597,1.236751860093472,1.9942677934398614,0.8212933615160182,0.7470392274971036,-1.4536374775362046,0.057549148687727134,-0.21703433869474534,-0.2345912686264107,0.24728117450585754,-0.6642404090988971,0.05142890151314464,-0.3763291239833718,-0.08873752063005884,0.3248020695354863,0.9982239172498768,-0.8700575193875586,0.30220839011977957,0.33141441909771463,-0.20453480073695007
-0.31,0.46,1.22,-0.23303530599343836,0.14133318323649174,0.22625739106860376,0.3896545716320016,-0.22326187273480108,1.2336652433765136,2.0158551164771286,0.7589338635755355,0.754098539974522,-1.450598676505807,0.4966474364464094,-0.3040899245009996,0.0026802969006416997,0.563326481415807,-1.5423748241049742,0.2242087996892449,0.4543846014143339,-0.07696469400656164,0.3186668167635083,0.9937426089313962,-0.8712150714637947,0.3234188307167041,0.3043788835387198,-0.20913644935280268
-0.31,0.46,1.22,-0.23382946741380736,0.12986268080198843,0.22924467058016718,0.42175973974024084,-0.22331914473140285,1.2252682783114646,2.0137626086463465,0.7161056928615873,0.7605804637357289,-1.4131582943602319,0.6691426826492627,0.27026973164117574,-0.3153195759337666,-0.5611710336802113,-0.3741834670717389,0.04216615413057933,0.8820800391810726,-0.07617053258619264,0.3301373191980116,0.9907553294198328,-0.8784862151726471,0.33236976383297306,0.2842766347627395,-0.19229951838011244
-0.31,0.46,1.22,-0.23081130239457293,0.12507700932257781,0.2373422625880076,0.44498851638222325,-0.2248686906844411,1.1983119858403544,2.0110649842811648,0.6712937530996278,0.758055734161543,-1.3910912039799344,0.268536187082328,-0.25061552123645187,-0.5921051730421739,0.19257151265340539,-1.1208572812733701,-0.13467374623902598,0.036809186436584644,-0.07918869760542707,0.3349229906774222,0.9826577374119924,-0.8776928099448496,0.3443619738587816,0.27882255582497806,-0.182559975609182
-0.31,0.46,1.22,-0.2271323125659656,0.12133986179602146,0.23832447385945288,0.4562780219803351,-0.22253921094480367,1.184734887688494,1.9918595168194198,0.6509216761993687,0.7469426605986501,-1.4075393367745546,0.10745288499376379,0.28834126930478454,-0.05533148290980354,-0.825463279589423,0.09584717901687358,-0.30336694774460043,-0.5260681212129875,-0.0828676874340344,0.33866013820397856,0.9816755261405471,-0.8722636636501415,0.34870402094960196,0.29036379978473653,-0.18234711575394297
-0.31,0.46,1.22,-0.22410093419946203,0.10219195973367645,0.22477103530607878,0.46401847663569684,-0.20334294019927723,1.1992894795159819,1.9471233077263135,0.6492510456218382,0.7366685094926719,-1.41186967640229,0.16041684481473525,0.38821609584766836,0.6062463145099066,-0.8150900777268304,-0.056609899174752634,-0.11561303214465408,0.3140684038753785,-0.08589906580053797,0.35780804026632357,0.9952289646939212,-0.8722302528729289,0.34218044090263,0.3119565864557015,-0.15751196781138554
-0.31,0.46,1.22,-0.22189808922991536,0.08752022264030324,0.21126259028903305,0.4680696831847316,-0.19278981501274037,1.226554619506504,1.9311147183814008,0.6722086620969487,0.7356125610197435,-1.4140872412965815,0.016009712286281723,0.09195630534401003,0.5523409435822231,0.013574285869858121,0.7586100941910618,0.06320466522348953,-0.19474638390639656,-0.08810191077008464,0.3724797773596968,1.008737409710967,-0.8781195527568619,0.3271603252874515,0.31789587287562493,-0.144271919071392
-0.31,0.46,1.22,-0.22181706495845338,0.08503580779842768,0.2076910555403586,0.460167196826472,-0.1871084691517665,1.230113319706379,1.919463393125635,0.6846584619685089,0.7341640057620563,-1.4050775640094426,-0.27881868610634586,0.17108597802365122,-0.2800104844054437,-0.46506602499415206,-0.004598172469537731,-0.11197209398949674,0.40541669068773456,-0.08818293504154662,0.37496419220157234,1.0123089444596414,-0.8782652846339558,0.3244907279916217,0.32425411579348296,-0.13496342336088882
-0.31,0.46,1.22,-0.22615751530597872,0.08704871414316417,0.20762660295542035,0.4521043000952665,-0.18638046765933883,1.2297475396873274,1.915523650013321,0.6801440917615649,0.733284843041734,-1.3899678384572138,-0.05051096247418937,-0.08554466497402179,0.18640854428468784,0.19661802937166833,-0.11297081789793237,0.066782048974782,0.2037225277824217,-0.08384248469402128,0.37295128585683585,1.0123733970445796,-0.8768855985832238,0.3324435234017813,0.32440123958167477,-0.12376100558505387
-0.31,0.46,1.22,-0.2213161485704384,0.07463035966553438,0.19812836124182764,0.4585366434575543,-0.17671942673585375,1.2514488422910597,1.9036197579836904,0.7107148321735749,0.7412433855311162,-1.3815682046385889,0.22516780482603146,0.38276384310560735,0.537367893140764,-0.40809843761047254,1.2618057911083556,0.24369239079649563,0.19575464767811068,-0.08868385142956159,0.38536964033446564,1.0218716387581723,-0.8843533086175561,0.31513992894442294,0.32488455609950584,-0.11426318711690484
-0.31,0.46,1.22,-0.20709680895085386,0.05678490304051881,0.18586378228911626,0.46782091477388005,-0.15965086006742962,1.2723479682074441,1.884234238749982,0.7637676336512546,0.7521788665412774,-1.3794526525200625,0.1579313447522545,0.3080641625772517,0.31827213308942054,-0.38033970413622314,0.8604142121634883,0.20462571488707196,-0.05906931688793881,-0.10290319104914614,0.4032150969594812,1.0341362177108837,-0.8926286456934964,0.2820830995179455,0.3349460135058841,-0.10702520212669345
-0.31,0.46,1.22,-0.20279982766878837,0.05728942676216736,0.187388083237777,0.4668566829076051,-0.15757393800176922,1.263539648387534,1.8804484800981836,0.7709136268926735,0.7574940789903842,-1.3900509725919763,-0.11922083158918861,-0.08989127445460827,-0.5668570309422376,-0.0645552794362946,-0.5216866498641077,0.017265216112470255,-0.31736269670196615,-0.10720017233121162,0.40271057323783266,1.032611916762223,-0.8917162845327906,0.275671060948277,0.3405756878884946,-0.11338313311055342
-0.31,0.46,1.22,-0.2043068560378459,0.07452153556198488,0.2037377548660142,0.46270456103491153,-0.17003103576907774,1.22507517601155,1.8928285501151194,0.7389539234535144,0.7552150458106873,-1.4232729150654606,-0.011038165887481405,-0.298733842060335,-0.80288057671729,0.3642561792132333,-0.7236149978065568,-0.09767214323856648,-0.8430683581081283,-0.1056931439621541,0.38547846443801514,1.0162622451339858,-0.8808809764116756,0.29161618765742603,0.3454517059857354,-0.14025627730589055
-0.31,0.46,1.22,-0.20217150994741948,0.07964380954462058,0.21167180298594612,0.4708707885610635,-0.17250065728360642,1.201782925789175,1.8900353896969593,0.7117085222837313,0.7551301716240685,-1.4438818502168367,0.2644244419811793,0.08753001951687714,-0.17103137823802414,-0.23509728918693631,-0.4580467270215601,0.08344291802303062,-0.07966863450529733,-0.10782849005258052,0.38035619045537944,1.0083281970140539,-0.8742341124122603,0.2987910090528792,0.3504429466858178,-0.15371529111337903
-0.31,0.46,1.22,-0.19873401857725903,0.0746564725503368,0.2051849044453633,0.4722869042914299,-0.16411556533623015,1.2115900006805456,1.8793472660934742,0.7268025716835624,0.7638413568050829,-1.4693822885573644,-0.18700026775910508,0.1758658079556124,0.5313920046292894,-0.13782594565784548,0.9588952689437221,0.25761141440165286,-0.9062708145593968,-0.11126598142274098,0.3853435274496632,1.0148150955546367,-0.8758488758118743,0.2847512703799856,0.35589793292023336,-0.15856267561808396
-0.31,0.46,1.22,-0.19860850276272554,0.08133557656651924,0.20487321002022307,0.4669804631880546,-0.1707379348607646,1.2227629105080637,1.9033724684780327,0.7492327998244753,0.7811231455710603,-1.4989214908953368,0.011776787393147602,-0.36085346528646894,0.11069271358940376,0.973357380227479,0.22822899440374486,0.42722280653447425,-0.3528901061534342,-0.11139149723727446,0.3786644234334808,1.015126789979777,-0.8796305522767237,0.2705138209226357,0.34512804776451933,-0.1842796647420271
-0.31,0.46,1.22,-0.20492471307657906,0.08069906196409932,0.20379760652818435,0.47866399845575575,-0.17368367931819215,1.2384752983271172,1.9224140818409758,0.7273866034715823,0.804513160478553,-1.4947386591107164,0.4363247853241925,0.2040245582109541,0.31872742724282943,-0.14622441022034652,-0.9215194608040408,0.514906628816078,0.48325522863789444,-0.10507528692342094,0.3793009380359007,1.0162023934718156,-0.8887155898207066,0.27196948385777553,0.31681770152770145,-0.18932444178835722
-0.31,0.46,1.22,-0.20479778896783207,0.07108965761823227,0.19896717978862033,0.4895576248904448,-0.15916743339570616,1.2405426130302184,1.9062576376596099,0.7115174485301908,0.8254090808906948,-1.4895609702434414,0.021688085297345425,0.3345378313023889,-0.1161482295729384,-0.4570987462153831,0.038547694138490345,0.3282741626216153,-0.09533483184517785,-0.10520221103216792,0.38891034238176775,1.0210328202113796,-0.8942607381271738,0.26941440044866527,0.31094807442006955,-0.1761388886350184
-0.31,0.46,1.22,-0.2080170814938995,0.07402268814845381,0.2056131494422735,0.4945291130868982,-0.1573866346841508,1.2233836043387933,1.909766664733526,0.6784614858400287,0.8456146988934362,-1.4750058314255858,0.22442489574479998,-0.16236319165601357,-0.4479683471245847,0.37066007633172954,-1.1942859727107,0.4223744256721305,0.49658367517920055,-0.1019829185061005,0.3859773118515462,1.0143868505577265,-0.8951825818002294,0.28058961060774257,0.30017034782362834,-0.1726713003017961
-0.31,0.46,1.22,-0.21061060679076543,0.07246142334272865,0.20655088788944087,0.5012369192026556,-0.1515945033914188,1.2180204561173855,1.9010783538994682,0.6538864778041867,0.8619500558593841,-1.4720473188196705,0.0015768778939435294,0.30070071671204524,0.1770657550887168,-0.5414018483746047,-0.006397641949627272,0.23804137836428202,-0.340343598669822,-0.09938939320923458,0.38753857665727137,1.013449112110559,-0.8967296557380071,0.28698720292951585,0.292608242113559,-0.16701702464689303
-0.31,0.46,1.22,-0.20044966872695352,0.05532795102052329,0.1961849174586492,0.5091476848803244,-0.12693153480758376,1.2237507553628328,1.86040565393395,0.679919975511863,0.8784140708587973,-1.4672391780841598,0.22275735175294284,0.5461186260356337,0.01384130322572277,-0.8831195582418672,0.7700597254101407,0.4125409196143489,0.49162829948122133,-0.10955033127304648,0.40467204897947673,1.0238150825413508,-0.9010393384546609,0.266742223057448,0.3083366655944678,-0.1480040460448401
-0.31,0.46,1.22,-0.18288659199529933,0.03168566264831313,0.18757474485484216,0.5274504503439895,-0.10354429909645563,1.230776715146174,1.8287791715990844,0.7256242479659514,0.9034999935872435,-1.4211144740993762,0.42592079474354555,0.3541220783711777,0.198579147190107,-0.3581951607542266,0.985582720133255,0.5835949657304502,1.3193945501296076,-0.12711340800470067,0.4283143373516869,1.0324252551451578,-0.9112831622486547,0.23784139085981137,0.3147931516804963,-0.11789716981769519
-0.31,0.46,1.22,-0.16810303749796304,0.024216540506980577,0.19481318501921963,0.5401046403800924,-0.1001339802835875,1.217818599383304,1.8367759514561828,0.7601418779989108,0.9277069302061602,-1.377268771907207,0.14928055319852218,-0.11212191858172739,-0.5550411432268099,0.43385155342296855,0.5430957004999242,0.39312516777561574,0.46920573227092455,-0.14189696250203696,0.43578345949301944,1.0251868149807803,-0.9191090147666285,0.22001825149399012,0.30747863611793086,-0.11084888955376063
-0.31,0.46,1.22,-0.15600357997114442,0.029915970480439036,0.21258780560443946,0.5473935612109108,-0.10295334287960027,1.178460686524006,1.8455506108308812,0.7657799690790014,0.9425063345194067,-1.361734813357366,0.1544590523922363,0.010093150155001559,-0.9093268453376068,-0.06751431745677006,-0.1902900638896263,0.20662194412859716,0.13982247011433196,-0.15399642002885558,0.430084029519561,1.0074121943955605,-0.9176875075351416,0.21705337540746328,0.30899455751170596,-0.12353070131069202
-0.31,0.46,1.22,-0.13839744295807385,0.024839754001473424,0.21660582050032362,0.5547270861134546,-0.08896126419703186,1.1503192212475248,1.8174363697702705,0.7918056241073493,0.9574221198305386,-1.3616799787044904,0.0524237691228418,0.4481882932148223,-0.23759888655295192,-0.8319852865992199,1.077321992825597,0.38218440131882564,-0.07321479493992943,-0.17160255704192615,0.4351602459985266,1.0033941794996764,-0.9142552892928222,0.20155754674792042,0.329214605380469,-0.12300229653644751
-0.31,0.46,1.22,-0.12168782540089373,0.008321585285990751,0.20703484774182668,0.5686740332909832,-0.06850512553389611,1.1527121376565646,1.7881195180920932,0.830173426511629,0.9809799123087469,-1.3437154147212271,0.4748035456819,0.3355592004715358,0.22251980941830676,-0.31508995639446413,0.5639488048105991,0.5531059216421276,0.7576788457186329,-0.18831217459910626,0.45167841471400927,1.0129651522581733,-0.9185029549412738,0.17401323084809261,0.339462527181533,-0.10410047979468645
-0.31,0.46,1.22,-0.10820107153600586,-0.006389125493795111,0.20054487748268657,0.5840215629681649,-0.05627111832938208,1.162175947815558,1.7798042326373702,0.8673919868922773,1.01306378110123,-1.3030483543024547,0.1545532792829899,0.1716097010771543,0.15330218799955264,-0.05378238502622147,0.8877293890968895,0.7233022018133466,0.867660537372195,-0.20179892846399414,0.46638912549379513,1.0194551225173134,-0.9280027835927144,0.14910010934765833,0.33140137078875287,-0.08217738421260395
-0.31,0.46,1.22,-0.10497916618657271,-0.0040076272849791095,0.20560040455386508,0.583641802612431,-0.06300863995077684,1.1692970903276907,1.8077289673050625,0.8996255067795991,1.05356150985275,-1.2815795068670692,-0.08639027124432463,-0.35312311225656823,0.22098851050958443,1.0047521777345538,0.5803321399468,0.8902460793684246,0.05264763146345579,-0.20502083381342728,0.46400762728497913,1.014399595446135,-0.9391485860327555,0.13027400097129502,0.30617296088519796,-0.08536238074467217
-0.31,0.46,1.22,-0.09969944600662892,0.0028295793980427364,0.21651414471538222,0.5902078922560389,-0.07148592313259038,1.167654960308353,1.8458647278888964,0.924960466149071,1.093182405806572,-1.274062916061949,0.32331376716159854,-0.05917674552524856,-0.19420288996721552,0.5892405024425702,0.33706023668959234,0.7019643888642527,0.12190752683779349,-0.21030055399337108,0.4571704206019573,1.0034858552846178,-0.9483908782053757,0.10920119282774553,0.27874851621011754,-0.10454236620859414
-0.31,0.46,1.22,-0.10457842579657545,0.014235397576184972,0.22978208561611302,0.5960374486158141,-0.08778607245945994,1.162942662170432,1.8843316049970145,0.9070256349168234,1.123282746167031,-1.2895244444944816,-0.0711547678283661,-0.4431318215387478,-0.021253512954240036,0.7117471430779916,-0.9355296354581848,0.5104531418977617,-0.7064502181971921,-0.20542157420342455,0.44576460242381505,0.990217914383887,-0.9535925968899029,0.10572481152158317,0.24837346559245993,-0.13339432137496707
-0.31,0.46,1.22,-0.11147787075631668,0.01838022889603641,0.23301651162984682,0.6025816638765941,-0.09614237069789401,1.1705536705438555,1.9007518739743958,0.8954001526724165,1.1533388895850674,-1.3028101023415268,0.295225395692417,0.028061734207095207,0.2318528655591011,0.1961313412038914,0.3299423843183717,0.6842372226496144,0.13747788955251578,-0.19852212924368332,0.4416197711039636,0.9869834883701532,-0.958283546429396,0.10151514878665614,0.22199067221743352,-0.14868577826401155
-0.31,0.46,1.22,-0.09179477579097506,0.005660295883838262,0.2312636895807083,0.6242215285194549,-0.08278142665123359,1.1659117558006658,1.8896105961265028,0.9313221560886517,1.182726173525211,-1.2757387337827228,0.47110990257576524,0.3828949503921083,-0.31483243173126646,-0.4206692508134878,0.8023839383862487,0.4980080677237363,0.8162753463760777,-0.21820522420902494,0.45433970411616176,0.9887363104192917,-0.9632008002004596,0.07158223751053337,0.22153163777756382,-0.1343277157915296
-0.31,0.46,1.22,-0.07499243735047334,-0.003536008581520589,0.2282323556910293,0.6369116140232701,-0.07517157328593022,1.1661315620530381,1.8797681410655303,0.9695753718483017,1.2026854156612505,-1.2569517617767507,0.0509999838005514,0.017819395265635425,0.2264251397312885,-0.07838324787226547,0.7708157063848328,0.3084565538259984,-0.027926216056233306,-0.23500756264952666,0.4635360085815206,0.9917676443089707,-0.9657069748827924,0.04561295743844107,0.22483200489192307,-0.12157329621558804
-0.31,0.46,1.22,-0.06465308910039078,-0.0029610695514549756,0.23404862554513417,0.6506038175149503,-0.0785220038299504,1.1523436526870794,1.8857994260721669,0.978477877986896,1.213245479388995,-1.2533306610990467,0.4503692858566051,-0.07865495029377777,-0.6748799252189768,0.1775401463816852,-0.2307850658148602,0.12188274552400843,0.0739837210136493,-0.24534691089960922,0.462961069551455,0.9859513744548658,-0.9656249366530756,0.03320057732146339,0.2233092880517415,-0.12883774776473617
-0.31,0.46,1.22,-0.05967357214043162,0.0008818730405221742,0.2509237009406622,0.6742412810468682,-0.08840964818553067,1.1184496271825102,1.8968964653917344,0.9316890980338631,1.2158861965895214,-1.2342824315957883,0.5220555705293345,-0.21518520457457793,-0.6857040508101453,0.20232454330622301,-1.4818530935774952,-0.030987407238585635,0.46492330798479836,-0.2503264278595684,0.45911812695947785,0.9690762990593378,-0.9653209168469988,0.04516992370592775,0.21709242616762936,-0.1377899996034645
-0.31,0.46,1.22,-0.053243953246864095,0.007205095228156544,0.2701257017855796,0.7070023309098881,-0.09701294770725831,1.0775027390425338,1.9141474758268635,0.8707868461861532,1.2099465533678861,-1.2328107188509625,0.7489806780563855,-0.11884659331831235,-0.8167149479624786,0.3961697372572334,-1.1402355464201792,-0.1917029774659645,-0.35209954439985486,-0.2567560467531359,0.4527949047718435,0.9498742982144204,-0.9630113201077242,0.060017303168507924,0.20980590791502024,-0.158077834210593
-0.31,0.46,1.22,-0.04566505270643367,0.009568048612844493,0.2808879986288676,0.7441067247289458,-0.09826861958079647,1.0548828810537723,1.9309380913193301,0.8164010792932991,1.2052120119369631,-1.2595949927095786,0.7351561193437,0.037278751622932246,-0.11482324908885272,0.31639029568593297,-1.0375039419720675,-0.006680804634346193,-0.6960223950031106,-0.2643349472935663,0.4504319513871555,0.9391120013711324,-0.9601525739349637,0.0640137512476515,0.19928783914882786,-0.18518539787104984
-0.31,0.46,1.22,-0.04005457224112757,0.010082924537037186,0.2843250915520703,0.7702199563188169,-0.09108929362000596,1.0331709310401855,1.9224791088885531,0.7631823851931829,1.2004194701700235,-1.3158146661974761,0.36065181191515233,0.22765438714409023,-0.6278442074473598,-0.593189818129325,-1.1489390408338687,-0.17816679448345527,-1.518942186247147,-0.2699454277588724,0.44991707546296283,0.9356749084479297,-0.9538635446059558,0.07064365372147571,0.1998885197234749,-0.21259913486042203
-0.31,0.46,1.22,-0.023677304161635937,-0.0008333083124415497,0.27666386458310377,0.7936291136319846,-0.06619062665300436,1.019796160044832,1.8719854345663474,0.7421751384086208,1.196432957194782,-1.3750734448919655,0.45996026152112074,0.6787542824766188,0.06832716835212618,-1.1650318162276874,0.25907513225168943,0.00842226996499328,-0.9959152073096582,-0.28632269583836406,0.46083330831244157,0.9433361354168962,-0.9456309273907662,0.0672805775164641,0.2269611668558702,-0.2230338579466189
-0.31,0.46,1.22,-0.009556974294785858,-0.008939018728820025,0.2677180143854321,0.8081498235367676,-0.04463316262833069,1.0029072163293207,1.8145959387421704,0.722959641559898,1.1923048341205176,-1.4450145899831721,0.20258837291331752,0.29512654179723435,-0.5793264295094566,-1.25247254693801,-0.8327573609997715,-0.16592755638517043,-1.6768076765940998,-0.30044302570521414,0.46893901872882005,0.9522819856145679,-0.9344460629814473,0.06333070993561672,0.2592506509807029,-0.23577293424735102
-0.31,0.46,1.22,-0.0008248556573363652,-0.0038916139604328603,0.263654454674909,0.8125892356300255,-0.038637402333704295,0.9799882871599007,1.7732265105195353,0.7169451749828643,1.1875836165403113,-1.5500788090095001,-0.0028725549084629813,-0.014355450032119774,-0.30150118580339885,-0.5450349052311639,0.40506044996879614,-0.013513578011490137,-2.4922552899897785,-0.30917514434266363,0.4638916139604329,0.956345545325091,-0.9155242085174776,0.05533097340282925,0.2874887233507871,-0.2758697898409252
-0.31,0.46,1.22,0.0027696384497964965,-0.00774400480042331,0.2568688089190436,0.8179050021048749,-0.03714432892314991,0.9826195912373327,1.742554765189756,0.7206862100402895,1.1914253722249049,-1.5806219069557859,0.14186125120930662,-0.004109949576562393,0.34897192830401347,-0.4697033433167798,0.06395823068475376,0.15996984810973203,0.46430810987044646,-0.3127696384497965,0.46774400480042333,0.9631311910809564,-0.910614951270261,0.04738866111305716,0.29804349164793104,-0.2823203896414169
-0.31,0.46,1.22,0.011091263764017645,-0.015242660089553384,0.25299467139928344,0.8249268989089303,-0.03579221549347696,0.9821236573389174,1.7180694274213129,0.740868684611185,1.19525009423041,-1.559702308429327,0.1075487320434411,0.015116528557772145,-0.2182836624089533,-0.5006274796160235,0.5521046233218655,0.03541008767432962,0.4309102902261639,-0.32109126376401764,0.4752426600895534,0.9670053286007165,-0.9132390993592985,0.03930916074091178,0.30641511921323233,-0.26562927549651444
-0.31,0.46,1.22,0.032708954600175366,-0.02317274466993363,0.25019502764333423,0.8351613153852643,-0.02795056576443039,0.9693454391135482,1.6913629159303114,0.7924929947448665,1.2015950742272523,-1.5170957961831073,0.2142899907786671,0.17531318305039656,-0.29567384472944447,-0.47024606730496665,1.253678472316715,0.21055994460272373,1.1888945291003186,-0.34270895460017536,0.48317274466993365,0.9698049723566657,-0.9141051705743574,0.017760437759316097,0.3245669936680986,-0.24238929555794114
-0.31,0.46,1.22,0.05893545909991843,-0.02721764199397131,0.2540797727023798,0.8521350371439903,-0.02136554977152624,0.9386533595950985,1.6716813025281418,0.8302555531092786,1.20729504958652,-1.4565146257294217,0.4316494444281358,0.11941265742993475,-0.7675410475528193,-0.36478131225838234,0.40084242310170987,0.028662682771323954,1.1258153583157158,-0.36893545909991843,0.48721764199397133,0.9659202272976202,-0.9132879646156171,0.0030976927781967414,0.34347399394322614,-0.21890891592715922
-0.31,0.46,1.22,0.07652603559600363,-0.02818034579404194,0.26478448603572835,0.8797884833184824,-0.02649299901824959,0.9201115700862359,1.682610450948371,0.8302951658497857,1.2131801517093725,-1.3916196339414586,0.6459451000623462,-0.21727564329810553,-0.009995743820903753,0.6580163255577535,-0.16717736481019008,0.2001835143825334,1.2777273896867871,-0.3865260355960036,0.48818034579404196,0.9552155139642716,-0.9178868490352681,0.0014071220030749396,0.33969233324436987,-0.2051605983388901
-0.31,0.46,1.22,0.09088194632328683,-0.03916869472379092,0.2654120555548387,0.9058500864664523,-0.024171525878953767,0.9285260391270274,1.6891631912563863,0.8402454011117372,1.218427519334895,-1.3112509664966145,0.3756099255731006,0.20656419629004324,0.1952662395401161,-0.20618595800880396,0.3750913867327183,0.017622301519020372,1.7271401661572245,-0.40088194632328683,0.49916869472379094,0.9545879444451613,-0.927461113523872,-0.004734658243029404,0.3317960652897421,-0.17235091229995378
-0.31,0.46,1.22,0.10474068571729084,-0.04249742899792458,0.2665151416787078,0.9140772230819484,-0.02478704839504361,0.9256477186309923,1.7016673751081928,0.8730247093093131,1.2147901009251227,-1.247083762011606,-0.002469922964310669,-0.128366371280085,-0.1418456514860364,0.5182252285684956,0.8379237312354082,-0.1558301836700012,0.874305891925342,-0.41474068571729084,0.5024974289979246,0.9534848583212922,-0.9300492336442008,-0.013088264555132123,0.33591741730981733,-0.14831253850120635
-0.31,0.46,1.22,0.10951485381857945,-0.029487752072843154,0.27639488890323816,0.9030164350325787,-0.03785718663833764,0.905242681833939,1.7268529432469706,0.9033410965606818,1.202512069296525,-1.2254144718349558,-0.41712013080786553,-0.28440159590806185,-0.5358851532741918,0.39423302734967147,0.4939286317264199,-0.32787966694161935,0.028476014918132175,-0.41951485381857945,0.4894877520728432,0.9436051110967618,-0.9268381290209142,-0.015324196924652589,0.3410072237239789,-0.1563659967821972
-0.31,0.46,1.22,0.11252771213933843,-0.013483944194812525,0.2793845997490897,0.8780440387781345,-0.04621547971416536,0.8912686161544743,1.7480812959761258,0.9565598734504158,1.1838364870805809,-1.2455669032682335,-0.5528130158850818,-0.1106188518615769,-0.06742257960129269,0.4628076606887076,1.3328880173009827,-0.3599513995118184,-0.8003831270694096,-0.42252771213933843,0.47348394419481254,0.9406154002509103,-0.9170132266768358,-0.025781901502350595,0.35601187583519106,-0.1779819651508822
-0.31,0.46,1.22,0.11161155439955645,0.0024680401407239927,0.2806383841036657,0.8556936688096625,-0.052661174446825575,0.8853744641212051,1.7761511708861035,0.993359303934098,1.1613796232356404,-1.2903941358070732,-0.3309932806337236,-0.07786436251892424,-0.11700135078920106,0.5816013902913697,0.3332576113994374,-0.5309524078338218,-0.9401260281193085,-0.42161155439955644,0.457531959859276,0.9393616158963343,-0.9059743786510963,-0.0375772041265068,0.365337354935006,-0.2105397730759871
-0.31,0.46,1.22,0.10789411101608248,0.0017850503923588223,0.2774490522748343,0.8506202769743991,-0.041917366031982185,0.8892464460705836,1.7761875552494935,0.9771113958837832,1.1397824639415906,-1.3153000452270065,0.10710066356023834,0.48621381284176146,0.10523505436887676,-0.4922589518865361,-0.7827590367503352,-0.34047738884661416,-0.09184120818612912,-0.4178941110160825,0.4582149496076412,0.9425509477251657,-0.9009703851943798,-0.031151378501665793,0.3731004666647552,-0.2192669569148044
-0.31,0.46,1.22,0.11285606957639838,-0.0036683723826958503,0.272514945077174,0.855258514591731,-0.01826917569589187,0.8755392147984387,1.7552107994562418,0.9487343267057711,1.1183509575779373,-1.3414171940395743,0.08052609081894835,0.4676391151193369,-0.481934671298453,-0.43052475096659343,-0.5382151967781624,-0.5100339167991993,-0.9189504770404043,-0.4228560695763984,0.46366837238269587,0.947485054922826,-0.8920253829866547,-0.02169382933177863,0.3937944261275889,-0.22078506250939833
-0.31,0.46,1.22,0.11158321854398034,-0.009984780061520981,0.2690050111494424,0.8593135013567108,0.0031452265933525595,0.8678171899641106,1.733083432590804,0.900141824582687,1.0977414121270181,-1.3652153200994093,0.09441119430852178,0.4040014516164578,0.05706641648266586,-0.3755939408185649,-1.0992202808168816,-0.32173848162538166,-0.06890910227462174,-0.42158321854398034,0.469984780061521,0.9509949888505576,-0.8847011885277822,-0.003881552479838346,0.4101882594573983,-0.2214369715544045
-0.31,0.46,1.22,0.0973390504974691,-0.022858889923340953,0.2671684773828281,0.8630582206769264,0.01794450048929225,0.8817561313885748,1.7187871574927647,0.8274299454248693,1.0865137416147506,-1.3472628417548824,0.07547089995083286,0.23973670567213623,0.37014111957092144,-0.17263789150696873,-1.4900340973298574,-0.13459092572322326,0.7165587975490173,-0.4073390504974691,0.482858889923341,0.9528315226171719,-0.8904233746881354,0.030590656528191172,0.4079026661514118,-0.19956412625704206
-0.31,0.46,1.22,0.09390943287934839,-0.038725593284454185,0.2640652432483396,0.8774017995631519,0.040480294344721016,0.8988193748040687,1.7208686380255704,0.7820365854770038,1.0846410898564338,-1.2899473890405708,0.4865523670359707,0.5310123919098989,0.3059219770363339,0.3092136582674425,-0.5453252075424132,0.04871233039621327,1.542171126330545,-0.4039094328793484,0.4987255932844542,0.9559347567516604,-0.8999986265865347,0.05193427598827775,0.4004488755907126,-0.16415237177104244
-0.31,0.46,1.22,0.09144743516922371,-0.041466744610180795,0.2752929012438674,0.8919493889250151,0.05239678438175792,0.8913812047239864,1.7515254955437287,0.719629362717595,1.0824528295272433,-1.2349965265398888,0.16370546379229758,0.03301184544404317,-0.45630459094029363,0.6253702695775707,-1.8126788749059053,-0.12757421448882406,0.6906074543534071,-0.4014474351692237,0.5014667446101808,0.9447070987561326,-0.9089781566387997,0.07744306396015795,0.3820619322421108,-0.14761423552427924
-0.31,0.46,1.22,0.07581985260226753,-0.034494377697607714,0.28905627795496547,0.8898652905356554,0.052621370403344886,0.8801672912965434,1.7774621528126886,0.6487391894462875,1.0716207445238666,-1.2224608869051936,-0.18830446484873378,-0.008881206048049607,-0.05996175854629028,0.4408415978897127,-1.1240373509294384,-0.2987076644767316,-0.1513104022580179,-0.38581985260226753,0.49449437769760773,0.9309437220450345,-0.912488523321407,0.11192418268864293,0.3637125028810029,-0.15016952881405032
-0.31,0.46,1.22,0.06677830155928283,-0.03893860410786942,0.28843130758784163,0.8891811096749715,0.06560445330438508,0.8822997314706458,1.7709936645623483,0.6031338830349191,1.0523283658129838,-1.2084017942988812,0.09615214578908562,0.4436429293886224,0.024127164521780715,-0.5401719477027453,-0.8462028076377223,-0.4665620855367899,0.6797148037757365,-0.3767783015592828,0.49893860410786944,0.9315686924121583,-0.9100705274233948,0.1378863710371382,0.36605732277748854,-0.13697087368667213
-0.31,0.46,1.22,0.05655406313398181,-0.044212922399176124,0.28542367415488,0.8832142526155643,0.07450175794394262,0.8883907726029359,1.7622441471209798,0.5670295858786085,1.0308195186850027,-1.1963921077364335,-0.30271042080319355,0.021287092406437634,0.21751811630003806,0.05653793462836855,-0.5219244137877582,-0.42158830134958997,-0.16159100812703664,-0.3665540631339818,0.5042129223991761,0.93457632584512,-0.9059143073203038,0.16330407031157687,0.3717206369569758,-0.12031133143784031
-0.31,0.46,1.22,0.054461203486268095,-0.04615657945963575,0.27857317521934677,0.8763237295647792,0.08487597061241323,0.9012318996564368,1.7713314982952761,0.5743342667382277,1.0147037908134338,-1.225457068094588,-0.04072213291671355,0.2641783564802039,0.31307518979696697,0.300212715693908,0.6244288231954049,-0.23130221445879298,-0.9014425831003736,-0.3644612034862681,0.5061565794596358,0.9414268247806532,-0.9023182706608741,0.15896681409192145,0.3802184090213647,-0.12643279594431225
-0.31,0.46,1.22,0.06309751991900109,-0.04727697475809184,0.2760433809058216,0.8856591436968863,0.09653996171578869,0.895994756927807,1.7697472624359276,0.567898197957926,0.998682934888209,-1.2483802154584156,0.3832032975992403,0.23363210261799958,-0.3770778395904046,-0.3159298721187555,-0.762192665608168,-0.4024328653255665,-0.052033215862255004,-0.3730975199190011,0.5072769747580919,0.9439566190941784,-0.8962441197206098,0.15357982792249203,0.3927187309381383,-0.13759256045246532
-0.31,0.46,1.22,0.06526678263410601,-0.05587681018168805,0.2759447692404984,0.9126225478951985,0.108161656888945,0.8950200941197081,1.7490071482749623,0.5063487850815531,0.983459263205517,-1.2293719590829377,0.6668155239058398,0.21817710553879946,0.26438511570433304,-0.4137460589607789,-1.4408973598664476,-0.21414173704976333,0.7783438086947563,-0.375266782634106,0.5158768101816881,0.9440552307595016,-0.8928890856930232,0.17635287351556897,0.39536212580815605,-0.12384479855663913
-0.31,0.46,1.22,0.07611569404852037,-0.07546764867727335,0.26616787401430253,0.9550406525874983,0.13022876209420198,0.9185882266947267,1.7395754306317963,0.46966546242967233,0.9776868729898829,-1.2008504800071325,0.9453138399443235,0.5230649726741103,0.5899435461483848,0.0735798069241614,-0.07328765782430813,-0.02535747314123972,0.43990955475816407,-0.38611569404852036,0.5354676486772734,0.9538321259856974,-0.8967083927957626,0.1785893029835618,0.39257293128123594,-0.09953096389940158
-0.31,0.46,1.22,0.08259735739322188,-0.09703761718500875,0.25280988990310194,0.9926844164284887,0.1448978056454159,0.9594294680789304,1.746875673162555,0.44289203051305104,0.9793328637982869,-1.1591159508237296,0.5997848530249972,0.15922923865418037,0.8775939754426902,0.21375303698217174,-0.6897742168782345,0.0297708295449864,1.0769187995395728,-0.3925973573932219,0.5570376171850088,0.967190110096898,-0.9068669085460446,0.17377084245985308,0.3779201384968029,-0.06762006664807624
-0.31,0.46,1.22,0.07104754430006072,-0.10307819594282003,0.25396644806953406,1.0124239011456873,0.13939780893730472,0.9777300364151978,1.7779699551560224,0.38526825704574313,0.9762406834652719,-1.1273550858911545,0.23654805452203112,-0.2531762088381417,-0.10873188004201662,0.771354476182568,-1.2914086757063408,-0.14544807125902476,0.22841864589887914,-0.3810475443000607,0.56307819594282,0.9660335519304659,-0.9177209015520471,0.18979981803036344,0.34550846073769964,-0.04887002648663591
-0.31,0.46,1.22,0.07104899982149987,-0.10742679039782294,0.2523526539270714,1.0325824125375307,0.14122349353732974,0.9900953535371427,1.7907028619851961,0.3563509242653396,0.9646235354069701,-1.1257960719262692,0.4747133515359752,0.30322338024844336,0.5773537264110697,-0.033428320427349244,0.08487576032308672,-0.31000650832292603,-0.11322157197589366,-0.38104899982149987,0.567426790397823,0.9676473460729286,-0.9209362450847941,0.1939499380324707,0.33495352868602835,-0.04545313682353541
-0.31,0.46,1.22,0.07993090579363493,-0.12547290589121424,0.23352305329115808,1.0531156158566546,0.15288919926352504,1.0346233893443366,1.8029700413546808,0.3729296365762881,0.9540015716727528,-1.1139237987536492,0.3346714037871966,0.1422675318999297,1.0658955409802222,0.48598145311401775,0.5085244583582842,-0.12268420096597997,0.42105734089949887,-0.38993090579363493,0.5854729058912143,0.9864769467088419,-0.9249325464284341,0.1757697546674948,0.3360851749431248,-0.02552514613063999
-0.31,0.46,1.22,0.08208147903696894,-0.13197173328461048,0.22452387728879675,1.0586337936394457,0.14766531879147934,1.0666974012087478,1.8453280492798125,0.4033102626791232,0.9441918056506199,-1.1146690952587586,-0.08963272657704399,-0.2399327082476802,0.40388391643680477,1.0199483584081932,0.7617497487002857,-0.2780326084492328,-0.41377733325304056,-0.39208147903696894,0.5919717332846105,0.9954761227112032,-0.93364567274338,0.15374462495124955,0.32273970348062897,-0.022526248320494543
-0.31,0.46,1.22,0.07051562170320719,-0.13331285381859753,0.21821142065619448,1.0470565532048994,0.13639751103128536,1.0999312840454252,1.8914229118411283,0.4256937291686303,0.9339287882956429,-1.1182043616000767,-0.3172431166328094,-0.18777575351728784,0.7846876772050846,0.8523717038033803,0.34243479314195374,-0.1738213012116463,0.10189245406819959,-0.3805156217032072,0.5933128538185976,1.0017885793438055,-0.9419250864604752,0.14256056182029936,0.3032716021788355,-0.021907830147892656
-0.31,0.46,1.22,0.0672716747427769,-0.1382823700892854,0.21075027804305302,1.0397013807105215,0.13806855849144753,1.1220731718018462,1.912916494131031,0.45219667537748176,0.9208440465750125,-1.0952351197057577,-0.04273329966661905,0.14552602224663772,0.17463630320114493,0.1679142485670606,0.5336747528083313,-0.34322103603735993,0.6725852621972871,-0.3772716747427769,0.5982823700892854,1.009249721956947,-0.944161777585339,0.1364987011458808,0.2997705006747066,-0.008018058219805668
-0.31,0.46,1.22,0.06565030457631993,-0.14319956708679243,0.2021392514114615,1.0273569376131955,0.1488296162167576,1.1336138944237524,1.905512157993515,0.4669656688187805,0.8992482050612183,-1.080411834621658,-0.3994459770615317,0.2637870944346569,0.23378982714076424,-0.35802541587245623,0.17373905610666593,-0.5136134393144697,0.07426526685103474,-0.3756503045763199,0.6031995670867925,1.0178607485885385,-0.9380596114286309,0.14182655041713996,0.3160361734772185,0.007108590367843835
-0.31,0.46,1.22,0.06492303378530434,-0.15212806580822086,0.1886030762437123,1.0182784019394113,0.16858842044651373,1.1428039236710212,1.8745451198715861,0.46990586061209355,0.869204557040512,-1.055114443321405,0.0034777364538641133,0.4235234197201898,0.08961393316553065,-0.7282000427296317,-0.06440233373745652,-0.6795433014536235,0.9036400804518302,-0.37492303378530434,0.6121280658082209,1.0313969237562877,-0.9243415962879711,0.15709361270560823,0.3461855974988128,0.03270691522134178
-0.31,0.46,1.22,0.06765040138324119,-0.1515771614323726,0.19140233033943632,1.0118415267892609,0.1734480287206469,1.1261852580923,1.870191861930789,0.47198467032992625,0.8400971663886431,-1.0319829076256448,-0.1989347664474281,-0.20760309232686963,-0.532643372511541,0.5080874523768948,0.19811818391046299,-0.4922796874985221,0.057660931522221424,-0.3776504013832412,0.6115771614323726,1.0285976696605637,-0.9144284134224321,0.17161435924354249,0.3643980742483744,0.03978984683607695
-0.31,0.46,1.22,0.07247642098920631,-0.13935808560648272,0.2050074312776824,0.9970971156410099,0.17065434827940693,1.0909770223500432,1.8736488596917134,0.4867442221660565,0.8111155114287985,-1.045952569965658,-0.3565244200634009,0.027148925927751425,-0.7854342591347018,-0.2515412279346201,0.2857745892857673,-0.6603448600349362,-0.42104423701588695,-0.3824764209892063,0.5993580856064827,1.0149925687223176,-0.9064003658242344,0.17845827731055047,0.38252491786817244,0.01630053075801252
-0.31,0.46,1.22,0.08641100840258342,-0.13861823055981354,0.20212667322706324,0.9892364674016447,0.18500799670073206,1.0693592247841444,1.8341247035725374,0.5164478052557736,0.7826654771541735,-1.0451590469739005,-0.013108411516189194,0.43328629035176,-0.10682522954375218,-1.1319399592743915,0.6282907095580041,-0.47708307858897,0.41526665894400167,-0.3964110084025834,0.5986182305598136,1.0178733267729367,-0.8869693351411776,0.18178432867994285,0.4243731854845602,0.012134900382239463
-0.31,0.46,1.22,0.09071165438794648,-0.14014832019943685,0.2014248963152072,0.9830717236336748,0.19158688640492286,1.0455717935977684,1.795517707839328,0.5127914251769263,0.754310186133767,-1.0206482976949982,-0.13571553439525244,-0.08549805943543055,-0.6414094746311041,-0.6147126136643406,-0.6106657930721732,-0.6494644156221658,0.4897424346009169,-0.4007116543879465,0.6001483201994369,1.0185751036847928,-0.8672273598281113,0.20289364462692483,0.45413304034447316,0.02267282521107916
-0.31,0.46,1.22,0.09590819300703712,-0.13573739158365677,0.20815598821049464,0.9817207435165017,0.18647063858682253,1.0183910397161575,1.7740073861993053,0.5121583001025284,0.7268017502845592,-1.0169962181185594,0.03258469943029795,-0.15973403109842899,-0.4154650339451066,-0.28381248935351927,0.3266579331426538,-0.458915894099091,-0.2244683005424956,-0.4059081930070371,0.5957373915836568,1.0118440117895053,-0.853036094269411,0.21858105008903397,0.47359716819672293,0.01604583097284351
-0.31,0.46,1.22,0.10052003660250947,-0.12597714678031574,0.2176841340846989,0.9810457313431461,0.16938069189089855,0.9945645057619283,1.7686677644263233,0.5133812321887592,0.6994026585156724,-1.048814205745,-0.007446424173673862,-0.4224127948466691,-0.41336148122239535,-0.03540046890518979,-0.15685305961788665,-0.629566367475247,-0.9453409827820116,-0.41052003660250946,0.5859771467803158,1.002315865915301,-0.8451671415403805,0.22233674786013657,0.4859677068356957,-0.009708827132865971
-0.31,0.46,1.22,0.09431152651233565,-0.1215410568753083,0.22468034626001987,0.9912844263179003,0.14762433231435834,0.9888197569587227,1.7614433908523504,0.4743423763204509,0.6719235188382909,-1.0739681902499971,0.388417809581464,-0.43199605497540694,0.06380205309344172,-0.20753826066561767,-1.1457472453199027,-0.5177735838575706,-0.09599364442344166,-0.40431152651233565,0.5815410568753083,0.9953196537399801,-0.8411144470928476,0.2380411943927962,0.4851321060140812,-0.022576899213287815
-0.31,0.46,1.22,0.09260498163052178,-0.11985571741748308,0.23460475639602185,1.0216563490606272,0.11797246549352312,0.9901219951962099,1.7802062414207378,0.43120035210042296,0.6509253955551314,-1.07221818279125,0.8008901628715974,-0.6886197716787487,0.07232036210917049,0.7954701681112083,-0.6563993069410284,-0.3295867239959228,0.12476860107576755,-0.4026049816305218,0.5798557174174831,0.9853952436039781,-0.8494296890813915,0.2502643758471323,0.46373346173832075,-0.028075290793316825
-0.31,0.46,1.22,0.08990544038888743,-0.1165522282483979,0.24553843897412497,1.0515316976927314,0.09005928945531261,0.9831528070427741,1.7887320208816844,0.37520503681617196,0.630040555798789,-1.0758935175291549,0.4467199354971363,-0.4359399782367285,-0.2835192871975475,-0.36608276477358365,-1.3581467824390157,-0.4987427063390181,-0.2405469758193565,-0.3999054403888874,0.5765522282483979,0.974461561025875,-0.8556170152720671,0.26599412658558996,0.4427370130512404,-0.03392027525469743
-0.31,0.46,1.22,0.08840156867041254,-0.12206735052948264,0.24113129547760748,1.0668515462668942,0.08171941978078756,0.9864432326209417,1.748793486433951,0.34296259567003073,0.6008096401088904,-1.0814020149316934,0.14205227817724358,-0.015442338906372187,0.3761396495168658,-0.9706237320573796,-0.08855633537170643,-0.659013067586461,0.004922985591192154,-0.39840156867041254,0.5820673505294827,0.9788687045223925,-0.8429399956930466,0.28409667732488175,0.45614536633689795,-0.025935426800923866
-0.31,0.46,1.22,0.09454155317544644,-0.13475320300818344,0.22278762186432444,1.0756190893866766,0.07517854955201761,1.0206779431590771,1.7303151855163847,0.371894693791366,0.5727964672053641,-1.0939718066492006,0.1566342653004355,-0.28170558608903373,0.8714983552058436,0.09100936029808897,1.0451220825166432,-0.46947967469054236,-0.31471933102496297,-0.40454155317544643,0.5947532030081835,0.9972123781356755,-0.8360512834587308,0.2708061787581981,0.47675160538177985,-0.019752765357984255
-0.31,0.46,1.22,0.11186885360917392,-0.1438318309427759,0.20646020017683608,1.0837383861683687,0.06606660529034317,1.0501454496501872,1.727481800965402,0.4422003522987208,0.5467639036858364,-1.0959501666003477,0.1211462060602367,-0.1375075400622354,0.3698387572783852,-0.1607802459633497,1.5717798387684931,-0.5036725879958135,0.22655074233758857,-0.4218688536091739,0.6038318309427759,1.013539799823164,-0.8342601276986461,0.24008929906631715,0.49576543566237247,-0.024161966157186847
-0.31,0.46,1.22,0.11905387295378939,-0.14156832349649956,0.2098784527797095,1.0818900433110583,0.045025245109232365,1.047653426644084,1.7431832492763124,0.4853930753293167,0.5213208880559095,-1.0648543308010328,-0.10957104475966391,-0.5952527208924381,-0.2657652017231601,0.5541746771792003,0.28314017213081066,-0.5767389525456931,0.8599490348723929,-0.4290538729537894,0.6015683234964996,1.0101215472202905,-0.8344290299094519,0.23641650228332026,0.4971124913092109,-0.026732049619163582
-0.31,0.46,1.22,0.11723437970092404,-0.14018041026180977,0.2095893837778693,1.0656398382789094,0.03000071822647013,1.0492905058833393,1.742755586855098,0.5271573788097547,0.4881850347670815,-1.0375593900426572,-0.5018619695706956,-0.08222289697218235,0.19209188673040267,-0.39397784101451444,1.1125118502957583,-0.7424447432891242,0.4339228460546923,-0.42723437970092404,0.6001804102618098,1.0104106162221307,-0.8269023472323578,0.24310805994605317,0.5065831460739814,-0.02246097604002528
-0.31,0.46,1.22,0.10553000398040235,-0.1343861711668733,0.21176602772323494,1.0376812036000758,0.010979621884079877,1.0482977659761723,1.7543077220011396,0.5554057873598833,0.45592861888023756,-1.030629315458018,-0.533531211758757,-0.5910291687800556,0.009213581037017061,0.7336202674673072,0.29185813385657444,-0.5548957537252194,-0.03664553477868401,-0.41553000398040235,0.5943861711668733,1.008233972276765,-0.8198051858492553,0.2540177621350938,0.5126637467110772,-0.02388130194748827
-0.31,0.46,1.22,0.09166417606547561,-0.12974334130841786,0.2056740440339544,0.9998154227757015,-0.003270500469141817,1.0657125137109036,1.7611289910853463,0.6042653791688792,0.42595839714867034,-1.0433485314217172,-0.9369566168783324,-0.013144343318372144,0.6612220758251584,-0.35619920194989296,1.4461218930185724,-0.5584640801326769,-0.19419593009880165,-0.4016641760654756,0.5897433413084179,1.0143259559660456,-0.8132178759894854,0.25291273692310534,0.5233607125737137,-0.028379538536572768
-0.31,0.46,1.22,0.07891013239184608,-0.1298975930199206,0.195472384992341,0.9645934049386761,-0.006905781499238061,1.0730059070100932,1.7423485778559915,0.6387260749138828,0.3936039979109853,-1.031357655738936,-0.4906665741691477,-0.035482447750946326,-0.30218243397176253,-0.47687529419598684,0.040375699823906805,-0.7283741650340481,0.638669857603322,-0.3889101323918461,0.5898975930199206,1.024527615007659,-0.7960385516563455,0.26242881062366197,0.5451244637547993,-0.017119072625593864
-0.31,0.46,1.22,0.07059425288677684,-0.12189176834092402,0.21182619861073326,0.9515095421570412,-0.017306416978267906,1.0366390017218032,1.7469993116259293,0.6272465353386876,0.36142706211223524,-0.9834029954861607,-0.05513462555226163,-0.22213631784264892,-0.9544929217736597,0.4660204462243579,-0.2924894556233023,-0.5997596758474921,1.1309006418198395,-0.38059425288677684,0.581891768340924,1.0081738013892667,-0.7817994362422264,0.30114745674310434,0.545915925042137,-0.008697906293171352
-0.31,0.46,1.22,0.08115895020440556,-0.11787084797052999,0.2215653719219698,0.9542242882094342,-0.014064652565605603,1.0062896772519818,1.7418755289711851,0.6438849366454503,0.3360308870919231,-0.9439528441506844,0.0859845934426118,0.3091551937752862,-0.2853664590006031,-0.5072513337389174,0.6966328583762269,-0.41573628246292005,0.6157842610493113,-0.39115895020440555,0.57787084797053,0.9984346280780302,-0.7674520932354929,0.3188138664095778,0.5561256136593008,-0.009965189687236864
-0.31,0.46,1.22,0.0957088459133254,-0.11738568950488143,0.2209911116625256,0.9586620285970476,-0.007692271393534341,0.9934508401630316,1.7374572612854078,0.6731317419207812,0.32010936939797763,-0.9318596685451375,0.09683583510457283,0.0244824301883542,-0.15434283875136956,0.1630046761557903,0.4664992065972232,-0.228431500754014,-0.0112763530420776,-0.4057088459133254,0.5773856895048814,0.9990088883374744,-0.7570645676692163,0.31603414622905107,0.5715446483341413,-0.017674098497517384
-0.31,0.46,1.22,0.09601889106055728,-0.12364922274242524,0.21468590422944422,0.9579697328210829,0.005107637196553258,0.9935394117775846,1.7176169666585916,0.6674928030846966,0.3042973938977977,-0.9111714042172647,-0.0778070784874412,0.3947068656645026,-0.026326134785460087,-0.8026831848212195,-0.43011550308389346,-0.3974639198328435,0.7583042629180204,-0.4060188910605573,0.5836492227424253,1.0053140957705557,-0.7442352085015919,0.32575968940831784,0.5830684437792143,-0.005076322692054768
-0.31,0.46,1.22,0.09225858862799041,-0.13488978021599224,0.20904036759750233,0.9630767068218441,0.023856150753007375,0.9887184073223877,1.6864274965817059,0.639339805914071,0.2893122061178381,-0.8553790048693115,0.2168725197431614,0.3664710379627415,-0.1247023792807751,-0.49473122099781147,-0.5618819336141785,-0.20950873869627304,1.2959186133526328,-0.4022585886279904,0.5948897802159923,1.0109596324024976,-0.72506403368123,0.3539587219721936,0.5901717148372773,0.026319521419342018
-0.31,0.46,1.22,0.10731906384228013,-0.14537962493456008,0.20256470596725284,0.9839131997944934,0.05195756498546588,0.9792173282048209,1.6604477440785945,0.6361529915413979,0.28373583012646664,-0.8088276444599296,0.5691417150905634,0.636931402129613,-0.22548522214733213,-0.5135141828561537,0.13099035195054573,-0.021990436663744405,0.7047081210445568,-0.4173190638422801,0.6053796249345601,1.0174352940327471,-0.7092452266009792,0.36396564561225203,0.6023401528425253,0.041067720066075945
-0.31,0.46,1.22,0.12202698500232306,-0.14809523557188592,0.2032998375853423,1.0022334876590684,0.06762141877425674,0.9722858981245874,1.6671152063930406,0.6304859574645318,0.28710410225870886,-0.7956345867556384,0.211183900128247,0.013052082558463012,0.047818313812801716,0.6769689793202318,-0.2159679190239613,0.1498659195400393,-0.1391368501322926,-0.43202698500232306,0.6080952355718859,1.0167001624146577,-0.7093672906374614,0.361756747532993,0.6036721091880715,0.038859840149480955
-0.31,0.46,1.22,0.12064469904427355,-0.13726566036121463,0.2238528892414997,1.0069056528906795,0.05837703643293682,0.9511953021302609,1.708650245778192,0.6010086592911631,0.2897738942698243,-0.7949237165233763,0.012043367227400171,-0.23631579653412083,-0.7442398599401989,0.7625989345311109,-0.7114507334652159,-0.03219120176244418,0.0765188660089814,-0.43064469904427355,0.5972656603612146,0.9961471107585003,-0.7244821179557759,0.37147128242605587,0.5799293962573414,0.02857695665479948
-0.31,0.46,1.22,0.11982876951490207,-0.1214607935771505,0.24879878049569226,1.01016132289828,0.052122162985451574,0.9078348489603326,1.7301017157757146,0.5626401187853954,0.28370842633277465,-0.7992480698178772,0.1104095992460685,-0.03995982550943561,-0.9102699476998072,0.14650219940945106,-0.8387639712605913,-0.2034384555013912,-0.20446810602953472,-0.42982876951490206,0.5814607935771505,0.9712012195043077,-0.7265996948722704,0.39227308035227904,0.5639199946697533,0.012998209650709358
-0.31,0.46,1.22,0.12566342864402946,-0.11817824548843231,0.25836409463358034,1.0246272260883111,0.06327508536493091,0.8802464352925853,1.7156974442834234,0.527853770192959,0.27847072048139254,-0.7877364144021406,0.3988620500584848,0.3897780715214657,-0.21553706839872872,-0.4797441986718664,-0.6043539511244405,-0.015097535240671606,0.6294219835095691,-0.43566342864402946,0.5781782454884323,0.9616359053664196,-0.7172243976848823,0.4101021097545296,0.563273638655248,0.011323909948362852
-0.31,0.46,1.22,0.13695183832107516,-0.11030068223441641,0.26960029972539934,1.0330425355017365,0.06656949899549641,0.8506088560234658,1.7234336459988842,0.5255815108980038,0.2821795836433448,-0.7781899623951876,-0.040093155314517515,-0.23318363699391484,-0.7132333742608231,0.715153684199842,0.35922501088059766,0.15660803898143705,-0.20993299454553138,-0.44695183832107516,0.5703006822344164,0.9503997002746006,-0.7172675587565294,0.41539280584983457,0.5594421360938284,0.0007499109446396646
-0.31,0.46,1.22,0.13782876526187599,-0.09837679893184498,0.2847906476814116,1.0346386995935046,0.05732350096068113,0.8290388146979801,1.747442261029752,0.5150598658011135,0.2852406016970042,-0.7670035708550941,0.09348934533154941,-0.13361889938577223,-0.2780389207924419,0.33693516064618667,-0.5058986548551981,-0.024256278959045193,0.6225212017362716,-0.447828765261876,0.558376798931845,0.9352093523185884,-0.7261569858167525,0.4221524541782358,0.5426075671242042,-0.007769522531899331
-0.31,0.46,1.22,0.13871765004881237,-0.09896365345733388,0.283580047673368,1.0274768118793471,0.06437957914977767,0.8261515393241966,1.743263220581746,0.5264050442352934,0.28018782268768033,-0.7578055738280336,-0.3470311342561501,0.31251688209707695,-0.0021586888264810474,-0.2695028172000665,0.9008714790814488,-0.12901896422395037,-0.21644826009319915,-0.44871765004881237,0.5589636534573339,0.936419952326632,-0.7202333723904685,0.4261238792235439,0.5474049637685247,-0.005489489239601186
-0.31,0.46,1.22,0.13518987950674777,-0.10231472915214396,0.2699920204284515,0.9994011362858042,0.06772874040293912,0.8444542263237113,1.738181807564412,0.5727390774791702,0.27851114655041626,-0.785275332750595,-0.7518972146785196,-0.10626974433876822,0.6898882379843781,0.08303726818709048,0.948875271531221,0.051561085463859256,-0.6847920327125524,-0.44518987950674777,0.562314729152144,0.9500079795715485,-0.7123157788904311,0.4100529323491471,0.5695171824453213,-0.010630273520800926
-0.31,0.46,1.22,0.10908614859432503,-0.10996994223815199,0.25048036260399265,0.9522866583076871,0.06138347117818486,0.8905738284178772,1.734953202612112,0.6143089114300773,0.285628090192498,-0.7984261169121536,-1.061725713503832,-0.12818433487499073,0.9714781697013096,-0.08829089550593033,0.8582252796732837,0.22574480653469706,0.08967767927376082,-0.419086148594325,0.569969942238152,0.9695196373960073,-0.7118520185478999,0.3978389670461187,0.5787369189775333,0.007378251916949572
-0.31,0.46,1.22,0.08917366959757544,-0.1040618893361272,0.24554226310448923,0.9105103360353817,0.04024124030422638,0.9152989716401221,1.7614903222885954,0.6621517441871898,0.2926879272507123,-0.8136211463409905,-0.6281533703194725,-0.5851007839734877,0.05022462070111473,1.0371717508836056,0.9635594973139854,0.05150433324601519,-0.5351212047832906,-0.39917366959757544,0.5640618893361272,0.9744577368955107,-0.7219537360988711,0.3859027561805544,0.5742758333177458,0.008314624004849114
-0.31,0.46,1.22,0.07861136731889873,-0.09855911848981408,0.2456750771360131,0.8902042922933291,0.02578974986472081,0.9325312319270331,1.7846867334081666,0.6863579736368167,0.2910954234052218,-0.8184172447559431,-0.22500445213649753,-0.02999609217579725,0.4764118067387338,0.03861424549841169,0.15524084750119,-0.08138169526812594,0.3054475838507276,-0.3886113673188987,0.5585591184898141,0.9743249228639869,-0.730948901262739,0.38010067547902926,0.5667521204215498,0.005405019968291513
-0.31,0.46,1.22,0.0765689838688089,-0.10670841699160633,0.227726191043791,0.8789215441540179,0.03308956585218393,0.9730190640993961,1.7920186867409085,0.7284892746277539,0.29174474463759126,-0.8245716196164192,-0.23198319651929578,0.1857243624639406,1.0374863544008097,0.3351594915804005,1.346567253798141,0.0971694332599959,-0.46793694713258044,-0.3865689838688089,0.5667084169916063,0.992273808956209,-0.7356709012209003,0.3588043556540751,0.5743732537150115,0.011963480986880711
-0.31,0.46,1.22,0.07613481149412521,-0.10451430176622695,0.22516000300892336,0.8735264694972785,0.02656810974968724,1.00148664417218,1.8386450344239529,0.7583965948393239,0.29631399180846446,-0.8260371457600562,0.0037689805560983444,-0.4075019909834706,0.23670844292540044,1.35632276597513,-0.08798165717808126,0.021008896262893827,0.3712383438992146,-0.3861348114941252,0.564514301766227,0.9948399969910766,-0.7547523180728855,0.33932987657587715,0.5614056815065088,0.005275793667138705
-0.31,0.46,1.22,0.06940220649328904,-0.10553749283168251,0.22577853800624992,0.869240493617812,0.021046790019443765,1.0300438403873493,1.8767393428787755,0.773968831147547,0.2929551128021485,-0.7865522845716083,-0.16370605129328009,0.1644449853739096,0.8306965894416963,0.21183111299579027,0.5889734854520339,-0.14849847150522863,1.1259577123166495,-0.37940220649328904,0.5655374928316825,0.99422146199375,-0.7698148585601685,0.3404070709212773,0.5396300694595287,0.017535613530428762
-0.31,0.46,1.22,0.06921840177993638,-0.1136144588787889,0.215370235383479,0.866323813369042,0.026062447720915746,1.0672398762059911,1.9021832937160101,0.8139571154970765,0.29032784416852236,-0.727430584277608,0.003351596713105455,0.057507801118870785,0.7037648265188042,0.6965720165059737,0.9444559261415916,0.03332563095839633,1.2563258196451712,-0.3792184017799364,0.5736144588787889,1.004629764616521,-0.7785884634069888,0.33516406228223933,0.5290113332924203,0.04015053240228327
-0.31,0.46,1.22,0.07642680414651731,-0.10890495156206798,0.21558027372456157,0.8552352815318182,0.02400498822442473,1.0795450483144147,1.9344700950417326,0.8773045820037371,0.287491674788984,-0.6867325734492711,-0.40718395646759875,-0.06678729060317902,-0.06572837339090312,0.48866915170866565,1.3676636251885268,-0.13939849657921596,0.4061799597242333,-0.3864268041465173,0.568904951562068,1.0044197262754384,-0.7860972330664877,0.3262585564664194,0.5235430088503216,0.03884858274908214
-0.31,0.46,1.22,0.08305552642394987,-0.10163999045772848,0.22057753389232382,0.8389869737508072,0.028602612363189023,1.0544288119608065,1.9332406413018717,0.9142849687479988,0.2760866485479179,-0.6450390977283537,-0.27694054927970424,0.21355718738919108,-0.843463829247273,-0.394703801557639,0.35082533272344496,-0.30993308901929095,1.2015409518852338,-0.39305552642394986,0.5616399904577285,0.9994224661076762,-0.7745287109891852,0.33791499450144646,0.533429226697191,0.03704041643604833
-0.31,0.46,1.22,0.08891245037932638,-0.09056345158578677,0.22877003900854498,0.8189238654976783,0.026326123173584886,1.0292443361319616,1.9429804330215514,0.9585187243790405,0.26542972281682653,-0.6070874377823902,-0.45530824764105277,-0.1987654390554558,-0.1605034633467939,0.6033262467704763,1.173352790743874,-0.12376215299407864,0.35125243599850053,-0.3989124503793264,0.5505634515857868,0.991229960991455,-0.7646074272663856,0.3508433195899558,0.5397436877860594,0.031003205693669322
-0.31,0.46,1.22,0.08652224703852723,-0.09110652746177889,0.22577350674194718,0.807735618297826,0.030870921702569182,1.0369811459526501,1.9458801772313157,0.9795063766360809,0.26404531117909524,-0.5680343310276814,-0.010853322897254655,0.344253444051491,0.35366404336626156,-0.3182925216755313,-0.2484551683855912,0.057766814793828385,1.1770686952506981,-0.39652224703852723,0.5511065274617789,0.9942264932580528,-0.7625862389819867,0.35628972008274706,0.538178331903699,0.043404453089724515
-0.31,0.46,1.22,0.09370973435895225,-0.10931856205641938,0.20512059366706037,0.8165490152464142,0.0615534539107922,1.0447085929448727,1.9046860623647794,0.98941439489042,0.2673554253010316,-0.514862578026636,0.2958969871910007,0.7984864221933997,-0.057604862454320456,-1.106093461703716,0.3500662081864807,0.13296046427971148,1.0200806122944805,-0.40370973435895224,0.5693185620564194,1.0148794063329396,-0.7469389861421027,0.3594309751053239,0.5541515189252164,0.07620773706599243
-0.31,0.46,1.22,0.10072630388118525,-0.1175605636926012,0.20134100957294532,0.8218518664370145,0.08596953476127381,1.018133335184048,1.880569693847706,0.9767816416366334,0.2691892598848068,-0.45663214330697915,-0.02821864574444647,0.1965868618988047,-0.8589375492408082,0.05463513701237126,-0.5651051131003353,-0.04912725819309331,1.1551591400427919,-0.41072630388118525,0.5775605636926012,1.0186589904270547,-0.7286011529418714,0.37895027397664743,0.5620855359600766,0.09796376906424689
-0.31,0.46,1.22,0.10528439241148646,-0.10826689331445266,0.21707938718349573,0.8174964536623178,0.0862489056576004,0.9940290022385065,1.9112890956213926,0.9831551707300599,0.2712825388971111,-0.42097703774562895,-0.12311049251300264,-0.11707147074539255,-0.11854656090961892,0.9871787459524828,0.623900754730108,0.1247536175622875,0.3057202953118363,-0.41528439241148646,0.5682668933144527,1.0029206128165042,-0.7317137107471693,0.3919477590411937,0.5495118684158873,0.09491420419133591
-0.31,0.46,1.22,0.1141990565163129,-0.10742919518520605,0.2154671582920915,0.8224375521948165,0.0942484822213438,1.0057493275136473,1.9334611073603443,1.012339228410608,0.28204293556808013,-0.392773327433656,0.2914823015973911,0.3888996148036528,0.5525476235166197,0.08017192862539883,0.4961968780417723,0.29834281579500116,0.6346272864159471,-0.4241990565163129,0.5674291951852061,1.0045328417079085,-0.7412445090808599,0.3802795983278111,0.5444614709662126,0.0974972383527953
-0.31,0.46,1.22,0.12414861631244495,-0.12309679961207748,0.19979407931241866,0.8483868944362908,0.11991808548975105,1.0356399144022366,1.936287865475369,1.0151028846128705,0.3014246558195315,-0.34439339837921606,0.7185533316416548,0.5534662045654614,0.5883165229889665,0.10886185305168328,-0.1739910426002386,0.4698254528445045,1.0963513754865772,-0.43414861631244495,0.5830967996120775,1.0202059206875813,-0.7468634661808591,0.3666043540201115,0.5403620612289634,0.12571815017011623
-0.31,0.46,1.22,0.12277025644151973,-0.14314763432988448,0.18529904976195377,0.8746534641641327,0.1406127944462163,1.0749191924809283,1.941617236246935,0.9906984941476676,0.329344122201016,-0.2742860096097298,0.3817829921816528,0.31106842420684977,0.8314138823200018,0.14957532911695823,-0.5295767396043329,0.6400577733010372,1.5208308448816017,-0.43277025644151973,0.6031476343298845,1.0347009502380462,-0.75325565602624,0.362277103267198,0.5204477839475077,0.17462909636408047
-0.31,0.46,1.22,0.11775266083030561,-0.1486208544781929,0.19033868929965503,0.8900757434950655,0.14006069816271752,1.0922019743838058,1.9802334968705833,0.969258739244402,0.3564090188996907,-0.22040627351361955,0.24738242056550858,-0.30816609247164617,-0.05962283628724419,1.3420097319570798,-0.3374357335188257,0.4502822867532994,0.6693119324312095,-0.4277526608303056,0.6086208544781929,1.029661310700345,-0.7692024098055116,0.359275877042698,0.4869242902195395,0.20531252401836447
-0.31,0.46,1.22,0.12012941957927348,-0.14366916698752946,0.19662262014174758,0.8906749765780269,0.13929294445632914,1.1033356300404857,2.0180790879775286,0.9894212329870471,0.37405193892606703,-0.2083383592865918,-0.20691732931318474,0.2560171577596698,0.3530300993086909,0.2110547378612367,1.0782795737966695,0.26320049747148555,-0.07312992201531489,-0.4301294195792735,0.6036691669875295,1.0233773798582524,-0.7858015114550507,0.3434564676378723,0.4712684384655705,0.20605751221175067
-0.31,0.46,1.22,0.12024228245413349,-0.1510550468072988,0.18023659183332819,0.8862768393082074,0.1560450466686624,1.1222991215636455,2.003800081089218,1.0059651614511809,0.3823509805312057,-0.19045926803627392,0.0017347657009325152,0.35106746416401935,0.27398347242899296,-0.6015631813786446,-0.3537548030020766,0.07641168360840973,0.7545540508700738,-0.4302422824541335,0.6110550468072988,1.0397634081666718,-0.7783543273964248,0.33729257107009747,0.4805743622564392,0.22236579068282725
-0.31,0.46,1.22,0.11131469186927928,-0.15567754859770627,0.1785094526569042,0.8806167724821982,0.16054861299847786,1.117802565348564,1.9967320164578588,0.9908413851661928,0.381508854787444,-0.14917274708850317,-0.18425067527036418,-0.050291919356525015,-0.2778574212800326,0.08232371164738733,-0.1593880323693459,-0.10062088278473982,0.9366601595851917,-0.4213146918692793,0.6156775485977063,1.0414905473430958,-0.7679600498237084,0.35518128889716716,0.47373093694695895,0.24425931562884384
-0.31,0.46,1.22,0.10585532286946092,-0.1549974550417334,0.1721410864434585,0.8604128700089716,0.16758894496911567,1.1218146869315087,1.9906782976678832,1.0189878442128169,0.3811789894719909,-0.12422221983218745,-0.5630446900250183,0.19284815396051777,0.41964184577171404,-0.11278875156794338,1.123124001733694,0.07710736204256986,0.1337991578528073,-0.4158553228694609,0.6149974550417334,1.0478589135565415,-0.7585230216843897,0.36169137734262025,0.47851319334697906,0.2546513242134388
-0.31,0.46,1.22,0.09698096223324254,-0.1521173760297841,0.17156065869574744,0.8440355992236281,0.16354291577469665,1.1310805917822138,2.005124251352727,1.0373555255455336,0.3803569678173988,-0.09596743087793302,-0.1109842177284713,-0.2244659537864099,0.07473022597063386,0.44044589887792956,-0.2977438199499197,-0.1004711515304415,0.9619581546576781,-0.40698096223324254,0.6121173760297841,1.0484393413042525,-0.7580756349358244,0.36522686392666537,0.47108335559813586,0.264596186029467
-0.31,0.46,1.22,0.09988551555346181,-0.15274662167714897,0.1708114439138959,0.8455634459438248,0.1659009704775449,1.1260572930198458,1.9996159380845326,1.0484847464340974,0.37084638352367455,-0.06650441311376999,0.09271853430474628,0.23457860145220033,-0.2545129985723162,-0.4893484445782905,0.42585546775564237,-0.27297507495543166,0.3594067201312359,-0.4098855155534618,0.612746621677149,1.049188556086104,-0.7510730014073177,0.3739264730792184,0.47235397088931413,0.2700926979254286
-0.31,0.46,1.22,0.09600116984104423,-0.15652088129351932,0.1709142263126382,0.8502693486338315,0.16294141454214658,1.1267909480329281,1.9965037032363864,1.034157428478808,0.36163096840071074,-0.027098749859586352,0.1362160366973305,-0.23567903493174097,0.19050918409265655,0.15482915411212272,-0.8845715303749325,-0.130815469616959,1.1811016093530196,-0.40600116984104423,0.6165208812935193,1.0490857736873618,-0.7433302159313322,0.38845306236580796,0.4642505640607557,0.2846679156339452
-0.31,0.46,1.22,0.08440190221254745,-0.1613592393635082,0.17132057629663877,0.8567137908055565,0.15238840261628744,1.1474285736535799,2.0106992938924066,1.0171180488293363,0.35983157441548497,0.010103287650746109,0.12589889739050392,-0.2202638847295522,0.576637296792428,0.39550634149529806,-0.048686879496742726,0.04854592750747691,0.37363019070477743,-0.39440190221254745,0.6213592393635082,1.0486794237033612,-0.7447416858832185,0.3949986098733802,0.4410228738289552,0.30795250326238305
-0.31,0.46,1.22,0.07850687162858494,-0.1624034445716825,0.1788476446989884,0.8744550823101689,0.13355145674430577,1.1712022858962143,2.052285197204246,0.9967882160557555,0.36672959345904843,0.020348102030745538,0.5634219507533399,-0.4212771145048923,0.46900817013296636,1.0356349055734992,-0.5831400519740575,0.22028788615248823,0.04481419542623186,-0.38850687162858494,0.6224034445716825,1.0411523553010116,-0.7637610862061595,0.3827918374183074,0.4110231654195587,0.31811848404578696
-0.31,0.46,1.22,0.07496835768667492,-0.17029993146915784,0.173857574654809,0.8957721226803381,0.12509349424100208,1.209708345836094,2.079776950226994,0.9850711805878395,0.38219439347386336,0.04412003376337458,0.31742371840908096,-0.03225318641362514,0.9411992360778939,0.29275339322018273,0.023742591628071626,0.3913362850021717,0.8723188249467431,-0.3849683576866749,0.6302999314691579,1.046142425345191,-0.7762922281701603,0.36374803735055544,0.3861610589799104,0.3404957831365037
-0.31,0.46,1.22,0.08512130213917912,-0.1850503890381165,0.149042765264229,0.9218650998714851,0.13375827335713522,1.2620172591829455,2.0787254957124293,1.0074626869850292,0.40617694902377166,0.07358387301127976,0.6809784198553722,0.23900691264636334,1.0519880007661262,-0.10213750223933041,0.5738639197464345,0.5610625286788727,0.4316506955656611,-0.3951213021391791,0.6450503890381165,1.070957234735771,-0.7765621711801711,0.3346167660384206,0.38540409594072605,0.3693866497452762
-0.31,0.46,1.22,0.10335381932958526,-0.19264954143486962,0.1336753775434094,0.9488793265740659,0.13540646368275153,1.2994684824351834,2.0851215057152697,1.0351464547648077,0.4293181778438536,0.07515160896769792,0.43312027274373666,-0.07281755683940866,0.5808062585458714,0.18244673624277394,0.47920196912859675,0.37220999759239987,-0.2558999356708605,-0.41335381932958526,0.6526495414348696,1.0863246224565906,-0.7851856295836123,0.29928920920688623,0.3889589246104735,0.3776512297260092
-0.31,0.46,1.22,0.11423279199549996,-0.18802274764134846,0.14032963523126774,0.9593019233981842,0.12128938283887171,1.3026706489150677,2.10005007453198,1.0537160164487644,0.4430650788251954,0.05023811864519102,-2.0157186092030488e-05,-0.3521612226796631,-0.3802526923798238,0.18044011479686436,0.26764909807196385,0.18535212210131596,-0.5904569069621763,-0.42423279199549996,0.6480227476413485,1.0796703647687322,-0.8023659395739754,0.27586796970416694,0.38663093332991233,0.3614170495360086
-0.31,0.46,1.22,0.11833607913580374,-0.18384313412309367,0.14887708947309597,0.9641656287619831,0.10840222061014661,1.2919105674291307,2.095566005778085,1.0477426885626069,0.4474609084358513,0.014280204494189134,0.15186311490345655,-0.20869918432813314,-0.10928051326893473,-0.24853854373510637,-0.37881368697390694,-0.0001673252819807767,-0.9184304667205513,-0.42833607913580374,0.6438431341230937,1.071122910526904,-0.812414802265725,0.2688702877594275,0.3875166982616416,0.3428144775065682
-0.31,0.46,1.22,0.11848220847839541,-0.17999288425072352,0.15073029503212076,0.9605443046662832,0.09418258674394771,1.2980719692853528,2.088998542603678,1.0525496014019937,0.4429170842471198,-0.05072130773118987,-0.2768543247005536,-0.3336111314662827,0.30964037338910844,-0.07341485025527912,0.311042674051951,-0.1743771708423843,-1.5422722187029603,-0.4284822084783954,0.6399928842507235,1.0692697049678792,-0.823649174026627,0.2579217810691242,0.39313821913909075,0.31705004908930395
-0.31,0.46,1.22,0.11995106101089387,-0.1810832145118046,0.1417560087882097,0.9570550517187192,0.09209473547636904,1.304729599422277,2.0566539419007874,1.054419504064327,0.4297162980875368,-0.10563208740170008,0.07990311927478892,0.18160336430142224,-0.09534347253232867,-1.1021295957898862,-0.19412865178457392,-0.34650028301340485,-0.6890758827162994,-0.42995106101089386,0.6410832145118046,1.0782439912117903,-0.8223706421893414,0.2548148360651322,0.41143199185307644,0.2991649081459928
-0.31,0.46,1.22,0.12088389331842248,-0.19216153438803413,0.12046482442612683,0.9602161393784707,0.10214134427353419,1.313932446279706,2.0022548227227452,1.0380538206262164,0.4172400431840405,-0.1186793533654093,0.05745719614367408,0.17318191750178563,0.34016164939191446,-0.9737754045417438,-0.30751410330047574,-0.16014371300335117,0.08450350868341472,-0.4308838933184225,0.6521615343880341,1.0995351755738731,-0.8037875201946111,0.26424336055626824,0.43431856973410743,0.3089796898914989
-0.31,0.46,1.22,0.11166020921041286,-0.19910510426246703,0.11179568923574035,0.9584293807929474,0.09682938253456042,1.3215879871571985,1.9819905312003905,1.0186819724049372,0.4140259864497272,-0.09917877364974029,-0.07997087685134767,-0.27327584970863333,0.08738074537489879,-0.03354057183485948,-0.26602733443891624,0.021609526625027773,0.640371002927002,-0.42166020921041286,0.659105104262467,1.1082043107642596,-0.7933506796145084,0.2762300350009864,0.4319085357892701,0.32824789965957213
-0.31,0.46,1.22,0.10773673671591522,-0.19408023253166112,0.11850016867234436,0.9492435479862854,0.08004054993392146,1.3242568356977726,1.9944871112266538,1.0400844325811058,0.4195979438252705,-0.08912446276648588,-0.24627903625081643,-0.3681750488629781,0.10128257810919522,0.3976314001850879,0.9133673396422763,0.19415285970900364,-0.2007180841784389,-0.4177367367159152,0.6540802325316611,1.1014998313276556,-0.8001732710157816,0.27290305212692073,0.42193617722627996,0.3274393422290439
-0.31,0.46,1.22,0.111506840880713,-0.18358684413223475,0.1352622729350721,0.9482637408136408,0.05823590358697822,1.3148056619415946,2.018316592342827,1.0629168104487021,0.42444940031096123,-0.09583782177386706,0.18730834684602143,-0.4325415433420846,-0.32783387157462096,0.44212915932848873,0.16169244385204834,0.008720105950216647,-0.11506278139778274,-0.421506840880713,0.6435868441322348,1.0847377270649279,-0.8160399682263754,0.2627863805684421,0.41228463541864957,0.30829120623615847
-0.31,0.46,1.22,0.10854805314825178,-0.1796384539647961,0.14705200201640678,0.950232772752265,0.03939565618934035,1.3094783470329492,2.0330672123906206,1.0598583595575641,0.4259683571364242,-0.0800711276425645,-0.04710078732654294,-0.3349178038154461,-0.006841720287510403,0.2160341620873631,-0.078411468145448,0.02872348045704622,0.7110143627654549,-0.4185480531482518,0.6396384539647961,1.0729479979835932,-0.823415536017257,0.26425121476658764,0.3973605592144225,0.3070223713682729
-0.31,0.46,1.22,0.11117061383493332,-0.18430227230921387,0.14098579495421215,0.956310119503716,0.036883509099681945,1.3142177364377308,2.016034199288015,1.0664014223335745,0.4228791494479927,-0.039281290216850284,0.20959956764907697,0.1673887355997595,0.06414084810895805,-0.767682730733386,0.16372362277716074,-0.14507560645029435,0.8323564878891584,-0.4211706138349333,0.6443022723092139,1.0790142050457878,-0.8143581999163494,0.2702513675223439,0.3983912391729086,0.32414401295038664
-0.31,0.46,1.22,0.12264824888326037,-0.18918268434650393,0.13580066792621937,0.9683671487647431,0.043043126595943004,1.2937266588047225,1.9799460539442941,1.0675631485924566,0.41114314539460706,0.0062371832026431005,0.2412167298564331,0.12596926108848439,-0.7434653135121227,-0.7440865237292131,-0.049115297909419195,-0.3173759264129565,0.9716927380941115,-0.43264824888326037,0.649182684346504,1.0841993320737806,-0.7954649988288269,0.2880881949636103,0.4141150495584024,0.33578170481743813
-0.31,0.46,1.22,0.12995505974309463,-0.19240685781089478,0.1370414953702348,0.9763188751954863,0.051893951150565644,1.2519783682977483,1.9347211144074647,1.0531787233735923,0.39080267469794583,0.060775594951136866,0.10699263955744899,0.21857260033386325,-0.9008381126653997,-1.0010998677949208,-0.3838316364341726,-0.489274423440389,1.0902559105519403,-0.4399550597430946,0.6524068578108948,1.0829585046297652,-0.7688749995975983,0.32457049127763316,0.4294115480207466,0.34509557170733896
-0.31,0.46,1.22,0.13911449492851363,-0.18995894817462838,0.15016100865848836,0.9913737429757404,0.04644973170234916,1.2107424378917524,1.9175786973882427,1.039086590889098,0.3711910562477031,0.0931722981763493,0.4352688328396347,-0.3622318062316266,-0.5833954874010046,0.2541690494487678,-0.20759233661701326,-0.30304169390553165,0.24005025317798068,-0.44911449492851363,0.6499589481746284,1.0698389913415116,-0.7576706528754023,0.3515230477794571,0.43265097911057876,0.3393815830681756
-0.31,0.46,1.22,0.15569808982361216,-0.18414069287079854,0.15586606816813187,1.0013854783323122,0.0407853204984789,1.1954306140311028,1.9082286753505027,1.0653152372404864,0.3515613395750815,0.0834374912581171,-0.014297308742704705,0.0134863561750538,-0.13348776570188697,-0.3957230234252242,1.1197301287970354,-0.47227552746379725,-0.5931269869618895,-0.46569808982361216,0.6441406928707986,1.064133931831868,-0.7591734679533377,0.35255859118142635,0.44656843977165434,0.3161245228383599
-0.31,0.46,1.22,0.15797415409196652,-0.17291298456369336,0.16775503186749163,0.9902608327778725,0.02558364193916494,1.180303128528277,1.9203715771871255,1.0898357038538398,0.3243397350714262,0.06886920191622063,-0.41622846276997694,-0.6019353992839809,-0.26773384352028645,0.8333815748577709,0.14376905920327226,-0.5807119117304232,-0.14995120933664938,-0.4679741540919665,0.6329129845636934,1.0522449681325083,-0.7640656984407214,0.3592161906101329,0.4508424251279901,0.28966954374692183
-0.31,0.46,1.22,0.14727307942373302,-0.1634826423306019,0.18826589761210877,0.9805757997186837,0.010688021706496732,1.1504420071376324,1.9320334391616774,1.0710602347080715,0.29087871159597223,0.07344432229038829,0.00929545268106629,-0.019228570432676076,-0.8784523436589233,-0.2938825643703529,-0.7112585101689257,-0.750800966387684,0.14746928666760242,-0.457273079423733,0.6234826423306019,1.0317341023878912,-0.7634043343414028,0.386629689759489,0.4375926306363587,0.27612315172399515
-0.31,0.46,1.22,0.15084882427022944,-0.16240638764658138,0.1960695722791046,0.9906417465219087,0.014678227657097377,1.1248782517938352,1.920527314745978,1.0426426630843686,0.2582184088134791,0.05920811846889399,0.32725491527198786,0.1041125591933283,-0.19872765284094202,-0.11629153717697352,-0.5535464759274155,-0.5632212898893802,-0.6830513679685334,-0.46084882427022944,0.6224063876465814,1.0239304277208954,-0.7540892711604543,0.4085882904683112,0.44316359188063054,0.2607892076837841
-0.31,0.46,1.22,0.1550753912306237,-0.1609029400278546,0.21150936041911228,1.018640452394266,0.010454973220930397,1.1048178274384142,1.9381299502584861,0.9871476006469014,0.23453509299687675,0.03682059398998471,0.7620192254868159,-0.1370817744772873,-0.4400521090968708,0.5815376160857403,-1.383273404422371,-0.4087513761621837,-0.36152754467793075,-0.4650753912306237,0.6209029400278546,1.0084906395808877,-0.7602573022620165,0.41766812593896635,0.4317420373090664,0.24730746885634014
-0.31,0.46,1.22,0.1643794548800342,-0.16392356025033966,0.21505620985669505,1.0448602188972638,0.01607324764519336,1.1002053703494048,1.940350811995421,0.9541008173742817,0.21895770865720932,0.017658712012387362,0.30890215079528477,0.23049293491953735,0.23379424606367466,-0.3025202603904238,-0.10005476146510181,-0.22203512267952194,-0.2895200594285636,-0.4743794548800342,0.6239235602503397,1.004943790143305,-0.7626245823216928,0.4184217148829861,0.43140928030067627,0.23919249115199503
-0.31,0.46,1.22,0.16236843636005371,-0.17828470884904352,0.19611521939646215,1.0497103870367532,0.029599138468428904,1.1265797152928823,1.916467822651651,0.9397530680347679,0.21268385937094142,0.024855904053847716,-0.07055703547298953,0.2676553053576184,0.6828994414997582,-0.4812265788584775,-0.2752942747363967,-0.03646389838981675,0.5420313492223883,-0.4723684363600537,0.6382847088490435,1.0238847806035378,-0.7497949330586372,0.4211273371352324,0.44109793382577694,0.2566942481856824
-0.31,0.46,1.22,0.14803944005316938,-0.18533832388703092,0.18466068756656373,1.0350267348047901,0.0277963247112289,1.1548301152630607,1.9201311449103116,0.9477628710273974,0.21538155387384622,0.05891009585588222,-0.49990823493244047,-0.24895111311837714,0.5519443612338975,0.4239754568919389,0.5349321116937577,0.1367477861499587,0.8900477858070927,-0.4580394400531694,0.6453383238870309,1.0353393124334362,-0.7438159886207313,0.4238410403294835,0.4325226056483205,0.2828793792551396
-0.31,0.46,1.22,0.1257419943081418,-0.17673157319576988,0.19081538558923117,0.9992407680643458,0.0034232496097348474,1.1767278032198591,1.9634555189763672,0.9916610595714723,0.21742469011653634,0.10663973303306225,-0.8791795918884459,-0.5913369262402993,0.4524858026829833,1.072419199768396,1.1421529986682146,-0.04473321095531159,1.0987832756325377,-0.4357419943081418,0.6367315731957699,1.0291846144107688,-0.7529585467331881,0.4234876803001387,0.4047153333484258,0.29986181899022357
-0.31,0.46,1.22,0.10816510513624772,-0.1576850290475344,0.20780585553388398,0.9665179230082925,-0.029130668179026695,1.196711127028649,2.0351779242277326,1.054176893116884,0.21972050964284773,0.14028117999818912,-0.44573896774573035,-0.6315635489973489,0.45727620809049657,1.5624607784793376,1.199526511080927,0.12844687163346089,0.33679887774175843,-0.4181651051362477,0.6176850290475344,1.012194144466116,-0.7764312566757063,0.41241196975877015,0.3709632770122651,0.29909382802892537
-0.31,0.46,1.22,0.09170170314103598,-0.14810088669280158,0.21427317107027655,0.9446459745539019,-0.0455957371483803,1.2222115546908692,2.0836814290317416,1.0885115831326047,0.22134677744042944,0.17809058381983478,-0.41712178970924485,-0.06483790879306772,0.3905645418785541,0.4171900082626263,0.4018503967274075,-0.05279069444218803,1.0920721658591703,-0.401701703141036,0.6081008866928016,1.0057268289297234,-0.7890079602162557,0.4050798069409842,0.34335190379996755,0.30900850939897495
-0.31,0.46,1.22,0.07567124538680287,-0.1396782725394981,0.226702276452587,0.9355214055505217,-0.05881221737576294,1.2204416316992244,2.125460637804819,1.0820931291902731,0.21419773167621092,0.2105574236854568,0.028893554930642315,-0.3143389385649426,-0.27758251362154274,0.9742638067961921,-0.46812152681871466,-0.22636021641512952,0.24146773342642444,-0.38567124538680286,0.5996782725394981,0.993297723547413,-0.794276944123096,0.4115796930767169,0.31381852255643616,0.31818898029606174
-0.31,0.46,1.22,0.0650566302871578,-0.14274025303206378,0.23160740915580702,0.9479624001375155,-0.05994487118124744,1.2182146781963137,2.1453955972036294,1.0368165442893118,0.20766670183598188,0.23828745027400322,0.44851993976788707,0.24770765061915437,0.015667605418821427,-0.13850179696920306,-1.130140971580976,-0.04218721957911395,0.6716072576787795,-0.3750566302871578,0.6027402530320638,0.988392590844193,-0.7925740912131074,0.4178357260065798,0.2890475976810359,0.33718111199338197
-0.31,0.46,1.22,0.0605241214997847,-0.14550885398878183,0.23299465624626636,0.9592566330422082,-0.06395208296612623,1.2257789229162108,2.1699463888869768,1.0184703609733587,0.20103430822476925,0.256504656151234,0.020629804541479342,-0.3748493716586427,0.3978266899571485,1.009074591307224,0.3400779048239837,-0.21617521500335435,0.26509012819286676,-0.3705241214997847,0.6055088539887818,0.9870053437537336,-0.7943727738408359,0.4156660803161007,0.2718988528221207,0.34966358073022136
-0.31,0.46,1.22,0.057055880708944184,-0.15177389499684563,0.2259046462210016,0.9710361537044095,-0.06840721380837053,1.2570022558716791,2.192267267855083,1.0199971505338603,0.1950083169975484,0.2868276673523073,0.4159133626442127,0.1340617345098416,0.6629752111616132,0.007377778705283715,-0.14156620036410672,-0.03211074643908212,0.79223508162199,-0.3670558807089442,0.6117738949968456,0.9940953537789984,-0.7965412211017482,0.40522423471903135,0.256393439463172,0.3682089174400269
-0.31,0.46,1.22,0.06347904839844398,-0.15893602298903037,0.21549012736456397,0.9804015942295148,-0.06640394007937829,1.2822157169092623,2.1944796164838785,1.0398989616326155,0.18889877275654388,0.30834343264030867,-0.021023685510023444,-0.0177593292038896,0.41980318159736735,0.02273103957193728,0.663418202474533,-0.20528806100296768,0.21377072211241338,-0.373479048398444,0.6189360229890304,1.004509872635436,-0.7945071181771126,0.39770945134833147,0.25832755964873855,0.3792789255943921
-0.31,0.46,1.22,0.06107879272106809,-0.15696477895595112,0.22057540181708524,0.9912675739561456,-0.0802994777418091,1.2852031727301083,2.2191469586099304,1.0364837640392697,0.18151467049178263,0.3368641119064546,0.43283438855497763,-0.40471932774994324,-0.13786837144460545,0.7098323272248406,-0.6463807259618192,-0.09357832357284829,0.7533185283050068,-0.3710787927210681,0.6169647789559511,0.9994245981829147,-0.7984418200350524,0.3938919138913649,0.2404761213263602,0.38666659444790447
-0.31,0.46,1.22,0.0692571841058015,-0.16138075532968338,0.2191583764848295,1.0144574315293504,-0.08627802612639081,1.295782678979187,2.2278593532832063,1.0379723416731121,0.18146090731694287,0.36151640085876385,0.4316683314243064,0.0990976743480605,0.5100242347493527,-0.1659405446266526,0.47046651643661874,0.08170897304786193,0.38284155578371665,-0.3792571841058015,0.6213807553296834,1.0008416235151705,-0.8010860395010131,0.3828539687699398,0.2326291171233255,0.396947968605596
-0.31,0.46,1.22,0.08363802777380897,-0.16503814649110166,0.21161614362569092,1.024805810189096,-0.08649681330289798,1.3124126583597173,2.218326476124985,1.0739211099404804,0.18088090014678226,0.38745947426715155,0.00016888717782417156,-0.05955712805379517,0.2025971552881063,-0.2564774878856783,0.8468382460972238,-0.0953310753113974,0.6586345152716169,-0.39363802777380896,0.6250381464911017,1.008383856374309,-0.7999484641517621,0.37491338276949465,0.24242593832940654,0.40093899105310016
-0.31,0.46,1.22,0.08280669701611154,-0.1666803851037683,0.20532230765463244,1.0260284660441912,-0.09926132560119698,1.3402754372390966,2.228049758026723,1.1014868897620724,0.18076396039659762,0.4243776861892635,0.07713385995462788,-0.3672956993477247,0.8312597158661938,0.4807170286082692,0.43961347670415557,0.08061124462470173,0.6951087317993171,-0.39280669701611154,0.6266803851037683,1.0146776923453675,-0.7993816947522617,0.36609628275433587,0.2340833263985156,0.4149306136580736
-0.31,0.46,1.22,0.07282197300007143,-0.16261933288156977,0.20353214651800733,1.0188283385770838,-0.12408205872549048,1.3761151498293662,2.261933314445127,1.1438068262369603,0.18013014548668826,0.47113209671012823,-0.33715523425343397,-0.5274464678928101,0.6434954803572741,0.6965541556010454,1.0974991240841694,-0.09645603128224439,1.1404712770626821,-0.3828219730000714,0.6226193328815698,1.0164678534819926,-0.8051250322848722,0.35062018632719727,0.21052784087848506,0.4295546479124728
-0.31,0.46,1.22,0.050539257890431066,-0.1505031800071433,0.2135461229873863,1.008192296530817,-0.16090123366289527,1.3895438373769042,2.311658893904292,1.1664631751269268,0.1708152510020382,0.5382061028337345,-0.0849146216807124,-0.801531414996895,0.03722665433772919,1.0283625151424332,0.05664234624083797,-0.2695728087145023,1.4116419567158411,-0.36053925789043106,0.6105031800071433,1.0064538770126137,-0.808970096746751,0.3446668295475567,0.16759404442917925,0.4457402780219196
-0.31,0.46,1.22,0.03575579663269329,-0.1396221116487662,0.21815310788974407,0.9926287391053795,-0.185981535395153,1.4072601725084426,2.3369856863017735,1.2074331881026714,0.15865705078268105,0.5865230647364927,-0.48437638908340686,-0.2503896732636054,0.5678269651815147,0.18186010345755385,1.516317610335846,-0.24396686611550664,0.5566188476421342,-0.3457557966326933,0.5996221116487662,1.001846892110256,-0.810182115482698,0.3437087942042813,0.14234169503085725,0.4529989474539223
-0.31,0.46,1.22,0.03489633370421319,-0.13158003012218528,0.2195047600658382,0.9751525122411993,-0.1922380943140103,1.4111804676488575,2.3242234578171113,1.2482196668848788,0.14195814694602124,0.5986727164951391,-0.28553614699317753,-0.045615529101088605,-0.26652580834333706,-0.5439776478005925,0.28908304572061666,-0.4168380304244948,0.000905349184037875,-0.3448963337042132,0.5915800301221853,1.0004952399341618,-0.8091071069543297,0.35649413222415943,0.1471753531329211,0.44339264607787354
-0.31,0.46,1.22,0.029791123228429528,-0.1221003795288072,0.22867548617292333,0.9647204327835847,-0.20493754737337747,1.3938292994472945,2.318540756432977,1.2565613373892996,0.11708528146412632,0.6058311453003203,-0.1144419088425064,-0.3453050070147553,-0.3370955692831933,0.10127717135760103,0.13400226645712013,-0.5502554366903251,0.26928496883044356,-0.3397911232284295,0.5821003795288072,0.9913245138270766,-0.8071263013458482,0.37615859948409863,0.14250944069277535,0.4321375950127051
-0.31,0.46,1.22,0.02388006694704553,-0.10509148391153883,0.2420777633074046,0.9594849101708799,-0.23023686761730988,1.3935068709554912,2.346801614950266,1.2944947877436404,0.09443706935343477,0.6148555396526065,-0.04561528731310049,-0.5789246501779585,0.2792132328491415,0.8154787100994652,1.1276438992122562,-0.3636128371579165,0.17950360426228984,-0.33388006694704553,0.5650914839115388,0.9779222366925954,-0.8185696726015127,0.3790323488180417,0.12522848407157616,0.4130326820285119
-0.31,0.46,1.22,0.007312626686243662,-0.08570421442110271,0.2552039596418041,0.9607993381583236,-0.26962439992976583,1.4055477125609874,2.4062651420065677,1.3238407441618956,0.07179628964476538,0.6382511955910437,0.13540692132766832,-0.8556910931491531,0.2185625466674885,1.2971147750429237,0.2991266491998655,-0.535514933737267,0.6032022637933122,-0.31731262668624366,0.5457042144211027,0.9647960403581959,-0.8338844229515605,0.36860772737036007,0.08524866824623176,0.4018678601777521
-0.31,0.46,1.22,-0.003090866052343877,-0.07238513154734622,0.25775591706220047,0.9571548409500821,-0.29722234621195687,1.434864339820664,2.44104669509356,1.3758596178843359,0.04940214523090232,0.6669002258084187,-0.23828896325703677,-0.27194628222365014,0.9205319883468428,0.14207563820593422,1.6191050500664936,-0.3997160104457329,0.5494990060181113,-0.3069091339476561,0.5323851315473462,0.9622440829377995,-0.8424484265900793,0.36119346021910204,0.05863841201268369,0.39545096973895855
-0.31,0.46,1.22,-0.00838934836091626,-0.06116255417399291,0.25773137919270894,0.957258971666518,-0.3226993757292694,1.4649917934192,2.4707297209746604,1.4286261705628744,0.03430482475238218,0.6846340546808949,0.2168003370996266,-0.623801018006085,0.422762674415722,0.8009175989645041,0.6834390097550367,-0.212415762030284,0.2212132253056444,-0.30161065163908374,0.5211625541739929,0.962268620807291,-0.8522909298103812,0.35100980544332794,0.04015422681093514,0.38572000922276395
-0.31,0.46,1.22,-0.0038144936111288996,-0.05448320527621536,0.2639557061943252,0.9784341326337344,-0.3429442882308564,1.4643124573920023,2.487001813921638,1.444152145426777,0.028477209278507408,0.676131747140711,0.5749769696920681,-0.2967644799906118,-0.27173340483551117,0.06936587617305733,0.008397494833962422,-0.02814053794652257,-0.4284556303373404,-0.3061855063888711,0.5144832052762154,0.9560442938056748,-0.8645735379724344,0.33819416027312654,0.030631095051558255,0.37040389227291426
-0.31,0.46,1.22,3.7963521507700104e-05,-0.05362743880905857,0.26577608108044704,0.9958186145550016,-0.3585258584383044,1.4700674778523075,2.496465478998422,1.4513877994138467,0.022558069030254754,0.6764736522076582,0.13582528775796118,-0.2941654977041416,0.46295624167412563,0.2189469177297552,0.30248086505576993,-0.20162496311777744,0.40483697736054436,-0.3100379635215077,0.5136274388090586,0.9542239189195529,-0.8710207527365155,0.3276652244982976,0.02353108003985166,0.3652459955002282
-0.31,0.46,1.22,0.0036984715805804536,-0.06558909398145102,0.2593646214997479,1.011819281772058,-0.36359022260349916,1.4790148206083225,2.4862899691725664,1.4314753622554592,0.01726018460897932,0.6914927433686452,0.4329793695608482,-0.022330747374468718,-0.037022897963236476,-0.388468010767133,-0.9162004302707107,-0.01817854809581438,0.1697033317012108,-0.31369847158058045,0.525589093981451,0.960635378500252,-0.8653355392827807,0.3221487565604124,0.021248772101887775,0.3833576303987199
-0.31,0.46,1.22,0.0024756697609815137,-0.06880624054844159,0.25907553792652027,1.0234595979397407,-0.37552055633767517,1.4749014391494353,2.4896913935324276,1.4199831558808584,0.011904908392693626,0.7206530834184379,0.08666734166491885,-0.3221987678580369,-0.09659010761029659,0.27077503825575727,0.26471110724806507,-0.18961004931349296,0.9532123569369029,-0.3124756697609815,0.5288062405484416,0.9609244620734797,-0.8605328289898264,0.31819677451694384,0.010320261777756967,0.3976525557752876
-0.31,0.46,1.22,0.0007860695949783447,-0.07215866308485402,0.25925060530141675,1.0389026534327512,-0.38694859361588146,1.4613517960240203,2.489035596638157,1.3978160578578143,0.007200179612186196,0.7770296756788093,0.5172582650077234,-0.1998477830906994,-0.43473545990807316,-0.10788927006458722,-0.9988220112244481,-0.00705812277775931,1.177498108075721,-0.31078606959497834,0.532158663084854,0.9607493946985832,-0.8493694731659148,0.3155915845381074,-0.0047130993597558615,0.42302628348249016
-0.31,0.46,1.22,0.010988013708681577,-0.08346785465837686,0.25334994693232604,1.0525654021862472,-0.3823273727223213,1.4526956882636965,2.45733751282309,1.3859304806205603,0.0022883321963495075,0.8510885601005406,0.053596718746947505,0.31138424989627694,-0.05841567511138629,-0.9548281537583949,0.4557778112125177,-0.18175823632633545,1.7223604092597549,-0.3209880137086816,0.5434678546583769,0.9666500530676739,-0.8285710679284858,0.3213640608292526,-0.0023324211194548634,0.458464486749958
-0.31,0.46,1.22,0.03764501774582013,-0.09317364003289713,0.24910130324980329,1.066306937545051,-0.3582258632540997,1.428780318600755,2.3938518388890286,1.388815048324042,-0.0020195714218449704,0.9149108739438181,0.4692676425748383,0.5199600901753842,-0.7195557344599424,-1.2993577253105546,-0.23869601582706884,0.0005042930903508243,0.8655076572871979,-0.34764501774582013,0.5531736400328972,0.9708986967501967,-0.8066111649540296,0.3444422420332444,0.024684636098924705,0.47971724923675496
-0.31,0.46,1.22,0.05848003182417483,-0.09643130638303449,0.24820936486589262,1.082757440307642,-0.34877734101258273,1.411767507198228,2.3606978630157704,1.4006127100926045,0.002537292536414112,0.9628723108925853,0.2725681201497903,-0.11637350643144204,-0.04046185485366739,-0.07356172080890412,0.5186384079312607,0.17444073263304696,0.9261427654974095,-0.3684800318241748,0.5564313063830345,0.9717906351341074,-0.7960293845099721,0.3524668575893773,0.040804249434688904,0.4903461497002054
-0.31,0.46,1.22,0.061367663844013653,-0.09155274280514797,0.25574852726491804,1.1053511086838723,-0.3657122921015547,1.3866578371457092,2.3681817746835003,1.3893339455538931,0.006452567422487482,1.0059208721834092,0.5917349317578277,-0.4395784202384813,-0.8206134952267966,0.19946710842649681,-0.9050556566173317,-0.008727202515398203,0.8420854921347766,-0.37136766384401365,0.551552742805148,0.9642514727350819,-0.7939244705383243,0.3435962579505949,0.026918712093669604,0.5009001193272046
-0.31,0.46,1.22,0.058834698305786026,-0.08441809186108123,0.2704286068576184,1.1384853586568398,-0.3896093898113361,1.3404660486188276,2.386080976026061,1.3457065254796754,0.001490734232087133,1.0301097395551417,0.7024238878750544,-0.4686828106581506,-0.9054308794065535,0.422569753238124,-0.8351317972609221,-0.18297365537288252,0.2696417319891644,-0.368834698305786,0.5444180918610813,0.9495713931423816,-0.7940446499751295,0.33432304699516147,0.002274603436232675,0.5076573847320188
-0.31,0.46,1.22,0.05346927191509676,-0.07142434679293491,0.28482252334686753,1.1629749333821966,-0.41366515978793517,1.3019960054474438,2.4117272263129403,1.326455604281302,-0.012132167512764146,1.0541284651722072,0.32398887201228826,-0.44171405044208045,-0.6419977475398569,0.4932436771815607,-0.0982157242864899,-0.35523137103805263,0.5668556424692366,-0.36346927191509676,0.5314243467929349,0.9351774766531324,-0.7980451363502084,0.3257587507098586,-0.024408930430032477,0.5063688386926981
-0.31,0.46,1.22,0.055359656855389516,-0.05497421017235676,0.2959720929868741,1.1670386109943112,-0.42185333403452385,1.275047004557854,2.409947151153463,1.3520302777729336,-0.03439727240016638,1.076682960204847,-0.13813452775634735,0.02042190457096562,-0.43324804945594036,-0.3723926116432924,0.855616336144492,-0.5280261033324497,0.3617308038628493,-0.3653596568553895,0.5149742101723568,0.9240279070131259,-0.8018855393688555,0.337123538230801,-0.034836075507924585,0.49205055590363056
-0.31,0.46,1.22,0.05042859386708454,-0.04215586525149523,0.30094150422106847,1.164659948258309,-0.4358584260389302,1.2710526455241697,2.422814290268283,1.3790877564787642,-0.05639595101230553,1.0947597066224548,0.07313935446560958,-0.4788203024778235,0.1991257821743774,0.7725609375094661,0.40086735664771106,-0.3906599654965918,0.2261795466138909,-0.36042859386708453,0.5021558652514952,0.9190584957789315,-0.8050251461455398,0.3419670374005993,-0.04968769782596297,0.4822076234253927
-0.31,0.46,1.22,0.04781019884376031,-0.04020185376438107,0.3042726390601169,1.1792859110022555,-0.4447222770284415,1.262355220368299,2.434610639576636,1.3625142901684866,-0.07114126348868523,1.0843277218014409,0.49310960191061887,0.06799021640213704,-0.4441478042929808,-0.07752289692308359,-0.931037883280553,-0.20650918934931223,-0.6081688009737733,-0.3578101988437603,0.5002018537643811,0.915727360939883,-0.8080519747835547,0.3375946522419175,-0.06049159476664258,0.4789808177668961
-0.31,0.46,1.22,0.051411711324349185,-0.050588077207188,0.3037275813385024,1.2047940027193467,-0.4434596218332718,1.2592750574871228,2.4454886887803777,1.3182659037600821,-0.07666154558356843,1.0601423199354325,0.5167369258675897,0.01062162330727275,0.2552212641135191,0.4205164201189764,-0.7823383381825335,-0.022352389442766053,-0.5008549465193446,-0.3614117113243492,0.510588077207188,0.9162724186614976,-0.8082831966967472,0.3279810448328072,-0.061120959898302546,0.48515042659898583
-0.31,0.46,1.22,0.04911923713238214,-0.06018513446412149,0.2955427257933615,1.2191841382290387,-0.4513927158115999,1.2908570945074964,2.477272072334617,1.3173746515967337,-0.08227004283238648,1.0569530625614831,0.07399227501736737,-0.22341462734855755,0.8922332799377122,0.6766298750118994,0.6799543018071713,-0.19501818876668336,0.3356896289958433,-0.35911923713238214,0.5201851344641215,0.9244572742066385,-0.8101931543296431,0.3051260472619152,-0.06917333307123048,0.4956815489318914
-0.31,0.46,1.22,0.055921099887280834,-0.07134149630579029,0.28274240569733944,1.2216314650241882,-0.44736557133703514,1.3389383603663347,2.481276849663368,1.348002010957903,-0.08726403398222399,1.0603373493495034,-0.037091057219595956,0.3410621125636983,0.9261337709424313,-0.4125495498722617,0.5437209205326731,-0.012709152910816396,-0.0964828223469303,-0.36592109988728083,0.5313414963057903,0.9372575943026605,-0.8100167947529322,0.29443323423955486,-0.06254185027466388,0.5032597537630473
-0.31,0.46,1.22,0.06626420339941858,-0.07816189755017461,0.2724893225833237,1.2101067891745525,-0.4337307522041265,1.3801059432821947,2.4689206022645025,1.391890572649089,-0.08504603864295265,1.0533571287829513,-0.38269852944167854,0.24828319468685076,0.7546651329319572,-0.18283096971848042,1.0156987769396777,0.1231913290944643,-0.18858593070986754,-0.3762642033994186,0.5381618975501746,0.9475106774166763,-0.8126288731995882,0.2963245788019592,-0.04391186433931104,0.4998977961648311
-0.31,0.46,1.22,0.06656230498431959,-0.07194171000419353,0.27278794695078323,1.1943539314867344,-0.4288906373420962,1.3962894250236428,2.4748151219511945,1.4309538956036278,-0.07434442807012766,1.022338880574388,-0.2536080205099619,0.02408970423707731,0.06478888415572573,0.25693094910440506,0.5289245301717362,0.2970555570748931,-1.0183614227719402,-0.3765623049843196,0.5319417100041935,0.9472120530492167,-0.8260610085843532,0.2948238848287141,-0.0345516811993587,0.4790702123461699
-0.31,0.46,1.22,0.06415669330316198,-0.07820204967564087,0.26785658022025083,1.1852149584287295,-0.4241078866716116,1.4145473057404236,2.476534326253157,1.422699507145625,-0.05512481874379722,0.9933191880822916,-0.12453231526721499,0.11754575009823928,0.5134265995393027,-0.05589150660509732,-0.7239245280635123,0.46544733227589835,-0.1946592423565606,-0.374156693303162,0.5382020496756409,0.9521434197797491,-0.8296840602567337,0.2874216625954701,-0.026288746965177738,0.4778305660061497
-0.31,0.46,1.22,0.0754057179815828,-0.09932479934050614,0.2524658999996018,1.1869314677853666,-0.40704825041824794,1.4452614594629334,2.453676884285059,1.40376712216514,-0.027525421293678833,0.9761346462063499,0.12025759128206455,0.4371905709242735,0.6265549899898776,-0.6074114431854407,-0.19403559667671985,0.6326216622680743,-0.40833595932425826,-0.3854057179815828,0.5593247993405062,0.9675341000003982,-0.8227420575081593,0.27758140026145117,-0.0021964165347456432,0.49602343572712215
-0.31,0.46,1.22,0.09347426896285865,-0.11495549078745054,0.2410727466801138,1.1825251496587645,-0.37877302808119184,1.4529898102133039,2.4067726220587713,1.3890536225877055,-0.0006862625110864388,0.9572938905551089,-0.269745145975353,0.6311808174030653,-0.18905244678178143,-1.1153178103289085,-0.3491286564162581,0.46446471177472426,-0.2699060438254719,-0.40347426896285865,0.5749554907874506,0.9789272533198862,-0.8152374858368224,0.2834924830631105,0.034058432903929334,0.5038450921476734
-0.31,0.46,1.22,0.09133057883055384,-0.12178133338823599,0.24082852130530608,1.1747652629075438,-0.3631484767099767,1.4202402197793802,2.3806312481395397,1.3348347745964328,0.017739590978829236,0.9631973549901883,0.006108984899005701,0.0432946724563677,-0.9809307657604821,-0.08644367230823756,-1.760026389070079,0.2853716558381859,0.4052926276117646,-0.40133057883055384,0.581781333388236,0.9791714786946939,-0.800067119200486,0.29898467160735814,0.043029617511508855,0.5183138266869686
-0.31,0.46,1.22,0.08949346546140663,-0.12809574757340741,0.240074318427272,1.1800703827170789,-0.3502406780932172,1.3900842763257681,2.3666378664926713,1.2848534671072702,0.03634869310992045,1.004783226021347,0.16897174555021316,0.3526660320427204,-0.24648748260413592,-0.267101229774598,-0.29672721121643714,0.4526144740647884,1.2002519232327045,-0.3994934654614066,0.5880957475734074,0.979925681572728,-0.7792617806618012,0.30547331432005,0.040732198368711,0.5456904062324854
-0.31,0.46,1.22,0.09870628708851753,-0.1271158301357484,0.24516127419916767,1.1980958439901332,-0.33883121752254897,1.3538057474425944,2.3621728439329126,1.2604588304586763,0.06342658602777755,1.0426175218502163,0.4777320122591584,0.1635376765811294,-1.049966322996666,-0.0045340855399246035,-0.6691014762753059,0.6232543086148308,0.34778183150394093,-0.40870628708851753,0.5871158301357484,0.9748387258008323,-0.7702957700565869,0.30115338718659923,0.04400846284009233,0.5603698057688516
-0.31,0.46,1.22,0.11318803729530902,-0.12668026825373963,0.24858486251824263,1.2098388316455186,-0.3171442346238044,1.3174590714886483,2.3344153564186234,1.2433554643855498,0.08958567802895054,1.0814311217397945,0.016027807221431434,0.6014724005557596,-0.5370509873200173,-0.9283361695426479,-0.11105476925217549,0.43151841342247205,1.1709985721248104,-0.423188037295309,0.5866802682537396,0.9714151374817573,-0.7582137981787063,0.3086415148737581,0.057489027737122805,0.5714431408615317
-0.31,0.46,1.22,0.11838958227678564,-0.1253393247232349,0.2539674671826423,1.218260955018946,-0.3003522456675074,1.2688128404469075,2.311061320886767,1.2008666563940813,0.10632232904465051,1.1177539380251296,0.3032248484076481,0.1920715289700614,-1.2327366311978731,-0.24010906871225457,-1.5170424867317178,0.24659732464618483,0.31676464386771147,-0.42838958227678564,0.5853393247232349,0.9660325328173577,-0.741008551192528,0.3239790451084187,0.05937955384545955,0.5851649117772716
-0.31,0.46,1.22,0.11969327902464438,-0.1122011338133248,0.27278951506590376,1.2267992745354106,-0.2879990356996276,1.1975823478547643,2.30229847687215,1.161963906130718,0.11379844844289791,1.1360581184485605,0.06578667899151727,0.29213359664488525,-1.4405599905983348,-0.14427151413496017,-0.09212586405525458,0.059506323356860846,0.4691562710631563,-0.4296932790246444,0.5722011338133248,0.9472104849340962,-0.7374928580097606,0.34052707332583937,0.05133310923217854,0.5809565462349926
-0.31,0.46,1.22,0.12983862012445585,-0.0939292931987123,0.28836911064283555,1.2247490993596137,-0.2682321368122261,1.1446231663105757,2.2895600287943734,1.177433447785242,0.12117412247552832,1.1680470838481054,-0.13776693522181513,0.41958797058131986,-0.7054422998510517,-0.24601012323463078,0.5598669864664774,0.22882346184432417,0.6599282169219557,-0.43983862012445585,0.5539292931987123,0.9316308893571644,-0.7383041095649194,0.36064532498376617,0.05495570177374377,0.567293453346203
-0.31,0.46,1.22,0.13285350291238723,-0.07974147632614975,0.2978336390853228,1.214294541883257,-0.25434945993871944,1.1073993598001461,2.2837229782638957,1.1900960909313822,0.12775241075733432,1.2013071306707455,-0.23948923319290205,0.21979084026851525,-0.7383348263548438,-0.08140969662704195,0.07609401925160195,0.041465561933864914,0.6254091982307548,-0.44285350291238723,0.5397414763261498,0.9221663609146772,-0.7351568611152333,0.37644235025042233,0.053775901647001564,0.5611984487640607
-0.31,0.46,1.22,0.14137576232406068,-0.07196853811470588,0.29661587417816904,1.1932688976771768,-0.22913741497609916,1.0885788816938509,2.252693412707392,1.2300282488956684,0.13418689134770997,1.2536083380626155,-0.5725108326707165,0.7087631697906587,-0.10475703782614797,-0.9571073942856658,1.3498729463836852,0.20939805862662364,1.3760330943763346,-0.4513757623240607,0.5319685381147059,0.9233841258218309,-0.7208332018555169,0.4042783853923403,0.06359060630287815,0.5593878055493507
-0.31,0.46,1.22,0.15678853621264727,-0.055174256834197466,0.29595705568308306,1.1638129966057564,-0.20475932648865833,1.0685095613325164,2.230581494323752,1.318753972795147,0.13984123793087466,1.3001886948054764,-0.5879987939578676,0.3611579791317915,-0.48936103223783994,-0.11882017903761977,1.8812520059880566,0.023863329648494754,0.5216727633334338,-0.46678853621264726,0.5151742568341975,0.9240429443169169,-0.7172863648947991,0.4331514457563045,0.08346568695005455,0.5393640467042496
-0.31,0.46,1.22,0.16308681895553628,-0.03129205573321148,0.304654489985119,1.1466160727729557,-0.2031833413862727,1.0512962351475867,2.2570768663532794,1.3884601849854257,0.14551456076669644,1.3115962160133572,-0.12066200349356108,-0.2724769391176918,-0.1331321451413822,1.1294120524261995,1.0716648662302681,0.1959396550176965,0.034129086186137886,-0.4730868189555363,0.4912920557332115,0.915345510014881,-0.7353001026969593,0.43421772618828214,0.0897828106866889,0.5125697729508808
-0.31,0.46,1.22,0.15612530826227666,-0.007609199021283708,0.31408524532729454,1.133276754438267,-0.21817639180053064,1.0486018458938933,2.3087750548059014,1.4438797402558654,0.15042287320571784,1.334805971032352,-0.33247299899819477,-0.276108196764328,-0.019600605567076934,0.9116314858621664,1.1096386002446146,0.009047591010940154,0.8604979107590284,-0.46612530826227666,0.46760919902128373,0.9059147546727054,-0.754926093321654,0.41746141857481966,0.07811627259405336,0.4997103216660788
-0.31,0.46,1.22,0.15325858501170497,0.0062934559440218085,0.3081739146069945,1.1056003400435284,-0.21706242446819282,1.0647891784444679,2.3249767894591273,1.5257220830247982,0.1552268192995229,1.395952484326372,-0.7144203170744073,0.28786774451750646,0.5253194206320996,-0.20191285970494455,1.86538491605915,0.17646893349163897,1.3774326504919265,-0.46325858501170497,0.4537065440559782,0.9118260853930055,-0.753720258762429,0.41955503303260355,0.07720456398728558,0.4999187944933067
-0.31,0.46,1.22,0.14537633667583422,0.019495500299115176,0.2988173841971363,1.0669690861285508,-0.2158464273905394,1.0812389371400197,2.3398098789070274,1.6073810263391035,0.15928241024965473,1.4745652577203636,-0.7557308345592355,-0.11540001372719326,0.1965686267589719,0.5518673949734996,1.4370666735579336,-0.0058814856500850965,1.5918853999832165,-0.4553763366758342,0.44050449970088484,0.9211826158028636,-0.7439632062302449,0.428876241486161,0.07211638017611216,0.5073294245109511
-0.31,0.46,1.22,0.14418893868472704,0.029067991836701557,0.2855932030412047,1.034482223507429,-0.20770795669865905,1.107413577528231,2.3429470094801728,1.6987005684454402,0.16329948539524658,1.531859126830478,-0.5778309221690237,0.3764766187387362,0.733025326841068,-0.19668135364620914,1.9148086152543387,0.1606166003721687,0.7349659587514876,-0.45418893868472704,0.43093200816329846,0.9344067969587952,-0.7375056268551363,0.43803777622529955,0.07895032456462597,0.5079125940629424
-0.31,0.46,1.22,0.1427704103233407,0.03620986008899979,0.277834411386662,1.0177674721438135,-0.20390935649073808,1.1302663977712486,2.3618806832469583,1.756276317469662,0.16656645062908354,1.5541616781666807,-0.11916104205765693,-0.12607566153759625,0.28626673091474475,0.7502606871289192,0.4500607721953568,-0.02082056230664921,0.304043694188972,-0.4527704103233407,0.42379013991100023,0.942165588613338,-0.7407505245544183,0.4355441165935867,0.08486276018404448,0.5043692048559388
-0.31,0.46,1.22,0.1352149519645947,0.047357972921836744,0.2756020764197191,1.0039059691343515,-0.20832779698075785,1.1522482715317757,2.3948594313022937,1.8064244141314143,0.16095180739367754,1.5741753150144384,-0.37776583539740904,-0.06192392179975581,0.5656508206396239,0.5820592835984052,1.2896468458466215,-0.19653954068578994,0.0706308544011235,-0.4452149519645947,0.4126420270781633,0.9443979235802809,-0.749472778735466,0.4272805915023584,0.07672758694447879,0.49983470013756703
-0.31,0.46,1.22,0.13623133307880458,0.05065879123897399,0.27256043235070615,0.9947323072555179,-0.19959131269026084,1.1642192573429027,2.402664894750043,1.8332411053582784,0.15585295455085438,1.5560672105465545,-0.05845105681798266,0.30724099498860286,0.005586674098532694,-0.06123169131512586,-0.08362795031806174,-0.015098585557118474,-0.7609095393345231,-0.4462313330788046,0.40934120876102603,0.9474395676492938,-0.7569877507486424,0.42782393319952733,0.08428293042007803,0.4866545130151389
-0.31,0.46,1.22,0.13584197065415238,0.05138778023673374,0.26957876810821546,0.9830147634126938,-0.19053223177981274,1.17739043737175,2.411396473527359,1.8531800835340686,0.1595944456919979,1.5379529543415558,-0.34187593427049756,0.11575928157827675,0.4045479604122479,0.2980856650751591,0.6913947394370358,0.1573965632885717,-0.09926255335176418,-0.4458419706541524,0.4086122197632663,0.9504212318917845,-0.7616964180564033,0.42695177206548385,0.09349044694896567,0.4783202769896657
-0.31,0.46,1.22,0.1344702137799349,0.048375757049689494,0.2662060924615285,0.9650755465437874,-0.17745090702634173,1.1806478146585675,2.4050459249647425,1.8535630138064514,0.1710831857244213,1.5159805900099825,-0.39735869141655755,0.3205987824168035,-0.19270308013279444,-0.35265761631115106,-0.4692633314561755,0.3018290671600027,-0.6654657437231644,-0.4444702137799349,0.4116242429503105,0.9537939075384715,-0.7588539904337297,0.4323912660994924,0.10566441439469484,0.47540871440720245
-0.31,0.46,1.22,0.13428350289602298,0.04532768499912149,0.2648788791352368,0.9412157726851862,-0.16092403989240153,1.1603066295937228,2.3831300344361224,1.839739377187082,0.18126958024481157,1.5046948786859027,-0.5097765717204703,0.324607713591925,-0.564269979549846,-0.4526181258951061,-0.16913647760138123,0.11333921893403118,0.17598521705737316,-0.444283502896023,0.41467231500087853,0.9551211208647632,-0.7471077875659364,0.4512502738962134,0.11674746504734265,0.4738915207850247
-0.31,0.46,1.22,0.1341589656217092,0.04852342412873628,0.2612913210976546,0.904803373269219,-0.14439299654146526,1.1253314312994218,2.3489719362710235,1.8468682377853438,0.1821483044452927,1.5299073459849635,-0.887456306134127,0.30822399912387016,-0.802705724208198,-0.7816066593105803,0.2860352750327194,-0.06764664306380416,0.6616447742268047,-0.4441589656217092,0.41147657587126374,0.9587086789023453,-0.7256465374455338,0.485794096154301,0.1219073109350986,0.4717836436074345
-0.31,0.46,1.22,0.12396559793123901,0.058519059275797536,0.2676804028175863,0.8692804719285429,-0.1446785651903913,1.085948662597682,2.341536348049292,1.8313674411163465,0.174303793124701,1.5491453824362973,-0.5538037169483133,-0.23699761360045232,-0.7217171442041722,0.37938813424427476,-0.6342100741446766,-0.23950445060904707,0.18636030053478833,-0.433965597931239,0.4014809407242025,0.9523195971824137,-0.7109835675277307,0.5140919102634134,0.10481744145007124,0.4682148849354497
-0.31,0.46,1.22,0.11822406613086522,0.07783622146264907,0.28298376586320817,0.8529894850394734,-0.14929874668832588,1.0481303575382364,2.3734781439168735,1.818680688657624,0.16710591168618213,1.5368173865974062,-0.11460737712726399,0.021481014296539664,-0.666234201320225,0.7913881633583052,-0.0934436811887523,-0.05628179954949735,-0.6451843270809692,-0.4282240661308652,0.38216377853735095,0.9370162341367918,-0.7208861297726148,0.520772217264989,0.08622474581189854,0.449093285227069
-0.31,0.46,1.22,0.12272229715527183,0.08494941399554606,0.29379722197243574,0.8460272248391318,-0.13339271698467575,1.00873028433437,2.3833817533269452,1.7843794061829172,0.16585854824896917,1.4992374501878043,-0.18508707274467184,0.5654319911442867,-0.891222240890884,-0.3462898158346759,-1.0623628630673243,-0.03862305607629249,-0.8074149364201717,-0.43272229715527183,0.37505058600445396,0.9262027780275642,-0.7265109989764609,0.5287885260273519,0.08814702139646116,0.42987738452607305
-0.31,0.46,1.22,0.13212290566148327,0.07125583246799078,0.297488685981007,0.848037123095168,-0.09403614173809087,0.9805006390342823,2.3673773270126857,1.7189287289011788,0.16832316344490755,1.437379786363013,0.22961958288564854,0.9041980051563615,-0.3020167422041907,-0.21584514231931504,-1.4098885019630343,0.1303485380791319,-1.6275486396491485,-0.44212290566148327,0.38874416753200924,0.922511314018993,-0.7199624313430166,0.5404323019550618,0.10743351722098815,0.42195386458205686
-0.31,0.46,1.22,0.13681517559036022,0.05997853922239177,0.3031123620798377,0.8633247874640113,-0.06519171115603149,0.977322547376088,2.3884576965589317,1.6601237121615744,0.1741275935378795,1.3748896345872834,0.37253940689502135,0.2749938714811686,0.13125813070471998,1.0084349575916185,-0.905109522752473,0.1323191959207399,-0.9431666051529193,-0.4468151755903602,0.40002146077760825,0.9168876379201623,-0.7283367150751813,0.5289110563580219,0.11992031950715917,0.41880525415165987
-0.31,0.46,1.22,0.13263744938045946,0.05374399333037233,0.3033054159696501,0.8702685360271211,-0.05515723043257258,1.003578234115206,2.415187402831604,1.6479305624775387,0.17811504515555965,1.3497793036588104,-0.07386814714569635,0.09529168166031017,0.8700659937170436,0.2545836475924246,0.24602541456019486,-0.0038837643688683643,-0.0967179619247116,-0.44263744938045946,0.4062560066696277,0.9166945840303499,-0.7376032433048428,0.5111125911608587,0.12219096435830262,0.4239985175117925
-0.31,0.46,1.22,0.1328100599893533,0.054195652870532796,0.2976412768949107,0.8575219245947135,-0.052359307086660166,1.0217345412649537,2.4158807511107363,1.6836167200299583,0.17340288321498826,1.3253544591470534,-0.4153027132432533,-0.0034425019779618293,-0.10860600873458251,-0.17410269852337557,0.8568486508845659,-0.177322262562958,-0.7472659485420461,-0.4428100599893533,0.4058043471294672,0.9223587231050893,-0.7426912738932582,0.5108497772975898,0.13486034578764156,0.4114059599128945
-0.31,0.46,1.22,0.13792966578125038,0.0594257866628366,0.300024195341161,0.8482166623440113,-0.049662343984446695,1.012590085146737,2.4150949204306835,1.6909384617150645,0.16930832562013282,1.2713371334524513,0.003533059976303394,0.11119270367850087,-0.2168990324139364,0.07439979527460128,-0.36896300990463055,0.004025029465210195,-1.2487715512998137,-0.4479296657812504,0.4005742133371634,0.919975804658839,-0.7520721212079241,0.5144192597729308,0.14986465693521725,0.38379803839802695
-0.31,0.46,1.22,0.1449724669795016,0.054844867410801024,0.29951318167003627,0.8475389608722794,-0.03675228100187364,1.0172734277015623,2.412525690355964,1.6843437015505554,0.17389443836911572,1.1902483349839992,-0.04779728455175259,0.3134524718680454,0.3278944449254226,-0.07737603714272302,-0.016499786403763195,0.17309976519292694,-1.8933860208311175,-0.4549724669795016,0.405155132589199,0.9204868183299637,-0.7625630872661157,0.5080465446882512,0.17533581359568975,0.3600605488528798
-0.31,0.46,1.22,0.153385452029689,0.04123209662869842,0.2870563179702187,0.8333487010132494,-0.010723961467029948,1.0289776719481245,2.3809239822917583,1.6918409080260082,0.1776107858079628,1.117848062640379,-0.4857080840072804,0.5840268503021875,0.0734078198985379,-1.0114472993860313,0.18255045330335887,-0.013829463256473348,-1.0378771796464923,-0.463385452029689,0.4187679033713016,0.9329436820297813,-0.7587725648079348,0.510998221369468,0.21479760466944328,0.34206286217638143
-0.31,0.46,1.22,0.14529012016025922,0.027380088148394377,0.2801569375184769,0.8155676488453011,0.0033269806077120385,1.0399304433881,2.3609354343940634,1.6662603054548655,0.173103825696819,1.0879700107471386,-0.21805262982478868,0.0763247174618398,0.26198344339514174,0.04310315212096759,-0.9869096922486922,-0.11873128750646118,-0.20142532423411597,-0.4552901201602592,0.43261991185160564,0.939843062481523,-0.7464088943170565,0.5211945959974885,0.22419649779405842,0.34780150368318274
-0.31,0.46,1.22,0.14049250174626005,0.024279032012414214,0.2849463682304132,0.8149601074587207,0.010134919244700058,1.0366524222312092,2.3713602300428387,1.63417135414413,0.17187619113624644,1.0564179533656295,0.12987610586682938,0.16881952016602947,-0.20525429440324258,0.2876866423572379,-0.5036924815474922,0.05905342962191115,-1.027502804585417,-0.45049250174626004,0.4357209679875858,0.9350536317695868,-0.748984590177118,0.5195814647020103,0.22116966911044414,0.3466138524076974
-0.31,0.46,1.22,0.14673070406532157,0.016419303767037263,0.2760958247857421,0.8095749283064939,0.03165502060303277,1.043167866209907,2.3575126135183595,1.6406349056028717,0.17916484560538176,1.027145950601215,-0.3242033320021827,0.5782576278494436,0.3119590470675909,-0.7304232305161754,0.5223648180618161,0.22630609840700244,-0.17837872339135502,-0.45673070406532157,0.44358069623296276,0.9439041752142578,-0.7458094089914781,0.5175636236870685,0.24393409830603377,0.3411632696808307
-0.31,0.46,1.22,0.14993416795957226,0.015372087906122045,0.2693416688052357,0.7935633625756395,0.04460032315460697,1.0420049794997426,2.352150436290866,1.6560229141255045,0.18569567208068902,0.9982529298965759,-0.3297459447418106,-0.036869591019504676,-0.1666742303994631,0.47128350151910064,0.14783367041016082,0.042148437877946344,-0.8730229647556232,-0.45993416795957226,0.444627912093878,0.9506583311947643,-0.7429710776618225,0.518543376831149,0.26376108603507553,0.33096349284502186
-0.31,0.46,1.22,0.15173223107911632,0.018168874889143483,0.2653300386247589,0.7717348476648739,0.05622429855364616,1.037740287056996,2.3474128444152313,1.6727491412831708,0.19181521906002555,0.9579001490123383,-0.5097703452650708,0.4035218938871915,-0.093443700934905,-0.5406713916893984,0.3551700774754246,0.16846231221886301,-0.7791145568549279,-0.4617322310791163,0.44183112511085654,0.9546699613752411,-0.74283037693487,0.5190430126608602,0.2833087346455172,0.3139005303982347
-0.31,0.46,1.22,0.1504709063102444,0.006933962720815867,0.2497932882879893,0.7375481321777174,0.07994804163459707,1.0208234720137073,2.2955825007700033,1.6703693324956925,0.19534279637148,0.9350200454629835,-0.7872774975875856,0.45652082430721697,-0.6012314282680926,-1.3154123269643219,-0.31433739788491666,-0.016832488598609294,-0.30627425277740067,-0.4604709063102444,0.45306603727918415,0.9702067117120107,-0.7167101151797884,0.5393439473668884,0.3119617664929914,0.3132324591804785
-0.31,0.46,1.22,0.15627281699764345,0.00822810173294608,0.24339234112186947,0.7096947608719756,0.0898667431405968,0.9827309127547877,2.2615828806262117,1.6786804165827887,0.19903106853691582,0.8982529364987119,-0.35293653818564025,0.06124557421560169,-0.7263379950960189,-0.13316605887999014,0.3716751042411063,0.15658740523441525,-1.1311743810755077,-0.46627281699764345,0.45177189826705394,0.9766076588781305,-0.7004370474465238,0.5554304014741162,0.3392059766840279,0.29295787592166433
-0.31,0.46,1.22,0.16052524016115283,0.021538186282811733,0.2578011740031474,0.7038414980753446,0.07993528623941583,0.9522448254193546,2.2828926640923948,1.6615857195132309,0.20214177037560435,0.8595362097565241,0.07608728675366078,-0.30277059027482367,-0.49981473626936085,0.7449712191106739,-0.8592268542603123,-0.013094309699476194,-0.5489155027046162,-0.4705252401611528,0.4384618137171883,0.9621988259968526,-0.7114129508564407,0.5543953868781045,0.33841368381344994,0.26835339940052705
-0.31,0.46,1.22,0.16150225325273976,0.023818825387767806,0.2657349506862472,0.707930906027026,0.07886230833810749,0.9468922264162181,2.2930220087113176,1.6374892149233597,0.2058177009245967,0.8127827538392437,0.08142542546284444,0.22666265886450973,0.2529557294855801,-0.18688931777552853,-0.3068705745674884,0.15361134495274495,-1.2297936000189833,-0.47150225325273976,0.4361811746122322,0.9542650493137528,-0.721347591033813,0.5465389874782709,0.3398475167813473,0.2558445883998591
-0.31,0.46,1.22,0.1504584011307074,0.01711393240068093,0.2662731573103919,0.7017111435294499,0.07780370985767454,0.9660120039962213,2.2945856101108317,1.6128122607528395,0.20868261111936837,0.7734109571610112,-0.2750022183953044,-0.14739784890248536,0.40069030178383036,0.11141749329266845,-0.4913467643934168,-0.02913820255097105,-0.37936237243969806,-0.4604584011307074,0.4428860675993191,0.9537268426896081,-0.7247095334675067,0.5401018995229985,0.34018054946581816,0.25954426211745085
-0.31,0.46,1.22,0.14030693746325712,0.015998175115784885,0.2692729524989269,0.6852109921257374,0.07131570555800508,0.960225354477268,2.2825578324529383,1.592005171863805,0.20268776459912094,0.742593334249063,-0.3915420617985854,-0.15164182756050493,-0.5904630451147268,-0.47493979331771047,-0.4602778582140181,-0.2032326635244255,-0.7368543293362043,-0.4503069374632571,0.44400182488421513,0.9507270475010731,-0.7200848023585434,0.5485502415518734,0.3390977661988323,0.2560921999292459
-0.31,0.46,1.22,0.12422030225786668,0.007899995875557342,0.2705752321751689,0.6649774768673307,0.07063114418112747,0.9496008071104994,2.251826774640941,1.5457638453557259,0.19726885463894678,0.7276997038958115,-0.36728469228572114,0.08376120857541415,0.10319098580632463,-0.5968091436635231,-1.0657372560997915,-0.021201921841062264,0.0976982836999058,-0.4342203022578667,0.4521000041244427,0.9494247678248311,-0.7028314738746957,0.5686719336869733,0.3344206918350681,0.26608824107877505
-0.31,0.46,1.22,0.11195338965952922,-0.007759318268770077,0.25729936746848603,0.6420031340612443,0.08750519912927333,0.9402721196159596,2.197631989582239,1.5247708646959306,0.20063773075517444,0.7317760471037932,-0.5234755704807595,0.4796513384495415,-0.42149351113972333,-1.3198094473036828,0.01362242615410015,0.14937946101979524,0.17553483754778315,-0.4219533896595292,0.4677593182687701,0.962700632531514,-0.6725771279574259,0.5890035913040644,0.34508950418438017,0.28570616108378544
-0.31,0.46,1.22,0.12025761499371485,-0.009165900193643772,0.2503900952929238,0.6273096917138749,0.09941013757676485,0.9007050379497746,2.1626786104259064,1.5295920768244378,0.2033424507176012,0.7189850484182126,-0.08126007303217257,0.13347276935267452,-0.9461852630031655,-0.18143312043283044,0.05901215224012239,-0.03172071791645754,-0.6529962908403703,-0.43025761499371484,0.4691659001936438,0.9696099047070762,-0.6528673247617203,0.602935177765607,0.3677372989620979,0.27386622030343766
-0.31,0.46,1.22,0.13508344984274828,-0.009726873049086482,0.24606366100386778,0.6251762534217539,0.11446463352816685,0.8703553949429348,2.1435852458571185,1.5273935490660542,0.20614660137052845,0.6649644314995093,-0.03331932903760027,0.357221981801068,-0.3528290743650082,-0.42392084452559836,-0.16391008233448123,0.1375406258741157,-1.4587897587030618,-0.4450834498427483,0.4697268730490865,0.9739363389961322,-0.6478175997845589,0.6006469237998214,0.3972103901706085,0.24855489590771998
-0.31,0.46,1.22,0.1353449749122606,-0.008791634230707057,0.25104930329138697,0.6219708516569754,0.11611390734247688,0.8654918598924376,2.154791367429347,1.5002394607104246,0.21750656863062476,0.5982744270078779,-0.07555146130421582,-0.26788309580698333,0.11937587020923318,0.8196493457616838,-0.6617848322045317,0.30977220713913484,-1.3179637937932398,-0.4453449749122606,0.4687916342307071,0.968950696708613,-0.6572714368645244,0.5885301285299092,0.4079645097676395,0.23492872294519865
-0.31,0.46,1.22,0.11872132813414321,-0.013303150703805111,0.25920824838558176,0.6195453527870591,0.11685594485532497,0.8821034883772552,2.1681163969780717,1.4451256982263248,0.23733203322643287,0.5545250431763061,-0.013350015945404563,0.244940004295265,0.3629974128137131,-0.1574747212304709,-1.2686774972671118,0.4768864926506988,-0.46618796055539674,-0.4287213281341432,0.47330315070380513,0.9607917516144182,-0.6687427348644449,0.5779567932469694,0.3970738039969578,0.2471467051876039
-0.31,0.46,1.22,0.1017109554904817,-0.027896647762659377,0.25749759483798174,0.6253861745964686,0.1310698564410149,0.9040859002361473,2.1678157773073923,1.385687172750644,0.26555319795339455,0.5276600376294542,0.19952206690144642,0.3050589413255697,0.48408202316732507,0.09945463503634337,-1.0899977405039214,0.64512270519595,-0.561655064659862,-0.4117109554904817,0.4878966477626594,0.9625024051620182,-0.6725388486861392,0.5665854855834669,0.38890665202759195,0.27463430328849847
-0.31,0.46,1.22,0.08782078388014697,-0.04266245340029268,0.2447952668598783,0.6237342862748427,0.14452246367347255,0.934583084643208,2.153979949691133,1.3677193964790169,0.2979017156604091,0.5150899434680717,-0.24718623465056364,0.17115613216710956,0.6186931353492368,-0.443991245643775,0.3102192673407534,0.6009955874471521,0.0176557526426605,-0.39782078388014697,0.5026624534002927,0.9752047331401217,-0.6712177326182661,0.5515573178564147,0.3915798236501755,0.30317737753323415
-0.31,0.46,1.22,0.07447078792867462,-0.04474993834943913,0.23961797049434796,0.6063888994073559,0.14079469448252235,0.9401578667843313,2.14100844173094,1.3678565606340478,0.3230685799415223,0.5311096363226321,-0.41118184998910506,-0.19703279029259405,-0.3581112960882649,-0.26024995758105623,-0.14249504723643194,0.41301183040472017,0.5146473999143488,-0.3844707879286746,0.5047499383494392,0.980382029505652,-0.6639621158843,0.5515068361163307,0.3870742926911297,0.32429617685853135
-0.31,0.46,1.22,0.08153372013472449,-0.03456770180834695,0.2434171263169973,0.588544909027275,0.1355511940214655,0.9070949693495498,2.1354837566066394,1.3928121127935307,0.338798292272192,0.5350299066102211,-0.33300811228739285,-0.06620958493279158,-0.7686233331913205,-0.02468486173161494,0.917653736413984,0.2236688865543321,-0.32092921627990695,-0.3915337201347245,0.49456770180834697,0.9765828736830027,-0.6595799212343896,0.5562743746669956,0.395486538361009,0.3148071561583464
-0.31,0.46,1.22,0.0982490707709256,-0.02764815831738976,0.24262140452487402,0.5812672864794124,0.13982470410974923,0.8753759005831584,2.1283471282687567,1.4156055907520229,0.354371845954592,0.5068507466756875,-0.02969217582406186,0.16279388754769425,-0.5296710422837465,-0.18698040174415165,0.12038639861247546,0.39260486368980957,-0.7649504068190021,-0.4082490707709256,0.4876481583173898,0.977378595475126,-0.6596250660592029,0.5503277714391417,0.4194338781404104,0.29344392663218555
