-0.040218339538574455,-0.23983011322021486,0.12880778198242185,1.1963691271972654,1.3716845401000977,0.0,-0.11339287017822297,0.0,-0.034515332625576836,0.0038350369583972717,0.0,-0.06903066525115145,0.0,0.0,0.0046019423636569235,-0.0015339807878858025,-0.00613592315154321,-0.0030679615757712823,3.9898913757007595,3.9898913757007604,2.4988547034657094,2.4988547034657094,6.240241191528995,6.254047018619966,0.0015339807878858025,-0.00613592315154321,-0.13934725086126964,0.23436057305290675,1.02244432694626,-0.031730649863029904,0.6322473013539618,-0.3243101127878327,0.7029078648965635,-0.31498644,0.41614122,0.95572559,-0.23080879,0.36672512,0.87658621,-0.09146153913873037,0.13236454694709326,-0.14585811694625994,0.0,0.0
-0.040218339538574455,-0.24059710357666014,0.1276572964477539,1.1986700982666014,1.3716845401000977,-0.0015266343776789704,-0.11339287017822297,0.0,0.0,0.0,0.003834985530099368,0.0,-0.0,0.0,0.0046019423636569235,-0.0015339807878858025,-0.015339807878856249,-0.0030679615757712823,3.9776195293976744,3.9822214717613322,2.500388684253595,2.4973207226778236,6.24177517231688,6.254047018619966,0.0,-0.00613592315154321,-0.14037457036835965,0.23175093602457864,1.0192022972153003,-0.03620390581171017,0.6318622565970542,-0.327525833537487,0.7015455753246753,-0.31498644,0.41614122,0.95572559,-0.23080879,0.36672512,0.87658621,-0.09043421963164036,0.13497418397542138,-0.14261608721530028,0.0,0.0
-0.040218339538574455,-0.23791263732910156,0.12919127716064452,1.2117089343261718,1.3513592956542968,-0.03527421171116307,-0.126815201416016,0.0,0.026845365018788356,0.015340208582164854,0.11505156436623612,-0.18408250298597825,-0.33573232,-0.13422682509394288,0.03681553890925539,0.027611654181940892,0.012271846303084644,0.024543692606170262,3.942337971276305,3.9500078752157335,2.543340146314393,2.5433401463143928,6.203425652619739,6.209561575771282,-0.03834951969714062,-0.052155346788111956,-0.14102302783488674,0.23165555558629441,1.018525178508174,-0.03735710821395985,0.6324802609714155,-0.32758867110348144,0.7008985864674545,-0.31498644,0.41614122,0.95572559,-0.23080879,0.36672512,0.87658621,-0.08978576216511328,0.1350695644137056,-0.1419389685081739,0.0,0.0
-0.040218339538574455,-0.2267912771606445,0.11998739288330076,1.251208937683105,1.3126262826538087,-0.1089052895296736,-0.18357248779296897,0.0,0.0805395800951998,-0.0728691438956567,0.18792568688879713,-0.16491437829017006,-0.38369408,-0.24928917648514196,0.10737865515199488,0.0997087512125665,0.08590292412159606,0.09817477042468102,3.861036989518366,3.8687068934577944,2.6307770512238746,2.630777051223874,6.117522728498143,6.123658651649686,-0.12732040539450828,-0.13805827090970801,-0.15285015274015645,0.228364439722988,1.0029897436135398,-0.06734408419501405,0.6555863269087141,-0.344880152202994,0.6683779042657795,-0.31498644,0.41614122,0.95572559,-0.23080879,0.36672512,0.87658621,-0.07795863725984356,0.138360680277012,-0.12640353361353973,0.0,0.0
-0.03178144561767593,-0.20301457611083984,0.10234661468505857,1.2907089410400387,1.2827136587524413,-0.18713830971184153,-0.23457734649658235,0.08432961968051302,0.11116177139703892,-0.07666329061864743,0.1686592393610216,-0.10732860686610586,-0.38369408,-0.21465721373221172,0.18407769454627693,0.17333982903107703,0.15953400194010658,0.16873788666742054,3.7720661038209986,3.7828039693361983,2.719747936921242,2.718213956133356,6.056163496982718,6.062299420134261,-0.20401944478879042,-0.21475731030399015,-0.17524153291050654,0.23166506481542462,0.989657822428093,-0.0984387722877717,0.6889897905857812,-0.3551006677843971,0.6241044722785705,-0.31498644,0.41614122,0.95572559,-0.23080879,0.36672512,0.87658621,-0.05556725708949348,0.1350600551845754,-0.11307161242809294,0.0,0.0
0.0008156445312499372,-0.18268933166503903,0.09774467254638672,1.3252235070800777,1.2458981216430662,-0.2469635604393816,-0.280596767883301,0.13806126975399943,0.12655616394116576,-0.030680282167555025,0.16874155192155138,-0.24160722206949786,-0.26378967999999997,-0.23393715152760877,0.26844663787998724,0.2561747915769015,0.23930100291015943,0.2500388684253595,3.689231141275174,3.698435026002488,2.801048918679181,2.7979809571034093,5.982532419164206,5.990202323103635,-0.28532042654672907,-0.2960582920619288,-0.1991197625177768,0.24397470802093912,0.9823582833031154,-0.13192963130132523,0.7130940989346075,-0.3508736923066133,0.5924348322781681,-0.31498644,0.41614122,0.95572559,-0.23080879,0.36672512,0.87658621,-0.031689027482223214,0.12275041197906089,-0.10577207330311533,0.0,0.0
0.04223312377929678,-0.1374369006347656,0.07818641845703123,1.3536021502685545,1.1914418063354493,-0.3006528880153789,-0.3634317263793947,0.1572296300558738,0.07669738051505978,-0.07286251148930693,0.07286251148930499,-0.2032480583649069,-0.26378967999999997,-0.2492664866739444,0.3528155812136975,0.34054373491061174,0.3282718886075271,0.3405437349106123,3.5971922940020353,3.6094641403051213,2.8700780541340345,2.8685440733461487,5.865949879284898,5.873619783224327,-0.37582529303198164,-0.389631120122953,-0.23283966567195785,0.2619333602991644,0.9721483835833121,-0.18760440217974553,0.7352199213883904,-0.3534877328134358,0.5470856223909072,-0.31498644,0.41614122,0.95572559,-0.23080879,0.36672512,0.87658621,0.002030875671957838,0.1047917597008356,-0.0955621735833121,0.0,0.0
0.0529709887695311,-0.11711165618896484,0.06783204864501952,1.3762283657836911,1.1546262692260743,-0.36661406189446133,-0.4067666815185551,0.0076702312367318394,0.1188885841693392,-0.04985650303875515,0.11888858416933906,-0.1687450872080938,-0.3597132,-0.21093135901012114,0.4157087935170088,0.4049709280018092,0.41264083194123735,0.42337869745643697,3.514357331456211,3.528163158547182,2.9268353432858034,2.9253013624979176,5.784648897526959,5.793852782254273,-0.4555922940020354,-0.4709321018808925,-0.2550277445661586,0.26450485324227885,0.9624295572347012,-0.224829198640391,0.7482579424291415,-0.36087840812976063,0.5092432204518361,-0.31498644,0.41614122,0.95572559,-0.23080879,0.36672512,0.87658621,0.024218954566158607,0.10222026675772117,-0.08584334723470122,0.0,0.0
0.07099526214599594,-0.1059902960205078,0.06476408721923826,1.4065244848632812,1.1189612176513672,-0.4402451397129723,-0.45278610290527377,0.11887910672207463,0.0,0.0,0.14955758587615955,-0.18023606503024006,-0.33573232,-0.22241897386710682,0.47093210188089185,0.4601942363656919,0.48320394818397716,0.49394181369917645,3.4391922728498145,3.4499301383650143,2.997398459528543,2.997398459528543,5.712551800496334,5.718687723647877,-0.5322913333963175,-0.5491651220630596,-0.2736682040752837,0.26682897484364726,0.9571733269460342,-0.2543116882353116,0.762783393421565,-0.36473991838861547,0.4695230046345481,-0.31498644,0.41614122,0.95572559,-0.23080879,0.36672512,0.87658621,0.04285941407528368,0.09989614515635276,-0.08058711694603415,0.0,0.0
0.09592244873046862,-0.08796602264404296,0.05824466918945312,1.4406555557250975,1.0932670407104492,-0.521546121470911,-0.5045579519653325,0.08053802721420361,0.13423004535700486,-0.053692018142801806,0.16874634273452208,-0.0997137479794885,-0.45563672,-0.2569546582548383,0.5553010452146021,0.5430291989115164,0.5583690067903735,0.5675728915176872,3.3563573103039896,3.365561195031304,3.0802334220743677,3.0802334220743672,5.65426053055668,5.661930434496108,-0.6181942575179136,-0.632000084608884,-0.2962277858369745,0.2647739279399547,0.9486733023715636,-0.29799865626200917,0.7670445914496733,-0.3699545877990594,0.43124586787616753,-0.31498644,0.41614122,0.95572559,-0.23080879,0.36672512,0.87658621,0.0654189958369745,0.10195119206004533,-0.07208709237156352,0.0,0.0
0.12276711120605466,-0.05575242767333985,0.04213787170410155,1.4698011892700191,1.0694903396606446,-0.607449045592507,-0.5528783444213872,0.15723774806561974,0.1265572118576928,-0.07670134051981391,0.11505201077972058,-0.1303922788836839,-0.38369408,-0.23777415561142282,0.6335340653967698,0.6166602767300278,0.6396699885483121,0.6504078540635119,3.2719883669702794,3.2827262324854796,3.141592653589793,3.1446606151655643,5.602105183768568,5.608241106920111,-0.6994952392758522,-0.7148350471547094,-0.3245055940517962,0.27454663442952887,0.9509631276011101,-0.33384529489198805,0.7797743188731472,-0.35911789592992116,0.3892732556023692,-0.31498644,0.41614122,0.95572559,-0.23080879,0.36672512,0.87658621,0.09369680405179617,0.09217848557047115,-0.07437691760111009,0.0,0.0
0.145776821899414,-0.03082524108886719,0.035234958496093746,1.5043157553100581,1.038810725402832,-0.6872160465625603,-0.6061841741943361,0.09591261710569124,0.14578717800064867,-0.015346018736910398,0.21484426231674444,-0.17264271079024157,-0.38369408,-0.2954108606855225,0.7179030087304801,0.7040971816395087,0.7194369895183659,0.7286408742456796,3.192221366000226,3.2029592315154263,3.219825673771961,3.2198256737719606,5.539211971465257,5.5453478946168,-0.788466124973219,-0.8053399136399619,-0.3516933848702289,0.27901288759440324,0.9509086378933533,-0.3723354838473022,0.7841389221837677,-0.3535801017541774,0.34853055795465065,-0.31498644,0.41614122,0.95572559,-0.23080879,0.36672512,0.87658621,0.12088459487022887,0.08771223240559678,-0.0743224278933533,0.0,0.0
0.16801954223632798,-0.010883491821289067,0.03293398742675781,1.5407477972412105,1.0000777124023437,-0.7700510091083852,-0.6564220425415042,0.13041428173834177,0.07287856920672024,-0.01150714250632425,0.18794999426996067,-0.22630713595771176,-0.45563672,-0.245485706801584,0.8544272988523022,0.840621471761331,0.8482913757007591,0.8574952604280734,3.0664349413936036,3.075638826120918,3.3072625786814425,3.307262578681442,5.460978951283089,5.467114874434632,-0.9249904150950412,-0.9372622613981267,-0.3751840757743564,0.28048080476913284,0.9512993936780124,-0.4140464679052549,0.7810470983770733,-0.3505772077675436,0.30923546679811775,-0.31498644,0.41614122,0.95572559,-0.23080879,0.36672512,0.87658621,0.1443752857743564,0.08624431523086717,-0.07471318367801238,0.0,0.0
0.19179624328613265,0.011359228515624993,0.02526408386230468,1.5779468295288082,0.9613446994018555,-0.8344782021995818,-0.7070434060668949,0.11121952078746626,0.12272498845513558,-0.04602187067067586,0.1955929503503706,-0.18792263857192548,-0.2398088,-0.28380153580250256,0.9510680884890975,0.9372622613981267,0.9387962421860125,0.9495341077012118,2.9759300749083506,2.9882019212114366,3.3916315220151527,3.3916315220151523,5.378143988737264,5.388881854252464,-0.9710098387316108,-0.9832816850346964,-0.39770116060229105,0.2751420163193984,0.9477503094359753,-0.45661193235706377,0.767492251540085,-0.3546310367069981,0.27694406449534004,-0.31498644,0.41614122,0.95572559,-0.23080879,0.36672512,0.87658621,0.16689237060229103,0.09158310368060163,-0.07116409943597524,0.0,0.0
0.21633993469238266,0.04472330902099608,0.01299223815917968,1.6162963473510739,0.9245291622924805,-0.8958374337150077,-0.7423249624633792,0.11888652258896668,0.13422671905205916,-0.0613607858523699,0.2109277013675205,-0.19558750490442858,-0.28777056,-0.16874216109401907,1.038504993398579,1.0262331470954935,1.0246991663076077,1.0354370318228077,2.8915611315746403,2.900765016301955,3.474466484560977,3.474466484560977,5.2968430069793255,5.3060468917066395,-1.0845244170351478,-1.0952622825503484,-0.4234796347450204,0.27570248996293023,0.9505323782842401,-0.4965788194769315,0.7552045982559656,-0.34936916492893316,0.24701554084065744,-0.31498644,0.41614122,0.95572559,-0.23080879,0.36672512,0.87658621,0.19267084474502036,0.09102263003706978,-0.07394616828424005,0.0,0.0
0.239349645385742,0.06389806793212889,0.00723981048583984,1.6561798458862302,0.902669937133789,-0.9479927805031196,-0.7960142874145508,0.09971306590790498,0.06903212255162695,-0.015340471678139286,0.19175589597674444,-0.06136188671255742,-0.28777056,-0.2684582543674351,1.1213399559444037,1.107534128853433,1.092194320974576,1.1044661672776617,2.816396072968244,2.824065976907673,3.5634373702583444,3.5649713510462298,5.244687660191214,5.252357564130643,-1.1320778214596032,-1.1443496677626888,-0.4484350712903957,0.271775497775923,0.9522910163580063,-0.5373459707992759,0.7359124802831406,-0.3464149849141767,0.22290981866263926,-0.31498644,0.41614122,0.95572559,-0.23080879,0.36672512,0.87658621,0.2176262812903957,0.09494962222407699,-0.07570480635800625,0.0,0.0
0.2589078994750975,0.08153884613037109,0.0018708779907226497,1.6872429553222652,0.8746747891235351,-1.0216238583216302,-0.8324463293457032,0.09590266125670141,0.08823044835616618,-0.03452495805241285,0.11124708705777434,-0.1764608967123321,-0.38369408,-0.17646089671232987,1.201106956914457,1.1903690913992575,1.1566215140657734,1.167359379580973,2.7350950912103054,2.741231014361848,3.629398544137427,3.632466505713198,5.187930371039445,5.197134255766759,-1.2455923997631402,-1.2501943421267976,-0.46816515959876426,0.2676794123971908,0.9564281510465666,-0.571973086749464,0.7210472360781,-0.3407794637213816,0.19185157931117114,-0.31498644,0.41614122,0.95572559,-0.23080879,0.36672512,0.87658621,0.23735636959876424,0.09904570760280923,-0.07984194104656661,0.0,0.0
-0.22892364271995747,0.4520632184119757,1.08,-0.15203285785776166,0.3900002890315838,1.0550000000000002,0.1039495335918787,0.051368051044012486,-0.12191687996565048,0.0,0.0,-0.025953765365856772,-0.1163760589586426,0.018338637309927054,1.4144449740595082,1.7896708041596727,-0.00623752706242398,-0.009524790623257395,0.0,0.0,0.0,0.0,0.0,0.0,0.0,0.0,0.0,0.0,0.0,4.0,4.0,2.5,2.5,6.28,6.28,0.0,0.0,-0.25598239144964036,0.3386322379875713,1.1769168799656506,0.04881964736844525,0.6701024669407788,0.7367581674428381,0.07593897903563339
-0.2289236427196919,0.45206321841710007,1.08,-0.15203285777574083,0.39000028903408285,1.0549960863381662,0.10620087485802682,0.05162573371279916,-0.12091059343677979,1.9814294849850694e-11,-4.326918705527712e-05,-0.0262640737670607,-0.1169443310100586,0.006064978339341363,1.4132122632678832,1.7886635302448297,-0.009753838658477305,-0.009527412190268068,-0.011829027707799207,-0.021531335889361677,-0.4673257539125314,-0.04690818157432765,-0.03786868304030356,-0.12150364415688508,-6.310274261245327e-05,0.09778101444244384,0.09778101444244384,0.09929176568984985,0.09929176568984985,3.9142088532447814,3.9142088532447814,2.4037413358688355,2.4037413358688355,6.2910169410705565,6.2910169410705565,0.03053886890411377,0.03053886890411377,-0.25823373263376764,0.3383745553212837,1.175906679774946,0.054953023822128175,0.67078524184682,0.7361020214124011,0.07198012618692108
-0.2289236427198012,0.45206321841499053,1.08,-0.15203285744520686,0.3900002890141732,1.0549911500793354,0.10722328236280707,0.052338809019283616,-0.11907805287028839,1.1574456494082189e-11,-9.523449288847743e-05,-0.02684550318442477,-0.11851376830191593,-0.0026714190514281837,1.4098880987545401,1.785916140693169,-0.019703727660150373,-0.00953079185236466,-0.011725786658032884,-0.040234695866996725,0.06440972035831549,-0.0857245387251419,-0.07008237868454376,-0.26965604669660753,-6.688014501062364e-05,0.193053674697876,0.193053674697876,0.19743344783782957,0.19743344783782957,3.8428369879722593,3.8428369879722593,2.3132469952106476,2.3132469952106476,6.37303138256073,6.37303138256073,0.127933669090271,0.127933669090271,-0.25925613980801393,0.3376614799948896,1.1740692029496238,0.06333881135783621,0.6721391694357335,0.7346582246854683,0.06704047126933717
-0.22892364271986604,0.45206321841373964,1.08,-0.1520328568596247,0.390000288982176,1.0549862231582077,0.10471396442677927,0.05341251653499818,-0.11696815619115597,6.790107196214627e-12,-0.00014709066160257665,-0.027508621559552703,-0.12087843296127163,-0.0006495275243557763,1.40496886661911,1.7815151645113616,-0.03700030191322556,-0.009534082928182835,-0.01466694494954463,-0.05368952651983366,0.017808034118535793,-0.10981963814621817,-0.10417091233468004,-0.41302043542607403,-6.570873913025936e-05,0.29285035133361814,0.29285035133361814,0.2968197107315063,0.2968197107315063,3.9049329161643977,3.9049329161643977,2.4077500879764555,2.4077500879764555,6.300608949661255,6.300608949661255,0.1329888939857483,0.1329888939857483,-0.25674682128640397,0.3365877724471778,1.1719543793493636,0.06991353914260312,0.6737911195786634,0.7328589260166487,0.06352494611734377
-0.22892364271989935,0.4520632184130975,1.08,-0.15203285602157565,0.39000028893789584,1.0549813109519248,0.10257285320726531,0.054695788963025405,-0.11399744572307902,4.335128047304429e-12,-0.00019879189912422855,-0.02829549107035422,-0.12377225982375306,-0.000314233252408584,1.4000934106086307,1.775288651481296,-0.056218059924747,-0.009537369191888917,-0.01667616799186088,-0.06166702528279117,0.001323063508767605,-0.08519639461127054,-0.1428728124766951,-0.35639871070890394,-6.585842490352494e-05,0.3927843451499939,0.3927843451499939,0.39679734706878655,0.39679734706878655,4.004283392429351,4.004283392429351,2.5062969267368316,2.5062969267368316,6.2100661444664,6.2100661444664,0.17555041313171388,0.17555041313171388,-0.25460570922884096,0.33530449997487044,1.1689787566750038,0.07814793490619452,0.6761482979086404,0.7302520166282814,0.058722838108132884
-0.22892364271991644,0.4520632184127679,1.08,-0.15203285493342275,0.3900002888810651,1.054976413444875,0.10128301198264852,0.05598210303673973,-0.11023596186637707,3.0750005838632847e-12,-0.00025033842663947973,-0.029162998255623043,-0.12694988216009742,-0.0002824854487653674,1.3974778091791336,1.7670626749269907,-0.0749034687973975,-0.009540661381501126,-0.017970084965668248,-0.06406695528886028,0.00019636117731337182,-0.02255319692090886,-0.18399946273649154,-0.3777269790870892,-6.603799074449514e-05,0.49247056245803833,0.49247056245803833,0.4950881958007812,0.4950881958007812,4.093697714805603,4.093697714805603,2.6005742609500886,2.6005742609500886,6.111677687168121,6.111677687168121,0.23450276851654053,0.23450276851654053,-0.2533158669160713,0.33401818584432535,1.165212375311252,0.08584223411803107,0.6793403825830256,0.7268373636039709,0.05324661775927817
-0.2289236427199252,0.45206321841259783,1.08,-0.1520328535974685,0.3900002888116014,1.0549715305932474,0.10076511884946837,0.05717521988132296,-0.1058288184545142,2.4243957218889955e-12,-0.0003017307056881749,-0.030059122354576667,-0.12995270032027367,-0.00028655753207815785,1.3969055112823148,1.756776572885504,-0.08954850781821501,-0.009543980104965719,-0.017869646684868037,-0.0563683140117367,-7.916121879401123e-05,-0.0018576691686682236,-0.22522769719225375,-0.2150161151910766,-6.652955974307046e-05,0.5915167331695557,0.5915167331695557,0.5599429011344909,0.5599429011344909,4.182015013694763,4.182015013694763,2.5043396413326264,2.5043396413326264,6.013938211202621,6.013938211202621,0.18333290219306947,0.18333290219306947,-0.25279797244693686,0.33282506893027847,1.1608003490477616,0.09189401165188639,0.6833714392452952,0.7226536646304013,0.04827678160967812
-0.22892364271992982,0.45206321841250907,1.08,-0.15203285201597747,0.3900002887295192,1.054966662353214,0.1002109965784165,0.05838569837001717,-0.1008834633142972,2.0847164479798715e-12,-0.0003529691976964559,-0.030913817151850854,-0.13253568784778125,-0.0003030064727647193,1.3961062779101432,1.7444293644492777,-0.09608275222399854,-0.009547318538898255,-0.01640362763136469,-0.046025107450737984,-0.00018502458842168737,-0.028746220270492596,-0.26644924824855526,-0.052995218829074826,-6.704614254043022e-05,0.6785122632980347,0.6785122632980347,0.5640285134315489,0.5640285134315489,4.25958936214447,4.25958936214447,2.404487293958664,2.404487293958664,5.9152271676063535,5.9152271676063535,0.1396906077861786,0.1396906077861786,-0.25224384859439397,0.331614590359502,1.155850125667511,0.09540860167504313,0.6882862693641888,0.7176460643549352,0.046296181775744
-0.22892364271993226,0.45206321841246183,1.08,-0.15203285019118704,0.390000288634882,1.0549618086810764,0.09887941744494347,0.05969309408034407,-0.09555149272630059,1.9036702729502273e-12,-0.00040405436271761196,-0.03166678554550184,-0.13433622275886517,-0.0003293148657854458,1.3930120485683986,1.7300640234449485,-0.0947624469225355,-0.00955069255401802,-0.013836364451317876,-0.02686499278071803,-0.00027633972108049985,-0.0918238810604872,-0.30590592798514227,0.09800606014138248,-6.767790034552118e-05,0.7774612188339234,0.7774612188339234,0.6279527425765989,0.6279527425765989,4.354635095596313,4.354635095596313,2.3065564513206485,2.3065564513206485,5.863252280950546,5.863252280950546,0.05897359251976013,0.05897359251976013,-0.2509122676361305,0.33030719455453794,1.150513301407377,0.09701164496172546,0.6938620110228196,0.7119294965352085,0.047965011876504496
-0.22892364271993365,0.4520632184124358,1.08,-0.15203284812531354,0.39000028852777796,1.0549569695332668,0.09632061105516107,0.061200082585284865,-0.08988982794291522,1.8035840698304827e-12,-0.0004549866594295637,-0.03226089779588174,-0.13534295430850252,-0.00034718365035148137,1.38636783966703,1.713758643435194,-0.08950351726089611,-0.009554071810653854,-0.010107969985878148,-0.013976846995559757,-0.00016200126863925596,-0.16999917471280307,-0.34412723041975785,0.10789891933244611,-6.766729514478105e-05,0.8767364263534546,0.8767364263534546,0.5805070400238035,0.5805070400238035,4.448748421669006,4.448748421669006,2.2428149700164797,2.2428149700164797,5.775843744277953,5.775843744277953,0.007400351762771602,0.007400351762771602,-0.2483534591804746,0.3288002059424931,1.144846797476182,0.09827845511967523,0.6998183895609338,0.7055850327658788,0.052395881788599566
-0.22892364271993443,0.45206321841242053,1.08,-0.15203284582055449,0.39000028840830714,1.0549521448663477,0.09286472755591366,0.06285166623468297,-0.08393521788895297,1.744842369449653e-12,-0.0005057665451389358,-0.03266120185574255,-0.1354496510460041,-0.0003697944149818344,1.377129074788801,1.6955485934235157,-0.0882324808811382,-0.009557462744750169,-0.006118859234983637,0.007771417311647014,-0.0002173138364388015,-0.19394071033301896,-0.38200636194502513,-0.0476862807570087,-6.784830223765251e-05,0.9761507272720337,0.9761507272720337,0.6557441949844358,0.6557441949844358,4.547549891471862,4.547549891471862,2.341070628166199,2.341070628166199,5.681129376888274,5.681129376888274,-0.08576598763465881,-0.08576598763465881,-0.24489757337646814,0.32714862217362417,1.1388873627553007,0.1017044293425158,0.7057545487257897,0.6988467438541923,0.056391086258053315
-0.22892364271993493,0.45206321841241076,1.08,-0.15203284327909108,0.3900002882765757,1.0549473346370106,0.08952040932728694,0.06434250621478887,-0.07780886346902482,1.7072400160059946e-12,-0.0005563944757851515,-0.03285788249490036,-0.13425476980092577,-0.0003965414704421292,1.368008880518888,1.6754582517972358,-0.09448224254867699,-0.00956086646435127,-0.0019389160558335766,0.03858836940401936,-0.00024223826137495947,-0.17187578269778742,-0.4193578433531451,-0.1962150668738493,-6.81961266416558e-05,1.075164556503296,1.075164556503296,0.7490676164627073,0.7490676164627073,4.571211194992064,4.571211194992064,2.4365091919898987,2.4365091919898987,5.584188954830168,5.584188954830168,-0.17486745715141297,-0.17486745715141297,-0.24155325260637803,0.3256577820617868,1.1327561981060355,0.10789182816901573,0.7114227328891392,0.6920475631267764,0.05750842471487781
-0.22892364271993532,0.4520632184124039,1.08,-0.15203284050308796,0.3900002881326924,1.0549425388020774,0.08677834036895443,0.06537872810836709,-0.07174052753114979,1.6804715774324992e-12,-0.0006068709059445152,-0.03286049477784044,-0.1311072691344996,-0.0004004089834317529,1.3603144168038803,1.653577370635043,-0.10813501028209535,-0.009564304405278775,0.0012737496690904521,0.08508742357244597,-2.1677964741339834e-05,-0.13565790963614166,-0.4538076384362847,-0.34384106847819845,-6.88791746101803e-05,1.168674683570862,1.168674683570862,0.83701297044754,0.83701297044754,4.656153094768523,4.656153094768523,2.451627790927887,2.451627790927887,5.56569932579994,5.56569932579994,-0.17486745715141297,-0.17486745715141297,-0.2388111808720424,0.3246215600243253,1.1266830663332272,0.11644226596346247,0.7165863389668096,0.685482501840124,0.05530784008116333
-0.2289236427199356,0.45206321841239844,1.08,-0.15203283749469437,0.3900002879767666,1.0549377573184977,0.0844792892564602,0.06578988903238364,-0.06599294550420143,1.6592807182687352e-12,-0.0006571962888342827,-0.032701245476398404,-0.12532200656533593,-0.0004014351711947922,1.3535185059506523,1.6299869532840532,-0.12914587222501736,-0.009567775928723871,0.004925942931141464,0.14348609558592004,-1.4089616117989211e-05,-0.13612270424052536,-0.4877315026774944,-0.49057444088012,-6.951837441633909e-05,1.2590428352355958,1.2590428352355958,0.9298340439796444,0.9298340439796444,4.720507144927977,4.720507144927977,2.3611578762531282,2.3611578762531282,5.4727617907524095,5.4727617907524095,-0.17486745715141297,-0.17486745715141297,-0.23651212675115457,0.32421039894438297,1.1209307028226991,0.12754403298148118,0.7208735611161258,0.6793915431661025,0.05000959516888865
-0.22892364271993582,0.4520632184123938,1.08,-0.15203283425604452,0.3900002878089082,1.0549329901433504,0.0819861497474039,0.06553545608256134,-0.060794278857798645,1.6409862643380142e-12,-0.0007073710763167198,-0.03229466446177621,-0.11632762658182322,-0.0004022376563340335,1.3457717262017903,1.6047359687603222,-0.15747008088795092,-0.009571278429299196,0.010851347134776139,0.21287397417968776,-1.0277096070009419e-05,-0.1697194457021278,-0.5203337516288364,-0.636409668736058,-7.005356956633792e-05,1.3563056945800782,1.3563056945800782,1.024530470371246,1.024530470371246,4.7974950551986675,4.7974950551986675,2.276332062482834,2.276332062482834,5.40013075351715,5.40013075351715,-0.17486745715141297,-0.17486745715141297,-0.23401898400344842,0.3244648317263469,1.115727269001149,0.14177760811532705,0.7238462095201706,0.6739102398106279,0.04231741342237276
-0.22892364271993604,0.4520632184123895,1.08,-0.15203283078925728,0.39000028762922645,1.0549282372338424,0.07883929670731624,0.06458994497430959,-0.05633629228916437,1.624220436826822e-12,-0.0007573957189031486,-0.03155892017590342,-0.10377377366739739,-0.00040276674932903246,1.3356932169106683,1.5779848376641663,-0.19306260092616329,-0.009574799040041328,0.0182101773784378,0.285642047699422,-7.064202293549582e-06,-0.22843632788540144,-0.5479282626648232,-0.7813423847078804,-7.032450844406612e-05,1.4266896009445191,1.4266896009445191,1.08024331331253,1.08024331331253,4.796380472183226,4.796380472183226,2.1881413877010347,2.1881413877010347,5.433201818466186,5.433201818466186,-0.1626903831958771,-0.1626903831958771,-0.23087212749657351,0.32541034265491686,1.1112645295230068,0.15956810948690436,0.7250624987646115,0.6691430901685703,0.032709573516782435
-0.22892364271993626,0.45206321841238545,1.08,-0.1520328270964365,0.39000028743783016,1.0549234985473084,0.07487253149093709,0.0628832067180849,-0.05277858578887096,1.6082853216215625e-12,-0.000807270665757981,-0.03040406524164231,-0.08735740815402869,-0.0004030937223370197,1.3227120053931154,1.5498673704161836,-0.23587802575200337,-0.009578319351499906,0.027541106709436776,0.365540016363931,-4.1296540169671995e-06,-0.2856072529968184,-0.5749401936574966,-0.9253624288825184,-6.998976877706905e-05,1.5257856130599976,1.5257856130599976,1.1681410670280452,1.1681410670280452,4.822468805313108,4.822468805313108,2.1659487128257755,2.1659487128257755,5.345265065431594,5.345265065431594,-0.1626903831958771,-0.1626903831958771,-0.2269053585873736,0.32711708071974527,1.1077020843361793,0.18107669782101823,0.7240901814573268,0.6651695536141707,0.02130970595892943
-0.22892364271993643,0.4520632184123815,1.08,-0.15203282317967157,0.3900002872348275,1.0549187740412103,0.07013300282869894,0.06030790818630971,-0.0502724645184629,1.5928246533389942e-12,-0.0008569963647027409,-0.028743859529007338,-0.06682130118699664,-0.0004034526060429885,1.3067506394606558,1.5205549377416956,-0.2858701411722831,-0.009581830745514342,0.03813533733526343,0.45114967990243093,-6.225924420129208e-06,-0.34771278689060064,-0.5960255807455025,-1.0681916987563465,-6.985071621347956e-05,1.605397129058838,1.605397129058838,1.2594323515892025,1.2594323515892025,4.7781344652175886,4.7781344652175886,2.124450838565827,2.124450838565827,5.42256322979927,5.42256322979927,-0.1626903831958771,-0.1626903831958771,-0.2221658260083705,0.3296923790485178,1.1051912385596732,0.206243175149585,0.7204849928615441,0.6620434316230587,0.007976365731520023
-0.22892364271993665,0.4520632184123776,1.08,-0.15203281904103694,0.39000028702032585,1.0549140636731371,0.06482860753731812,0.05670540019183978,-0.049014458944191874,1.5776564173581363e-12,-0.0009065732622200756,-0.02650399510073334,-0.041895807564963326,-0.000403637345495907,1.2882560873963333,1.490335274304517,-0.33604286028991537,-0.009585301342019705,0.0506836258958952,0.5400496695154607,-3.666073764446614e-06,-0.38800697750187907,-0.6114943872171675,-0.9374271626797759,-6.87103139325908e-05,1.7041020989418032,1.7041020989418032,1.3510761141777035,1.3510761141777035,4.788373279571531,4.788373279571531,2.1370400786399846,2.1370400786399846,5.495592867136001,5.495592867136001,-0.1626903831958771,-0.1626903831958771,-0.21686142657835505,0.33329488682848607,1.103928522617329,0.23251777751567637,0.7145047014226961,0.6598394772983678,-0.005511713222888278
-0.22892364271993687,0.4520632184123738,1.08,-0.15203281468259244,0.390000286794432,1.0549093674008043,0.05908304578939741,0.05199614777151906,-0.049108594925269866,1.5626874728615253e-12,-0.0009560018034577514,-0.023507193154726474,-0.012482222710104041,-0.00040412386299403614,1.2671662187880228,1.459361590141516,-0.3785772812747542,-0.009588726979144258,0.0673779493859334,0.6301546397038941,-7.902233990702748e-06,-0.4491383528387797,-0.6262424209179438,-0.7707738209114422,-6.769909165025602e-05,1.7993344426155093,1.7993344426155093,1.4435745716094968,1.4435745716094968,4.718693220615385,4.718693220615385,2.0462867319583897,2.0462867319583897,5.42671133160591,5.42671133160591,-0.1626903831958771,-0.1626903831958771,-0.21111586047198985,0.33800413902291293,1.1040179623260742,0.2568445252896181,0.7070483282957286,0.658660911911837,-0.016713898481020728
-0.22892364271993704,0.45206321841237,1.08,-0.15203281010638342,0.39000028655725194,1.054904685182054,0.05278167299151443,0.046285517658846476,-0.05052276920087406,1.54787000855005e-12,-0.0010052824322326422,-0.01942123582295965,0.021162659302554176,-0.0004046325674876414,1.2425859391917582,1.4277322814536537,-0.4135087931395126,-0.009592081886326804,0.09353434786760949,0.7098763890539853,-7.87458486210203e-06,-0.5268907204600121,-0.6378225623098883,-0.6339610003689644,-6.62065212452119e-05,1.8965601563453678,1.8965601563453678,1.4797549009323117,1.4797549009323117,4.698040282726286,4.698040282726286,1.95845297574997,1.95845297574997,5.422222589254378,5.422222589254378,-0.1626903831958771,-0.1626903831958771,-0.20481448309789785,0.34371476889840546,1.105427454382928,0.27943713048177926,0.6982982171837477,0.658510723832366,-0.02565378303257059
-0.22892364271993726,0.4520632184123663,1.08,-0.152032805314441,0.390000286308891,1.0549000169748541,0.04597206533864889,0.03985977235121385,-0.05297648173228198,1.5331793340032577e-12,-0.0010544155910347023,-0.013794391513807732,0.05796826688979904,-0.0004050151558985611,1.2138469338968636,1.3957063629725075,-0.4463889591143883,-0.009595322089475887,0.12887716721640607,0.757772036648679,-6.106933115136306e-06,-0.6149243088816507,-0.6424228370020296,-0.6599641655880066,-6.362829720601825e-05,1.995123660564423,1.995123660564423,1.4063695013523099,1.4063695013523099,4.654354846477506,4.654354846477506,1.8601208150386817,1.8601208150386817,5.5006946790218345,5.5006946790218345,-0.1626903831958771,-0.1626903831958771,-0.1980048706530899,0.35014051395767715,1.1078764987071361,0.3022799933152949,0.6878502485511465,0.6590302366522345,-0.03417584508876836
-0.22892364271993743,0.4520632184123626,1.08,-0.15203280030878163,0.3900002860494535,1.0548953627372977,0.03879475779702399,0.03314953978393781,-0.05600322373100086,1.5186025527409686e-12,-0.0011034017210309291,-0.0061893763913692616,0.09627656644331223,-0.0004053793495767949,1.180493329547194,1.363805805566205,-0.48003298268990946,-0.00959843194369886,0.1723130220137561,0.770998126227202,-6.337818549626374e-06,-0.711292522382575,-0.6329922926103675,-0.6675089102026672,-6.086850061454516e-05,2.0938404798507695,2.0938404798507695,1.3125816643238064,1.3125816643238064,4.660827457904814,4.660827457904814,1.761165046691895,1.761165046691895,5.58490533709526,5.58490533709526,-0.1626903831958771,-0.1626903831958771,-0.19082755810580562,0.3568507462655157,1.1108985864682985,0.3264873681065304,0.6755525366866136,0.6596611861230506,-0.043380734962454696
-0.22892364271993765,0.4520632184123589,1.08,-0.1520327950914079,0.39000028577904344,1.054890722427603,0.031421485973367275,0.026582218072099706,-0.05905185400345769,1.5041327852030955e-12,-0.001152241262069315,0.003747436153485731,0.13444372640448132,-0.0003841440764556959,1.1422403970129704,1.3324307233595234,-0.5134254141865087,-0.009601382163733206,0.22236017722932877,0.7544615594964575,0.00021607559053387845,-0.8103723140691387,-0.6215805224607296,-0.6538966197810934,-5.742451592741637e-05,2.1931732892990117,2.1931732892990117,1.2190055131912227,1.2190055131912227,4.579792106151579,4.579792106151579,1.6654749810695655,1.6654749810695655,5.538103603124618,5.538103603124618,-0.06658406853675844,-0.06658406853675844,-0.18345428106477518,0.36341806770694374,1.1139425764310606,0.3517037148481428,0.6618831728738112,0.659859460479226,-0.05292121355919312
-0.22892364271993781,0.45206321841235525,1.08,-0.1520327896643079,0.3900002854977637,1.0548860960041135,0.024110849098303966,0.020481780992597454,-0.061526653519574204,1.4897662223273607e-12,-0.0012009346526827864,0.016334750561817348,0.17110328924625434,-0.0003569870277499481,1.0990168318992977,1.3017140140905235,-0.5418223516843288,-0.009604164813554817,0.27734472593864296,0.7115623101815054,0.00026234384982984723,-0.9093360546011559,-0.6067076994815948,-0.48874573013694583,-5.410655386393991e-05,2.2726047039031987,2.2726047039031987,1.1238061785697933,1.1238061785697933,4.486278849840163,4.486278849840163,1.5757581532001501,1.5757581532001501,5.50061231136322,5.50061231136322,0.03301834464073179,0.03301834464073179,-0.17614363876261185,0.36951850450516627,1.1164127495236877,0.376455957162964,0.6480699007390923,0.6591871189578543,-0.06130789731008157
-0.22892364271993798,0.4520632184123516,1.08,-0.15203278402945605,0.3900002852057166,1.0548814834252969,0.017151384627874994,0.01506962669447881,-0.06289451743281527,1.4755006227866219e-12,-0.0012494823300931279,0.03177835845661288,0.20519884247352171,-0.0003275621066447363,1.050995370433079,1.2716858247841127,-0.561986653919174,-0.009606786011014655,0.33641098079507836,0.654212106704341,0.00029544570722195583,-1.0021938758888347,-0.5940265532983597,-0.32455266379487047,-5.110097691598916e-05,2.358039569854737,2.358039569854737,1.0276942908763882,1.0276942908763882,4.38945550918579,4.38945550918579,1.4956664025783544,1.4956664025783544,5.418166278600692,5.418166278600692,0.1325119435787201,0.1325119435787201,-0.16918416865733105,0.3749306585112378,1.1177760008581121,0.3996286449934461,0.6353534570387138,0.6573333515083425,-0.06734831641895224
-0.2289236427199382,0.452063218412348,1.08,-0.15203277818881267,0.39000028490300387,1.0548768846497445,0.010709821495546612,0.010505526535778464,-0.06284222809006557,1.4613345465424489e-12,-0.0012978847302149022,0.04968275390410059,0.23630715860232834,-0.00029582590984638275,0.9986497258209047,1.242281676023709,-0.5771780261712705,-0.009609305155705248,0.3765577532449241,0.5923756468018994,0.0003331829555698077,-1.0833456235038204,-0.5816805305477916,-0.28305830576783764,-4.931905186910714e-05,2.27201761007309,2.27201761007309,0.9335535705089566,0.9335535705089566,4.363127481937408,4.363127481937408,1.4242172420024877,1.4242172420024877,5.356497185230254,5.356497185230254,0.23129605650901794,0.23129605650901794,-0.16274259968435928,0.3794947583672254,1.11771911273981,0.42224965042227475,0.6235434142227874,0.6540019386152743,-0.07197435366239403
-0.22892364271993837,0.4520632184123444,1.08,-0.15203277214432392,0.39000028458972635,1.0548722996361717,0.004866644036783774,0.006965833086614914,-0.06121390828862561,1.4472669639269918e-12,-0.0013461422876593489,0.06919024290173083,0.2642370931573377,-0.0002615519302405038,0.9429594436660436,1.2134498746732318,-0.5941438268974203,-0.009611716014824188,0.40141675366490953,0.5273435857527086,0.0003732142448528772,-1.1368464403402403,-0.571119264608875,-0.37135090332343035,-4.7071745013768434e-05,2.20757184624672,2.20757184624672,0.8631402432918546,0.8631402432918546,4.408550131320952,4.408550131320952,1.4067380607128148,1.4067380607128148,5.28325756072998,5.28325756072998,0.32867063879966735,0.32867063879966735,-0.1568994161811077,0.38303445150311144,1.1160862079247973,0.4463189566676333,0.61138977444304,0.6488698250743288,-0.07726501623383128
-0.22892364271993854,0.4520632184123409,1.08,-0.15203276589792275,0.3900002842659841,1.0548677283434171,2.805895150032045e-06,0.004357124879096286,-0.05799900255980295,1.4332970562560642e-12,-0.0013942554357382819,0.08960776917879988,0.28898087351731294,-0.0002292861822213526,0.8859462747643259,1.185038849377503,-0.6119819148684689,-0.009613986186475382,0.4133697413399273,0.4648633301042916,0.0003572830206667907,-1.1365732711986765,-0.5645782539935745,-0.33910818806001447,-4.40691610554873e-05,2.1617965221405036,2.1617965221405036,0.9315053880214689,0.9315053880214689,4.344803112745284,4.344803112745284,1.4564895570278173,1.4564895570278173,5.1866784083843225,5.1866784083843225,0.40860238671302795,0.40860238671302795,-0.15203557179307278,0.3856431593868878,1.11286673090322,0.47109264100358017,0.5992407132533772,0.6419210447680312,-0.0831845145190807
-0.22892364271993876,0.4520632184123373,1.08,-0.15203275945152803,0.39000028393187663,1.054863170730442,-0.00312335111147935,0.002187176146546066,-0.053415059727160985,1.4194241141296609e-12,-0.0014422246064679672,0.1105319529999481,0.3106739926691799,-0.00019847297220734433,0.8309929279434326,1.1568790645669442,-0.6246861666677695,-0.009616074106073303,0.4221981004488421,0.40523790905616314,0.0003503941791201793,-1.0581556981183227,-0.5613126705264353,-0.17575788806775205,-4.0433049354640665e-05,2.20210509300232,2.20210509300232,1.022568219900131,1.022568219900131,4.430459254980086,4.430459254980086,1.5449735581874853,1.5449735581874853,5.092840318679809,5.092840318679809,0.4898341357707977,0.4898341357707977,-0.14890940834004868,0.38781310778533057,1.1082782304576029,0.49360138442549717,0.5892280397792478,0.6335434664641595,-0.08826475248769579
-0.22892364271993892,0.4520632184123338,1.08,-0.15203275280704506,0.3900002835875028,1.0548586267563305,-0.004093527442033368,7.453882642988185e-05,-0.04772160294677774,1.4056474855539996e-12,-0.001490050230572991,0.1316861709404421,0.32938224351989526,-0.00017398111265842708,0.7803021526835419,1.1288584487012927,-0.6301435385889305,-0.009618075842231174,0.4226948367171002,0.34570140465249155,0.0002710916733983681,-0.9678320139630703,-0.5591232106160849,-0.06082250331774994,-3.938353832313972e-05,2.1884375333786017,2.1884375333786017,1.0098075211048123,1.0098075211048123,4.511211472749709,4.511211472749709,1.4897985816001897,1.4897985816001897,4.996121572256087,4.996121572256087,0.5688018262386322,0.5688018262386322,-0.1479392253650117,0.38992574476107295,1.1025802297031082,0.5123355998022113,0.5827179662491772,0.6240917384369971,-0.09198645009140179
-0.2289236427199391,0.4520632184123303,1.08,-0.15203274596636576,0.39000028323296054,1.0548540963802886,-0.0031559630264626215,-0.0019246666868463769,-0.04110119249895661,1.39196654947056e-12,-0.0015377327374901187,0.1527406722710606,0.34510938182867534,-0.0001508733263938366,0.7340432533386217,1.1010013956114544,-0.6361340355782373,-0.009620040138640686,0.4193214327516094,0.28598460125914543,0.00027039424928802954,-0.8814533800117883,-0.5548640654842713,-0.1581114114020976,-3.8655195608221374e-05,2.1771614849567418,2.1771614849567418,0.947814208269119,0.947814208269119,4.467710036039351,4.467710036039351,1.409492272138596,1.409492272138596,4.976576589345931,4.976576589345931,0.638115257024765,0.638115257024765,-0.14887678293990314,0.3919249499198069,1.0959552888792452,0.5294417787605906,0.5779611798102835,0.6134752055676865,-0.09643883910962278
-0.22892364271993926,0.4520632184123269,1.08,-0.15203273893136857,0.3900002828683472,1.0548495795616446,-0.0006465546284344093,-0.003692850504588008,-0.033708630032105225,1.3783807022509214e-12,-0.001585272555372142,0.17358890429474197,0.3579131140524268,-0.00011841833447300638,0.6917471213515457,1.0733786448915776,-0.6472302886906134,-0.00962196810081042,0.4144759507916165,0.22875066899602098,0.00040963028959515853,-0.8078793126092025,-0.5497602622150044,-0.2630818369812754,-3.772139478109949e-05,2.1646554887294776,2.1646554887294776,0.9638127624988553,0.9638127624988553,4.38930971622467,4.38930971622467,1.31116213798523,1.31116213798523,4.926081089973448,4.926081089973448,0.7363708674907684,0.7363708674907684,-0.15138618430293416,0.3936931333729352,1.0885582095937498,0.5464637269823641,0.5734491685943329,0.601638989804851,-0.10278118542618148
-0.22892364271993948,0.45206321841232344,1.08,-0.15203273170391868,0.3900002824937595,1.0548450762598478,0.0030777072664443794,-0.005056360155068829,-0.02565186714252965,1.3648893507978352e-12,-0.0016326701110917123,0.19410042560574703,0.36788256406190256,-9.264278760133541e-05,0.6527566802150174,1.0460288985578934,-0.6641751914815088,-0.009623851363085231,0.40612949151993083,0.17257589305131432,0.0002982316120785077,-0.749878600398729,-0.5439822481236388,-0.40474770249657327,-3.682661833167504e-05,2.0682705342769627,2.0682705342769627,0.8720000207424161,0.8720000207424161,4.483857488632202,4.483857488632202,1.211797600984574,1.211797600984574,4.8692815232276905,4.8692815232276905,0.8358030259609223,0.8358030259609223,-0.15511043897036306,0.39505664264882834,1.0804969434023775,0.5638048445511428,0.5686430813822587,0.5886391324803378,-0.11078409168083145
-0.22894470064150668,0.45166299809272,1.08,-0.15209985388024624,0.3894765381252412,1.0518640646303234,0.0064547329417295185,-0.0065152197526109346,-0.021121248986874175,-0.0016633500850624233,-0.035506531251024584,0.21380619633496145,0.3758948115050413,0.0010722739982572706,0.6159022378932221,1.0215811451470214,-0.6846877643648706,-0.008812556315967335,0.3819250696550751,0.1520244250687276,0.0314395511289426,-0.7215748976554286,-0.4300054154026943,-0.405368311358827,0.03175773613295166,1.968721634149552,1.968721634149552,0.8173037111759183,0.8173037111759183,4.503021919727325,4.503021919727325,1.1119654953479772,1.1119654953479772,4.815259091854094,4.815259091854094,0.9323906838893891,0.9323906838893891,-0.15855458682197576,0.3959917578778521,1.0729853136171976,0.5809545422544413,0.5623378161958175,0.5763158196600886,-0.11886158470915542
-0.22895919741390275,0.4513942067938813,1.08,-0.1519024466466884,0.3891115445199654,1.047091231147698,0.01031549364733414,-0.0072580988806324465,-0.018746775665734017,-0.0027499423679589897,-0.08546711192511884,0.23250987948776305,0.38223305371055294,0.0009601198557622783,0.5802878959323604,1.000515539402944,-0.7006944476658965,-0.007364073796277201,0.3651360913148262,0.1133137256493339,-0.00937981346907316,-0.6998715801177747,-0.3873784566824065,-0.241793857671693,0.03476566183515223,1.889575588703156,1.889575588703156,0.7307366609573361,0.7307366609573361,4.600107860565185,4.600107860565185,1.0120487272739416,1.0120487272739416,4.722207264900207,4.722207264900207,1.021140855550766,1.021140855550766,-0.16221794029402253,0.3963696434005978,1.065838006813432,0.5963615321684492,0.5564797589347169,0.5648349813824615,-0.12507855392645653
-0.22899573420154662,0.4507388784986713,1.08,-0.15160575858517744,0.38822991790198674,1.0425119914083771,0.0143118757874654,-0.007883062576184596,-0.016392071449333523,-0.005387947286645931,-0.13398413668926987,0.25031651192957866,0.38705248590852165,-2.6524009956431145e-06,0.5453266209123194,0.9824967090730827,-0.708557358442778,-0.005456278577290228,0.34684530768324723,0.08831480061986581,-0.011592664763249555,-0.6933765229574472,-0.3163083610746528,-0.07951906698770493,0.04683237605328539,1.8111000299453741,1.8111000299453741,0.6350615978240964,0.6350615978240964,4.698021388053894,4.698021388053894,0.9122895836830145,0.9122895836830145,4.625446836948394,4.625446836948394,1.120154446363449,1.120154446363449,-0.16591763437264284,0.39611298047817134,1.0589040628577107,0.6091550889738071,0.5524631215582672,0.5543072830421794,-0.128288786968331
-0.22904990219582,0.4498185648677011,1.08,-0.151209652350686,0.3869891626197684,1.038171588278363,0.01717101137559396,-0.008280972993687574,-0.014525051575499104,-0.009023014632051308,-0.18005340110083493,0.2672384273569544,0.3906063006509517,0.00022929008808700256,0.5103760804381581,0.967573324342624,-0.7084759577569827,-0.003018535374713828,0.3293843104866134,0.0631293892817884,0.016473686504025947,-0.6987342610355161,-0.2607909642326285,0.07377205564768341,0.05603812609643192,1.7132561743259436,1.7132561743259436,0.5450133204460141,0.5450133204460141,4.747701621055603,4.747701621055603,0.812612527608872,0.812612527608872,4.536925517320633,4.536925517320633,1.2182516276836395,1.2182516276836395,-0.16838066372627997,0.395270135613456,1.0526966398538622,0.6193196507060783,0.5498296754528276,0.5456690222384555,-0.12796802885903746
-0.22913012495284113,0.44854874884495055,1.08,-0.1507702824375037,0.3852769561118254,1.0340525179262072,0.01897480611638727,-0.00851447052925125,-0.013022401555014884,-0.01403490766178547,-0.22401986711636626,0.28326645165656145,0.393087419635158,0.0008809176657840425,0.4748905633505338,0.955787981224122,-0.7009185376034429,-4.3908142209900974e-05,0.3122201164529975,0.040187166532273465,0.015410952359594426,-0.7139671038097808,-0.20562901340205234,0.22239224499021026,0.06433805414623237,1.703794443607331,1.703794443607331,0.44771627783775303,0.44771627783775303,4.7131394147872925,4.7131394147872925,0.7151783883571631,0.7151783883571631,4.439014499187469,4.439014499187469,1.2851527869701385,1.2851527869701385,-0.16974508855389098,0.39379142664107664,1.047074919481222,0.6273222340874604,0.5484039814839584,0.5387280757885198,-0.1244666544471204
-0.22924919578625175,0.4468252024409355,1.08,-0.15034959916368063,0.38295363704174534,1.0301378234802427,0.019618841446418678,-0.008746403635372324,-0.011915955753031282,-0.020873434015505506,-0.26679232120188334,0.2984503867744302,0.3947214477821153,0.0019046289443378165,0.43858055154759484,0.9472543405009572,-0.6859337513788049,0.003453201419056478,0.29772982641560347,0.029887849438491845,0.022147809792120735,-0.7252174270283508,-0.13410699537092655,0.37338969880883605,0.07447222394240786,1.640099430084229,1.640099430084229,0.3579313874244687,0.3579313874244687,4.686660897731781,4.686660897731781,0.6217275142669684,0.6217275142669684,4.343048672676086,4.343048672676086,1.327882570028305,1.327882570028305,-0.1699684406100993,0.39170004067711767,1.042053779233274,0.6332991858359112,0.548112975097704,0.5334826630908942,-0.11790061887268966
-0.229395557149205,0.44490654509548966,1.08,-0.14958705376555165,0.3803298650738495,1.025462551757155,0.020111712294550582,-0.009120474213361318,-0.012243498899352279,-0.0284352497917372,-0.31812706947489566,0.3131594853921604,0.3961063129783617,0.0027078987254650034,0.40237249301920935,0.9417043400057185,-0.6631410750176129,0.007190946966603653,0.2904116544884939,0.02429102650152648,0.01059214301644989,-0.7220012695376292,-0.09158898849469527,0.5315780236425727,0.07512702319214931,1.614880776405335,1.614880776405335,0.27356723546981787,0.27356723546981787,4.684610217809677,4.684610217809677,0.5303552508354193,0.5303552508354193,4.252896963357925,4.252896963357925,1.4018170177936553,1.4018170177936553,-0.16969876606010223,0.38945033928721084,1.0377060506565072,0.6368185293899443,0.5495281554102474,0.5297364177194047,-0.10890498050526501
-0.22941433760765273,0.44467336609970287,1.08,-0.14910868778496872,0.37997842621106986,1.0238077163055648,0.020327795469946175,-0.00926641044515747,-0.01193382304735513,-0.02901674457275382,-0.334923017647746,0.3286175072895611,0.40020865142147544,0.00458673548469351,0.36984938945620727,0.9408166215013154,-0.6319593063189889,0.010246876526899248,0.31124149755642433,0.09490798182830686,0.037262098952908586,-0.6315608018347633,0.010952374505708233,0.7022098418450595,0.06019539779331022,1.588829874992371,1.588829874992371,0.22191337943077064,0.22191337943077064,4.631865000724792,4.631865000724792,0.4402421534061438,0.4402421534061438,4.153406499624252,4.153406499624252,1.4598643600940704,1.4598643600940704,-0.1694364832549149,0.38924483665622733,1.03574153935292,0.6358721993666036,0.5531475904227052,0.5290116403806324,-0.09920168155845957
-0.22941708045391007,0.44463953288584784,1.08,-0.1487726972277087,0.3799057212395486,1.022822696286435,0.020514760998267434,-0.009378497739535308,-0.011439007297529225,-0.02920764988650454,-0.3460050441089749,0.3439262308927017,0.4045512484316234,0.005994863578814672,0.3377792964249136,0.9415904639146518,-0.592802642116304,0.013335501002079236,0.30199896923004166,0.08083851519812733,0.021760208530237118,-0.645797414917161,0.02050945306812622,0.8578821333333454,0.062608895182467,1.577955543994904,1.577955543994904,0.1253988444805143,0.1253988444805143,4.550397264957428,4.550397264957428,0.3657964110374457,0.3657964110374457,4.0552311348915095,4.0552311348915095,1.5371822178363799,1.5371822178363799,-0.16928745822597613,0.3892842189790839,1.0342617035839643,0.632274718332019,0.559053971350256,0.5291540272849917,-0.08765473794238021
-0.2294322316329228,0.44445363968873847,1.08,-0.14851737685323807,0.3796348387406383,1.0219502289711782,0.02067981980531239,-0.009331383232866586,-0.010687886204832742,-0.02990222761298353,-0.35549008541068566,0.35892021943875924,0.408586506518531,0.006908787006575207,0.30550330489966054,0.9430814691403064,-0.5458086945502686,0.01647329812928408,0.3001333717812065,0.08715288443375838,0.018183328705482553,-0.6339774304462444,0.04597607296957541,1.0168835748277392,0.06347950423377313,1.495472383499146,1.495472383499146,0.02709927558898903,0.02709927558898903,4.500696086883544,4.500696086883544,0.2870088994503027,0.2870088994503027,3.9771501111984247,3.9771501111984247,1.6225880563259123,1.6225880563259123,-0.16919719665855046,0.3889662219735049,1.032638115176011,0.6265090717617673,0.5673203816136102,0.5293139033656197,-0.07389695061264577
-0.2294365908421922,0.4444004644730065,1.08,-0.14834533798786614,0.3795491424040786,1.021441051207489,0.020870854695783425,-0.009300042249472118,-0.009906129256619156,-0.030131553700789484,-0.3613805624995406,0.3738211459955473,0.4130006019794417,0.007734350484816706,0.27396485681018806,0.9455805823588791,-0.49099242299536433,0.01970682428660163,0.2992772561455061,0.09946633686211447,0.019450701014373656,-0.6160435959507146,0.057853723024065495,1.165288569972207,0.06392117733912665,1.4192144572734837,1.4192144572734837,-0.07085847258567833,-0.07085847258567833,4.4242730081081385,4.4242730081081385,0.24087550044059813,0.24087550044059813,3.8782904613018028,3.8782904613018028,1.7210403740406035,1.7210403740406035,-0.16921619268364957,0.38884918465355073,1.0313471804641081,0.6179822662179376,0.5778645544803337,0.5298805341254784,-0.05828460234303072
-0.2294429779536843,0.4443227976932189,1.08,-0.14808543912288466,0.37942312402866574,1.0206903971048096,0.021330136447138742,-0.009781886336357404,-0.009798031206969204,-0.030438074613072214,-0.3698370251080174,0.38869595267833956,0.4183168062277266,0.008851099595309631,0.24337293765007006,0.948551791833753,-0.43281299203883583,0.022894238473312522,0.29441343770831624,0.10896054434781459,0.02439220472130195,-0.6093622764387345,0.059006863759643174,1.137975589566471,0.06447806385019184,1.3353281319141392,1.3353281319141392,-0.1697456419467928,-0.1697456419467928,4.343877691030502,4.343877691030502,0.16476848721504272,0.16476848721504272,3.7827514040470116,3.7827514040470116,1.820831948518753,1.820831948518753,-0.1694155755700234,0.38920501036502314,1.0304884283117788,0.6077406180545961,0.589364400052476,0.5305863285731252,-0.042179296446175796
-0.2294503138150089,0.44423395052837095,1.08,-0.14783746505421813,0.37928283479970665,1.0199786480945552,0.02174330315717904,-0.010222235929465917,-0.009672803006747888,-0.030783083825772158,-0.37785225844329023,0.4031370703357837,0.423739647463192,0.010252219938917702,0.21329404560368645,0.9513611619435526,-0.38033227266066183,0.026221204460024357,0.28360808351765365,0.10804994933991749,0.03177158899572933,-0.5921375839866887,0.054042265908896485,0.968229217924788,0.06876421155395357,1.2627257585525518,1.2627257585525518,-0.26626657247543356,-0.26626657247543356,4.27835333943367,4.27835333943367,0.18396087288856566,0.18396087288856566,3.6883541274070732,3.6883541274070732,1.9131663143634796,1.9131663143634796,-0.16958076821139717,0.38950507072917256,1.029651451101303,0.5988287154452301,0.599091857268759,0.5307893871601987,-0.027490772826263554
-0.22945656160938127,0.4441585782825706,1.08,-0.14759862252015993,0.3791613070026525,1.0193170087699872,0.022075698262732424,-0.01057458235020381,-0.009517138637958,-0.03108405054924511,-0.3853536589661016,0.4168824322910012,0.4287840448621064,0.012061410107206934,0.18483460424102893,0.953782951003038,-0.33629090167017744,0.029839239149010016,0.2662647376678575,0.09324319421570922,0.040138011954136556,-0.5453898356412372,0.042993601166014694,0.8004252055357886,0.07599837714633942,1.186705988645554,1.186705988645554,-0.36527202129364034,-0.36527202129364034,4.190143519639968,4.190143519639968,0.24085890650749267,0.24085890650749267,3.588650887012481,3.588650887012481,2.004483824968338,2.004483824968338,-0.16967432078289235,0.3897358893528563,1.0288341474079452,0.5919128694159131,0.60648873141778,0.5306494554721176,-0.014890570513481634
-0.22946373206369552,0.44407240792502517,1.08,-0.1473587656829602,0.37902494700092904,1.0186579077788356,0.02234384694171876,-0.010873520453078156,-0.009348954961359235,-0.031429826941629116,-0.3928715124841037,0.4295532512880107,0.43261736113588195,0.014412565628010698,0.15979077861555613,0.9553126958850912,-0.3005799597429886,0.033929368491000915,0.2406984611655042,0.05939886536997077,0.052285393062207995,-0.46039840680956734,0.017946853319266935,0.6349583494689607,0.08712119199691469,1.1369751036167148,1.1369751036167148,-0.46376236081123373,-0.46376236081123373,4.092836755514145,4.092836755514145,0.33071584105491697,0.33071584105491697,3.489511405229568,3.489511405229568,2.102413791418076,2.102413791418076,-0.16970261262467895,0.3898984674540072,1.0280068627401948,0.5864269599534914,0.6121712997664008,0.5304072736032718,-0.004224273992755045
-0.22947068734852777,0.4439891591601017,1.08,-0.14710489054746834,0.3788911846669123,1.0179814830894587,0.022552437377834772,-0.011114178005174058,-0.00915935201068474,-0.031751447270206686,-0.40058875135659505,0.44073611865353807,0.43459831110568214,0.017415666792528813,0.13969658667493987,0.9553494332994298,-0.2731041747520858,0.038609892950046576,0.20680014332416563,0.019823347908987772,0.06507949309568752,-0.3491994977832054,-0.015015751644381797,0.47089408239629205,0.09904258749561934,1.0628359675407413,1.0628359675407413,-0.5564583361148836,-0.5564583361148836,3.9972541868686675,3.9972541868686675,0.39906978011131344,0.39906978011131344,3.3903842198848717,3.3903842198848717,2.188053470849991,2.188053470849991,-0.1696573279253031,0.39000536267208635,1.0271408351001434,0.581876849387822,0.6166421651631403,0.5302363311985245,0.004604928505931471
-0.22947984682887856,0.4438800260027307,1.08,-0.14683464765516496,0.3787208195360909,1.0172607730907888,0.02275858634902464,-0.011354038414715217,-0.008944422244100192,-0.03217992874164381,-0.40885369047180486,0.4500298934559224,0.43447453834428235,0.020955014011050953,0.12545640412528664,0.9534111655029527,-0.24823215951901137,0.043823951634824325,0.16680546293015663,-0.021932861157709004,0.07619293734508939,-0.22371648886695586,-0.05935935519449466,0.5052502507114798,0.1093018557204276,0.9866173446178439,0.9866173446178439,-0.6555438935756686,-0.6555438935756686,3.9418695747852324,3.9418695747852324,0.41881139874458373,0.41881139874458373,3.291832529306411,3.291832529306411,2.270580703020096,2.270580703020096,-0.1695932340041896,0.3900748579508061,1.026205195334889,0.5763843964436381,0.6216911813603792,0.5302037649540001,0.012847964182810978
-0.22948935842509305,0.44376728805006516,1.08,-0.14652947344608852,0.37854235364675254,1.0164739484472753,0.02304247919020319,-0.011662723436987155,-0.008696240295035684,-0.03263307263061645,-0.4179649898547813,0.4572333076377254,0.43218275574793497,0.02520090163836123,0.11766315808488781,0.9487242040210758,-0.21926177631736332,0.04956155389733427,0.12346226877964483,-0.06721501403270554,0.09262943541790193,-0.0942080881739158,-0.12479703124845405,0.6391085866080841,0.1198005411698379,0.8994511663913729,0.8994511663913729,-0.754156142473221,-0.754156142473221,3.857544505596161,3.857544505596161,0.38404536843299925,0.38404536843299925,3.2006076025962824,3.2006076025962824,2.338191205263138,2.338191205263138,-0.1695719526362917,0.3902050770837397,1.025170188742311,0.5675214481517248,0.6294739630384202,0.5302776073648193,0.02208155048717453
-0.22950165520417132,0.443622414898064,1.08,-0.14612988907321733,0.37831194257478085,1.0154736732804945,0.023435410605207957,-0.012083371132558418,-0.008363898825709315,-0.033211837726169535,-0.42966158510329977,0.46236190564719276,0.4275149540658582,0.030845923866631545,0.11636445295922154,0.9397229195423288,-0.1835250195712199,0.056019519438567596,0.08356672524472808,-0.11743309501148966,0.12960490765237195,0.03324141089687966,-0.22906781656319009,0.7844651189576383,0.13739854827701756,0.9397191822528841,0.9397191822528841,-0.8485848784446719,-0.8485848784446719,3.7626037538051604,3.7626037538051604,0.35753338932991086,0.35753338932991086,3.103066389560699,3.103066389560699,2.4298630416393285,2.4298630416393285,-0.1695652996784253,0.39039531370733926,1.0238375721062039,0.55417717423192,0.6408948973915982,0.5301475787410084,0.0329383486650932
-0.22952152690060074,0.44339034161245294,1.08,-0.1455628276866886,0.3779480771325751,1.0140849422502711,0.02389157593036595,-0.012582407688979502,-0.007870951368026624,-0.03412070344833563,-0.445963853095807,0.4655537029863425,0.4205418221169653,0.038663939521582,0.12068978863913139,0.9249058668812554,-0.14399381251603596,0.06345463374846182,0.046974177355582465,-0.15580079256406365,0.18119583579835238,0.13762964242531106,-0.35288083166332884,0.7780892225297412,0.15936611816625287,0.8885549962520601,0.8885549962520601,-0.9179442405700686,-0.9179442405700686,3.716613680124283,3.716613680124283,0.2602471530437475,0.2602471530437475,3.017296730279922,3.017296730279922,2.5050351560115818,2.5050351560115818,-0.16945440361705455,0.3905304848215546,1.0219558936182978,0.5372986124636357,0.655020803338886,0.5293935229356732,0.04472634695220514
-0.22954998908934265,0.4430622001092695,1.08,-0.1447641745979096,0.3774318709079504,1.0122199011622952,0.02433454852193931,-0.013079453667897534,-0.007178356892773241,-0.03547685290683932,-0.4681852490132269,0.46704309820630735,0.4117452265067402,0.049267794953616766,0.12936495043644292,0.9033322689802739,-0.10936714910655378,0.07211651980585271,0.013601380705508492,-0.19562894629181357,0.23744528587265998,0.2039890955775366,-0.4994716565648789,0.6138320184281022,0.18555955794085863,0.890232449769974,0.890232449769974,-0.989009511470795,-0.989009511470795,3.6572605431079865,3.6572605431079865,0.16765892505645807,0.16765892505645807,2.923515902757644,2.923515902757644,2.464846354722977,2.464846354722977,-0.16909872311984891,0.3905113245758479,1.0193982580550685,0.5201893072336116,0.6691373189363069,0.527830026982188,0.055261158715042794
-0.22959423878359186,0.442561532679576,1.08,-0.14367192895453124,0.3766510632606167,1.0097877056997788,0.02461324374857546,-0.013486926367779484,-0.00625902400521916,-0.037411285093398076,-0.49722328245252045,0.467303339772904,0.40149275945164825,0.06331925581543246,0.1408476259195563,0.8744045226041073,-0.0829219311680478,0.08229896857778429,-0.0003939086328152116,-0.21023010062366715,0.3195622497236159,0.2561947643112167,-0.6433782960544047,0.4507426550986802,0.22009803790121216,0.9190039813518526,0.9190039813518526,-1.084137660264969,-1.084137660264969,3.5716585338115694,3.5716585338115694,0.06787441968917902,0.06787441968917902,2.829363905191421,2.829363905191421,2.5418718397617344,2.5418718397617344,-0.1682851727031067,0.3901379896283962,1.016046729704998,0.5046737325278752,0.6820910558391862,0.5253376389506729,0.06384810367034965
-0.2296631095710288,0.4418037024289699,1.08,-0.14223343816124245,0.3754796622230846,1.0067584238126874,0.024690488189587773,-0.013845683346696669,-0.00515248366541754,-0.0404712636865167,-0.5342224177911241,0.4668114141724063,0.38998920564231976,0.08116868544668847,0.1541395232530646,0.8378036192256716,-0.06457310656078932,0.0942100188367629,-0.014586835296206403,-0.236814357385,0.3937762292544173,0.28360555074051824,-0.7999095581913946,0.2898523118362957,0.25560985967430827,0.8701758444309237,0.8701758444309237,-1.162032300233841,-1.162032300233841,3.479430609941483,3.479430609941483,-0.02690700292587224,-0.02690700292587224,2.7359735059738153,2.7359735059738153,2.4846170306205755,2.4846170306205755,-0.16692392635083023,0.38932534556978127,1.011910907478105,0.49109220918623325,0.6938740549467133,0.5218955504372372,0.07065601448004055
-0.22976854558859378,0.44068913184816993,1.08,-0.14042677213471907,0.3737684934471923,1.0031849054251099,0.024565015647440236,-0.014183127478674784,-0.0038790510722492844,-0.044937755397846245,-0.5787992827868393,0.4658603791290321,0.377620194059206,0.10283500008701915,0.16861773030631932,0.793701995239102,-0.05421714367704275,0.10798141684217945,-0.021185316195988325,-0.25359642522965525,0.4670928754938654,0.29664825125947625,-0.9466039704691235,0.1310630732389108,0.29296978760253184,0.8197188556194307,0.8197188556194307,-1.2432142674922944,-1.2432142674922944,3.3880125224590305,3.3880125224590305,-0.12082427740096989,-0.12082427740096989,2.647826706171035,2.647826706171035,2.438342130184174,2.438342130184174,-0.1649917877821593,0.3879516209258671,1.0070639564973591,0.4797655585588526,0.704466032396346,0.5174923491558344,0.07585701408333201
-0.22995023372339313,0.43887973326435303,1.08,-0.1382247265726186,0.3710258479539587,0.9990093770293496,0.02418742196890461,-0.014540156415242866,-0.0024070920697316645,-0.05227235450221404,-0.6327277124396642,0.46466514581659896,0.36423949147868656,0.12792547890707498,0.1829238538625154,0.7424269040254958,-0.051702796152764206,0.12360547854882824,-0.028775061136961246,-0.286208944921194,0.524875109646285,0.2672017260795184,-1.0906516814178828,-0.02151917319485677,0.3281763911304138,0.7446601271629335,0.7446601271629335,-1.3336095094680787,-1.3336095094680787,3.343940031528473,3.343940031528473,-0.21146715283393802,-0.21146715283393802,2.5533136534690852,2.5533136534690852,2.387529385089875,2.387529385089875,-0.16241214854152322,0.3855660043692016,1.0014164690990812,0.47127300695490115,0.7138396395415809,0.511820561476803,0.07984005751752546
-0.2303618108257502,0.4351848417343324,1.08,-0.13551257528556068,0.3655112167735899,0.9937221796045099,0.023376177478034277,-0.015081839642265615,-0.0005500191425511503,-0.06725980849757077,-0.7043923863169845,0.46276698997139826,0.34827406451899523,0.1550414930634783,0.19401340468958933,0.6843965329821723,-0.05648637376736317,0.14082991843022982,-0.050412831805402285,-0.3581897157591875,0.5483838198108261,0.1681674708965773,-1.2165613381934122,-0.16395381336002116,0.357915095885544,0.7095890402793886,0.7095890402793886,-1.4132558882236481,-1.4132558882236481,3.2831862390041353,3.2831862390041353,-0.3093516469001764,-0.3093516469001764,2.484835850000381,2.484835850000381,2.3331441700458533,2.3331441700458533,-0.15888875276359496,0.3805930564158555,0.9942721987470611,0.46689744854316817,0.7220681389688022,0.5036207125092714,0.08360952793590101
-0.23123033082938715,0.4286049453843458,1.08,-0.1321266859500571,0.35560039729214965,0.9870890060962029,0.02188938428983886,-0.015809358829608766,0.0019054344796455291,-0.09371807720238202,-0.800664120693979,0.459716584605205,0.32792100514880307,0.18280586227313253,0.19888260303128494,0.6205549119866167,-0.06833037394051306,0.15957320819399057,-0.06583587559930563,-0.44562403782985,0.5432557263245259,0.036853350824032474,-1.3320135437435232,-0.30440105731052314,0.38323196789502184,0.7292984127998354,0.7292984127998354,-1.499114775657654,-1.499114775657654,3.187723243236542,3.187723243236542,-0.39609143733978214,-0.39609143733978214,2.390571157932281,2.390571157932281,2.3454936683177956,2.3454936683177956,-0.15401607023989597,0.3714097561217584,0.9851835716165573,0.4680499447669907,0.7288140847958264,0.49189808448405836,0.08829243165613421
-0.23233080798527622,0.4216965524683385,1.08,-0.12819507966715693,0.34477476793730877,0.9807436767903878,0.021058820003724166,-0.015597720915728419,0.004774122329179287,-0.1210572442821942,-0.9008686467745592,0.4573394133545641,0.3069557205704203,0.20960466064284558,0.20008767630196253,0.5550137429481704,-0.0870808652071398,0.18339923496532112,-0.034217859045579974,-0.41925314806971514,0.5009745554529341,-0.00870731541097851,-1.340071696161887,-0.4413096607335446,0.5130638942209883,0.7672632455825807,0.7672632455825807,-1.5404637932777405,-1.5404637932777405,3.093488401174546,3.093488401174546,-0.4281516253948206,-0.4281516253948206,2.292216699123382,2.292216699123382,2.4234464704990395,2.4234464704990395,-0.1492538996708811,0.3603724888530372,0.9759695544612085,0.47349632278163634,0.7325999078656271,0.4799987952306154,0.09327252481144199
-0.23380632927168693,0.4139080349840533,1.08,-0.12584362354417242,0.33249785374505453,0.9760606609224453,0.019515928912524683,-0.01364983431432798,0.010462796643486816,-0.15249053940365712,-0.9863236653718308,0.45515814976227137,0.28315758926551393,0.23430381254289046,0.19620409315251883,0.4858696097772491,-0.11240625050045233,0.20957332841142887,-0.04361893577321907,-0.48742014323787314,0.542500036529691,-0.11279492795574463,-1.326726616355919,-0.55447660378814,0.5690111965579682,0.7227927565574648,0.7227927565574648,-1.6163399875164033,-1.6163399875164033,3.0131466209888464,3.0131466209888464,-0.37030232548713626,-0.37030232548713626,2.2073670136928554,2.2073670136928554,2.521156257390977,2.521156257390977,-0.1453595524566971,0.3461476880593825,0.9655978642789584,0.48384554286917514,0.7345783110331987,0.46540238683834423,0.09843177297203798
-0.23594408179871643,0.4044295767566245,1.08,-0.11958287055199049,0.3161212032194698,0.9692702311613752,0.018753680378919224,-0.014787469072129245,0.011728989294223391,-0.19060622683378736,-1.1311891563754184,0.4530181656044227,0.2574669370740033,0.2620443858031354,0.18925913557254978,0.420082736614758,-0.1428291832823032,0.23952865462892897,-0.0415606265312684,-0.535457341193083,0.5595908242214912,-0.16455360798451657,-1.2972800028445703,-0.6579654173962932,0.62460452879186,0.7099314808845522,0.7099314808845522,-1.677275460958481,-1.677275460958481,2.987211954593659,2.987211954593659,-0.2744496643543238,-0.2744496643543238,2.1173156428337094,2.1173156428337094,2.6148896872997294,2.6148896872997294,-0.1383365509309097,0.33090867229159904,0.9575412418671518,0.49694883972938,0.7320193634213056,0.4535570432992935,0.10712381033875068
-0.23829742684410507,0.395543948348157,1.08,-0.11156566328422639,0.29922539160407824,0.9638477036671463,0.018777773203544804,-0.015645637707581095,0.012838733803398172,-0.22652066025422948,-1.2918557390949494,0.45142094633191504,0.23036970991456154,0.2902134818802227,0.1813986794642878,0.35640562206042004,-0.1776944463370202,0.2727561089093221,-0.01906928342252105,-0.5391250092559798,0.5608875280306399,-0.14437726844837184,-1.2412157090639864,-0.72825913546667,0.7021071376546749,0.6808057546615602,0.6808057546615602,-1.7435673177242281,-1.7435673177242281,2.8931767404079443,2.8931767404079443,-0.18052771687507574,-0.18052771687507574,2.019958184957504,2.019958184957504,2.7134723126888285,2.7134723126888285,-0.1303434364877712,0.31487102931165933,0.9510089698637482,0.5116702140569622,0.7264848484042166,0.44324299697684827,0.11810589619907477
-0.24080760454238825,0.3872509286342207,1.08,-0.10353110497863538,0.28221906008622233,0.9607831729137005,0.01914162180348941,-0.016993987656943488,0.014741613079762406,-0.26048244898516604,-1.4481163807282913,0.4511409754063659,0.20332589935577877,0.31751345235172246,0.1754495775904469,0.29516683632365154,-0.21569008113434787,0.30943415007673547,0.0070947973331897144,-0.5397861408753684,0.5237247158567934,-0.09853419751663645,-1.207259798240438,-0.7891516178750977,0.7571061910771457,0.6150048017501832,0.6150048017501832,-1.8251658260822299,-1.8251658260822299,2.803728556632996,2.803728556632996,-0.08379133343696539,-0.08379133343696539,1.9385654973983761,1.9385654973983761,2.812736243009568,2.812736243009568,-0.12267272678212479,0.2992130477431658,0.9460415598339381,0.526022968340078,0.7190990173108799,0.4348789808190646,0.13067789454606288
-0.24366689180107443,0.3788566704791849,1.08,-0.09846058264340432,0.2649140388958336,0.9600002664131839,0.01817823687554959,-0.018340866415157753,0.01839552693833435,-0.29534777444487315,-1.5773986364079275,0.45201883597313924,0.1762722866543374,0.3419713822526583,0.17214041732646368,0.2345384479325988,-0.2566770399913554,0.34813345826799624,0.05371133892740053,-0.4865528572585683,0.4259258163159312,-0.009002993967395054,-1.2133013180916288,-0.8296575239882479,0.7958963433181703,0.5290272176265718,0.5290272176265718,-1.8752577066421512,-1.8752577066421512,2.7057006001472477,2.7057006001472477,0.011301368474960882,0.011301368474960882,1.8392411935329434,1.8392411935329434,2.9117510259151467,2.9117510259151467,-0.11663881951895391,0.28325490531099135,0.9416047394748496,0.5399868972596166,0.7112342069169831,0.4263910120875911,0.14405123571154235
-0.244967114621909,0.3753282522632093,1.08,-0.10043794626064904,0.258872775642962,0.9600090851126131,0.01675357269404057,-0.018571654716740493,0.020010972284386863,-0.3089390368419301,-1.5841166636958415,0.461004314089958,0.16614864446363914,0.36125407201367127,0.18055225892306226,0.1805789332964295,-0.29400758449503595,0.39880627845529215,0.21996428918420716,-0.1056731094138368,0.37207176516053475,0.2293979848019471,-1.017333630935994,-0.7399624485632659,1.1002748878993973,0.43036199212074294,0.43036199212074294,-1.8966956198215488,-1.8966956198215488,2.640324026346207,2.640324026346207,0.08247800469398554,0.08247800469398554,1.740896778106689,1.740896778106689,3.011392635107041,3.011392635107041,-0.11719151895468961,0.2774444303597025,0.9399981128282262,0.546546533719911,0.7039715525611316,0.42676979541895893,0.15355286184724762
-0.24578312075289377,0.37319226026123853,1.08,-0.10304582054844691,0.25573271855053153,0.9600014139898599,0.016055741862059575,-0.01893098860206699,0.02016524059887348,-0.31806960999596984,-1.5760723784793365,0.4713263745548974,0.1614542295236456,0.3791885355342661,0.19231111649570454,0.12930384578152748,-0.33253444315729325,0.45410664021161756,0.19103572587101433,-0.08712474363755617,0.3395519800715,0.2373676891536481,-1.0301551141696275,-0.7995640772548643,1.1066486167719503,0.3309598803520204,0.3309598803520204,-1.8340491473674778,-1.8340491473674778,2.6042166769504553,2.6042166769504553,0.09973401427269038,0.09973401427269038,1.6448669540882106,1.6448669540882106,3.105722445249558,3.105722445249558,-0.11910156241050648,0.2746637071525985,0.9398361733909865,0.5515402766462856,0.6955038675093267,0.43064424933768575,0.16316624659802909
-0.2470036311543915,0.37009992028762206,1.08,-0.10613799644297893,0.25092153053173216,0.9600001424895422,0.015475578477235241,-0.01951005909194342,0.020499011522394417,-0.33124316413500055,-1.5723909947536343,0.47985775629327604,0.15792086654553658,0.39504025684992344,0.20394460852960777,0.0774122071931198,-0.3734375440245186,0.5103043424186815,0.15283075782777178,-0.05452013030578645,0.2921504778026333,0.22716709180760714,-1.0344974688994661,-0.8300821286988266,1.142197956109068,0.23341683745384229,0.23341683745384229,-1.8674864113330845,-1.8674864113330845,2.6118732750415807,2.6118732750415807,0.011143428087235063,0.011143428087235063,1.545764462947845,1.545764462947845,3.2003672063350685,3.2003672063350685,-0.12161357492021417,0.2704315896236756,0.9395011309671478,0.5582241014789793,0.6860524902589554,0.43297238506428937,0.17393316793876035
-0.24858107300362353,0.3662685008097685,1.08,-0.11006966512456605,0.244985181448765,0.9600003797849344,0.014797849466043955,-0.020010522069186104,0.020833222575469823,-0.3476248859243583,-1.5677378066504537,0.48597350579898957,0.1567672254294114,0.40848788845279693,0.2147721765047925,0.025256613413821044,-0.4153816555674188,0.5685242604719041,0.09437657549792401,0.004963985912731068,0.24403090704558494,0.20431943290196958,-1.043283103377416,-0.846784579532805,1.1820828478968117,0.1337028443813325,0.1337028443813325,-1.8022423207759861,-1.8022423207759861,2.547276186943055,2.547276186943055,0.008543115854263872,0.008543115854263872,1.4480554449558254,1.4480554449558254,3.292156070470811,3.292156070470811,-0.12486751459061,0.2649957035179511,0.9391671572094645,0.5664657020538141,0.6752372470344021,0.4342353960029589,0.1860400211573701
-0.25059571773294,0.36161575591130835,1.08,-0.11503950164649256,0.23783225477274297,0.9600036596991002,0.013945044232849604,-0.020469479158983978,0.021150845642466498,-0.36766465281954475,-1.5617736546639147,0.48879488387606496,0.1587382969036093,0.4194727092727465,0.22417335898781954,-0.02747880217757534,-0.45801512613691076,0.6286127144451557,0.021703082227566145,0.07017922075344123,0.19404733291447357,0.17060619403639013,-1.0571011307814941,-0.8577847322509102,1.2169337140344325,0.03636780977249157,0.03636780977249157,-1.7659409105777744,-1.7659409105777744,2.475321447849274,2.475321447849274,0.03721686005592403,0.03721686005592403,1.3525392878055569,1.3525392878055569,3.3919937551021584,3.3919937551021584,-0.12898454587934216,0.25830173393172695,0.9388528140566337,0.5766450034666707,0.662787032317432,0.43408809361339407,0.19940264981154085
-0.2531428663766007,0.3560696882483221,1.08,-0.12112130879785224,0.2293303383491141,0.9600106762702837,0.01297136147753572,-0.020939462760892313,0.021439396045316417,-0.3917663343041216,-1.555554796086727,0.48750615783826384,0.16432306363717872,0.427987998449419,0.23182436866102107,-0.0811202797651321,-0.5012037088089609,0.6902420959387044,-0.06908454347507603,0.14741868668801575,0.14523056877723636,0.13463885647953597,-1.078941298476597,-0.8691565838361023,1.2441208991562727,-0.0517782688140868,-0.0517782688140868,-1.7086409866809849,-1.7086409866809849,2.4234888434410102,2.4234888434410102,0.077411967515946,0.077411967515946,1.2535887229442593,1.2535887229442593,3.487238639593125,3.487238639593125,-0.13409267027538796,0.2502698011100064,0.9385712802249673,0.5890011226669767,0.648570269462978,0.43204073502718504,0.21395113073534106
-0.2545964508086469,0.35305337530237746,1.08,-0.12356571828839318,0.22425596425832978,0.9600023048226957,0.01225083240041265,-0.021769750361210483,0.01949313300865485,-0.4037600119521281,-1.5647383260200374,0.48188871863995403,0.17511002534092074,0.43163833720969447,0.23722821438703023,-0.10569868145244338,-0.544842732456178,0.7460675134118746,-0.13538528539116745,0.3046002660056005,-0.005601461001698581,0.08554882167190049,0.12150015163147448,-0.8636588997948543,0.9273638792306979,-0.1489176869392394,-0.1489176869392394,-1.612121778726578,-1.612121778726578,2.3318108081817632,2.3318108081817632,0.12121604084968624,0.12121604084968624,1.15660841345787,1.15660841345787,3.5864986598491675,3.5864986598491675,-0.13581655068880583,0.24602571461954026,0.9405091718140408,0.6028139672708294,0.6274591992893689,0.43668618650605473,0.2285069990287972
-0.25436433693695193,0.3535282994895263,1.08,-0.12342782911546578,0.22517873104512762,0.960005950581849,0.01141031729117141,-0.02276300192854505,0.01604977932101692,-0.40175040872371287,-1.5588294740399555,0.4724636527340356,0.19370011850001712,0.4297218096369625,0.2404591057305154,-0.10065803563173746,-0.5883659181898552,0.7848060068830256,-0.2247768449263942,0.45316512100369344,-0.06233494889326172,0.05062950416264859,0.06204363335895096,-0.8641641154793902,0.6128166096829781,-0.2446491837501525,-0.2446491837501525,-1.5246677696704867,-1.5246677696704867,2.2615268051624304,2.2615268051624304,0.17735514044761713,0.17735514044761713,1.056794987916946,1.056794987916946,3.6856301248073584,3.6856301248073584,-0.1348381464066372,0.24794173297367267,0.9439561712608321,0.6196390459182419,0.6003567665602875,0.44643183466838765,0.2373137640623166
-0.2543147373573416,0.35363010892612545,1.08,-0.12664785743958848,0.22695845280063953,0.9601194900959921,0.010729028392311962,-0.023735445125021626,0.014337884321088734,-0.4013185528080222,-1.5184304976310241,0.45884180562719784,0.2206818307585163,0.4257790304884505,0.2428530311586448,-0.10010756821957058,-0.6313341499249955,0.8071877430245016,-0.31996040798704395,0.6064029534241606,-0.09804528926119287,0.043535187209055914,-0.0027093352241166005,-0.8603845389924039,0.31777090964817983,-0.32685019969940177,-0.32685019969940177,-1.4321599543094636,-1.4321599543094636,2.20276906490326,2.20276906490326,0.2623467028141027,0.2623467028141027,0.9581477391719815,0.9581477391719815,3.7787314713001257,3.7787314713001257,-0.13737688583190044,0.25069389792566116,0.9457816057749033,0.6414526022863938,0.5755325982659623,0.4478428111301376,0.23819656561818833
-0.2542657107358954,0.35373085530160886,1.08,-0.13107495804882793,0.22931938935774654,0.9605070973886026,0.00980628247938925,-0.024687792456006663,0.013309912063841689,-0.40088409396444635,-1.4654441722336167,0.43958936604813886,0.2538706623415508,0.42079448289969545,0.24580366099153458,-0.10021314543419954,-0.6747341187110761,0.8197800138855474,-0.4458215924336593,0.7084966292051328,-0.10259793430003435,0.0718892058438158,-0.0012365044150755744,-0.8781042530057181,0.20232770837712327,-0.3930517852306365,-0.3930517852306365,-1.3374192893505097,-1.3374192893505097,2.1210556030273446,2.1210556030273446,0.3539998114109045,0.3539998114109045,0.8745660293102261,0.8745660293102261,3.877825754880906,3.877825754880906,-0.14088124052821718,0.2540071818137532,0.9471971853247609,0.666762538009071,0.5503424641868145,0.4445946452039099,0.23427866201704464
-0.2542944322000421,0.3536718209969101,1.08,-0.13381691342816304,0.23053353188336476,0.9608641580280141,0.008983446601356082,-0.02519113241766488,0.012362148248381999,-0.4011872068471724,-1.4355824222216813,0.4133023636126456,0.2872375846288003,0.4160045411340162,0.25271216655468626,-0.10032197162650326,-0.7180413025075062,0.8231894443033396,-0.5833763328357292,0.6041423080663288,-0.07589063431334019,0.24203294095649597,-0.0020409766182990486,-0.7906542191958756,-0.14268249110954068,-0.4161659777164458,-0.4161659777164458,-1.243824690580368,-1.243824690580368,2.0548174142837534,2.0548174142837534,0.4521768152713781,0.4521768152713781,0.8478088486194607,0.8478088486194607,3.976484543085099,3.976484543085099,-0.14280036002951912,0.25572466430102964,0.9485020097796321,0.6929291034723007,0.5251605377567211,0.43797713737702904,0.22854254369628435
-0.25432961775011115,0.3535995529697347,1.08,-0.13349356109969007,0.23022975275632185,0.9608051883950943,0.009022324822696742,-0.025850308507596342,0.011696171211131534,-0.40147066967848294,-1.4410971781260125,0.38292390958092976,0.31583575713326906,0.41235070445456407,0.27251118982812417,-0.1004090398661793,-0.7505756645834916,0.8055684175190143,-0.6274926032001125,0.5386066274527802,-0.08024995922218252,0.5304079250617887,-0.0008268900519680061,-0.52442293348322,-0.5315626672519913,-0.33783751130104056,-0.33783751130104056,-1.1456986486911773,-1.1456986486911773,2.049588668346406,2.049588668346406,0.5265114605426794,0.5265114605426794,0.8293468344211575,0.8293468344211575,4.07637215256691,4.07637215256691,-0.14251588592238681,0.2560800612639182,0.9491090171839628,0.712771343274206,0.5102186182237097,0.4291378013448611,0.21788694610249343
-0.25428406877031967,0.3536931176104478,1.08,-0.13188360018656717,0.22963594169664067,0.9605998317171284,0.009875658387620029,-0.02658852474804277,0.011371368552802963,-0.4010359577676589,-1.45911740722362,0.35058645553427936,0.3414886499944667,0.40745772234009126,0.3060228275085801,-0.10040247058568302,-0.7708777003727616,0.7743868515787267,-0.6656016174077772,0.4952798538097378,-0.1194004034591299,0.7862048520798472,0.00020006372710024552,-0.30799927675671185,-0.6623374908983255,-0.2790027678012847,-0.2790027678012847,-1.0461213886737823,-1.0461213886737823,2.132418370246888,2.132418370246888,0.6261485517025,0.6261485517025,0.9191303360462185,0.9191303360462185,4.173227900266648,4.173227900266648,-0.1417592585741872,0.25622446644468344,0.9492284631643254,0.7247534336914723,0.5063347706321103,0.42086555423482624,0.2030510912552841
-0.25424571007329066,0.35377198764111073,1.08,-0.13015840425639597,0.22895761559537442,0.9604113038977997,0.010851614747433347,-0.02691286791696934,0.011089869834420507,-0.40071684989261075,-1.4785120133566574,0.31616855831846635,0.36565314925527637,0.4001554157245303,0.3506106015811747,-0.10034190836784013,-0.7825848266275723,0.7404599297816135,-0.7071995220526863,0.47364833840574005,-0.16677668866451315,0.9745826590876028,0.0015049569696965962,-0.17898581559378723,-0.6977307291882001,-0.2931844234466552,-0.2931844234466552,-0.9465503752231598,-0.9465503752231598,2.2303709745407114,2.2303709745407114,0.7188494622707372,0.7188494622707372,1.0113301146030422,1.0113301146030422,4.271061092615128,4.271061092615128,-0.1410100190038293,0.25587048351234376,0.9493214340633792,0.7302775122993903,0.509423454583149,0.41468824142216354,0.18765969566366075
-0.2542484453338195,0.3537663613367485,1.08,-0.1284507036068873,0.22811589207112157,0.9602527545112342,0.011859422998865055,-0.027019311707458277,0.010760865353573457,-0.40074054190483493,-1.4986045823335572,0.27961231908543294,0.3893857271935023,0.3910045031967262,0.4030109216808048,-0.10023295830105614,-0.7899061605259238,0.7041490786491612,-0.7516052171217957,0.4793318097719348,-0.19584982723124808,1.1028217371992282,0.0016350895660030315,-0.1259162446254633,-0.742322654758329,-0.386545318365097,-0.386545318365097,-0.8472515165805816,-0.8472515165805816,2.330051803588868,2.330051803588868,0.8144949853420262,0.8144949853420262,1.1088977444171901,1.1088977444171901,4.369065397977829,4.369065397977829,-0.14031012660575234,0.25513520377857984,0.9494918891576607,0.7319447391334812,0.5166576749378389,0.40960903923713443,0.17187838944404377
-0.2542577042270847,0.35374731882636107,1.08,-0.1268407413904498,0.22729394598786165,0.9601377020084694,0.012824399852027019,-0.026998696374706338,0.010253193033286423,-0.4008294694180841,-1.5176953485118758,0.2407732690266917,0.4138981125468966,0.38054887704952944,0.45999599192256896,-0.10012588689341731,-0.7964565837276916,0.6648880206005708,-0.7962634488087856,0.500147445310735,-0.21823736028182317,1.1608217108791363,0.0018183685757989852,-0.1440685780906845,-0.8332337700645804,-0.48253616690635676,-0.48253616690635676,-0.7497008144855499,-0.7497008144855499,2.4300163269042976,2.4300163269042976,0.8698977410793309,0.8698977410793309,1.1987518894672389,1.1987518894672389,4.45823467373848,4.45823467373848,-0.1396651412424768,0.254292642362568,0.949884508975183,0.7321659784546717,0.5254814040709304,0.4045977036358593,0.15525131942030806
-0.254265638962094,0.3537310028744037,1.08,-0.12537011783121654,0.22654507475881852,0.960062992784119,0.013850845172717868,-0.026973070820382028,0.009616635254298456,-0.40089754598933464,-1.53501434548074,0.19994895060255305,0.43952071244884805,0.36908880936742033,0.5190381035917241,-0.10001871676948872,-0.8049667050769875,0.6203319713292744,-0.8312938428075539,0.5211792551528999,-0.23832364897971675,1.191019643578928,0.0026124957648954975,-0.1963605650063485,-0.9434518040928409,-0.542588311433792,-0.542588311433792,-0.6499724447727203,-0.6499724447727203,2.5300054073333746,2.5300054073333746,0.9671974241733556,0.9671974241733556,1.2882123339176172,1.2882123339176172,4.537066918611527,4.537066918611527,-0.1392209630039344,0.25351814557920055,0.9504463575298205,0.7327501297578638,0.5345028274970356,0.39835322482156676,0.13674312784109682
-0.25423648921017533,0.35379095711672903,1.08,-0.12529373328008853,0.2266319315634817,0.9600624273691913,0.014890133673113481,-0.02713573688693091,0.00871365502928556,-0.40062232055238983,-1.5339447552547492,0.15770100533381035,0.46816558670763403,0.35440500419111537,0.5787697918914076,-0.09945797734659748,-0.8167296292798956,0.5725776102501011,-0.860611489189286,0.6080513604838919,-0.33990756023533736,1.189271013150716,0.00973176941266253,-0.27592643661187277,-0.9486502880830352,-0.6413217008113861,-0.6413217008113861,-0.5514845192432404,-0.5514845192432404,2.630005145072938,2.630005145072938,1.0659140408039098,1.0659140408039098,1.3855736839771264,1.3855736839771264,4.45493221282959,4.45493221282959,-0.140183866953202,0.2537676684504126,0.9513487723399058,0.7343592426660365,0.542685667710453,0.3909670483031437,0.11555750046514762
-0.2542181614251101,0.3538286735179451,1.08,-0.12762682477355167,0.2278434141612381,0.960194819308005,0.015692799885014957,-0.027208963520473084,0.007482578944561946,-0.4004672489823439,-1.505079322556596,0.11377345517508089,0.5000063017283969,0.334862007376499,0.6380491161626514,-0.09919608721556124,-0.8329644874495651,0.5258846889114114,-0.8918977551165497,0.6605792827411422,-0.4363823182880233,1.1744796632210686,0.001299048722623871,-0.37045180746833173,-0.9199484344343529,-0.695914751291275,-0.695914751291275,-0.4559474647045136,-0.4559474647045136,2.729979372024537,2.729979372024537,1.1518305003643041,1.1518305003643041,1.4603508102893823,1.4603508102893823,4.4653585195541385,4.4653585195541385,-0.14331962465856662,0.2550523776817112,0.952712240363443,0.7374529771769043,0.5487130217071955,0.38279506527348445,0.09243951678880685
-0.25421267096458344,0.3538399753045403,1.08,-0.1321110448631173,0.23004495482716902,0.9606482626095116,0.01621319085406439,-0.02724508143740839,0.005950923275686026,-0.40041865795230674,-1.4513485849921277,0.06851457122649282,0.5340198468747732,0.3107662747160715,0.6949430446835043,-0.0991427904425233,-0.8540508509847539,0.48064259611527194,-0.9150905418449725,0.6945514543676428,-0.5203343622765182,1.0975447553304447,0.0007128460253031023,-0.46996090081558434,-0.8885583432958748,-0.7552644073963165,-0.7552644073963165,-0.4369205534458161,-0.4369205534458161,2.8299761533737193,2.8299761533737193,1.1159875571727758,1.1159875571727758,1.5027496802806848,1.5027496802806848,4.545820045471192,4.545820045471192,-0.1483242357171817,0.2572900362645774,0.9546973393338256,0.7422777447272285,0.551897837914208,0.3739810715506635,0.06760683626749224
-0.2542043956420058,0.3538570122417387,1.08,-0.13817052388210607,0.23302252852395688,0.9616891637313558,0.016430861166333022,-0.027323190681402987,0.004188878062135637,-0.4003433796283887,-1.3787755082544215,0.022402833755704954,0.5691295637962972,0.2831021307432143,0.747798658447014,-0.09930860015485501,-0.8803000801733352,0.4373792824238537,-0.9276830713745766,0.7050867964122204,-0.5790866141329198,1.0129990469131056,-0.006950090297134859,-0.5765763306022413,-0.8412980527367548,-0.7617267370223999,-0.7617267370223999,-0.3757075726985932,-0.3757075726985932,2.929972481727601,2.929972481727601,1.1903016984462742,1.1903016984462742,1.4505535113811487,1.4505535113811487,4.616054677963257,4.616054677963257,-0.1546013850484391,0.26034571920535987,0.9575002856692202,0.7490088329250466,0.5515421745142636,0.36478489253444196,0.04146058502931638
-0.25419446312102484,0.3538774652123233,1.08,-0.1451232383604606,0.23643942751830227,0.9635106452088371,0.016393678506130938,-0.02737482776167849,0.002344863946982634,-0.40025200648315623,-1.2945853883051641,-0.024367737498798236,0.6040068256653268,0.2530219202644996,0.7954739594806504,-0.10017641999196929,-0.9068910992561966,0.3964819020951435,-0.941152175600942,0.6824104134476562,-0.6233832133278547,0.8922378819125744,-0.011092207050213245,-0.491916648004546,-0.7972462836692362,-0.8425671517848968,-0.8425671517848968,-0.30951208472251895,-0.30951208472251895,3.0299695014953625,3.0299695014953625,1.1971869170665745,1.1971869170665745,1.4867969739437097,1.4867969739437097,4.71594455242157,4.71594455242157,-0.16151691686659153,0.26381425527998076,0.9611657812618545,0.7562486997733295,0.5488947708802846,0.35578007203619155,0.01493234520598202
-0.2541825761139764,0.3539019489481268,1.08,-0.15243481369023948,0.24003674169088265,0.9661940646073192,0.016109412233468984,-0.02736006951133499,0.0006369304520391639,-0.40014823609690436,-1.2040798663475765,-0.07146119031313768,0.6366298651308875,0.22101630717991508,0.8358896896720951,-0.10013565629113484,-0.9267832528798069,0.357714240878473,-0.9401364649896534,0.6263506279243368,-0.6483704565416768,0.7295792346181611,0.0025237374635443356,-0.30998279458461536,-0.7535868968625252,-0.8011158168315887,-0.8011158168315887,-0.3000441372394562,-0.3000441372394562,3.129955005645753,3.129955005645753,1.1395768702030187,1.1395768702030187,1.4282182204723353,1.4282182204723353,4.811558401584626,4.811558401584626,-0.16854422592370846,0.26739681120221764,0.96555713415528,0.7621161864275388,0.5458926465301068,0.3479326742189459,-0.011090133468708241
-0.2541785191473843,0.353910306627871,1.08,-0.15951184922709163,0.2434879489875526,0.9696010611912556,0.01569661026063232,-0.02725037793201618,-0.0008837123705368599,-0.40011332291322627,-1.1138041944785695,-0.11799239726987247,0.6664448394351857,0.18890328923299396,0.8676157840305948,-0.10007758562675138,-0.9395291871674714,0.3212733809712115,-0.9199778395199366,0.5675826258103808,-0.6328311969628777,0.5462210449677263,0.0005216791849565091,-0.21139030699320654,-0.7059029641570995,-0.7311448514461517,-0.7311448514461517,-0.2672052204608918,-0.2672052204608918,3.2297759056091317,3.2297759056091317,1.0989007174968723,1.0989007174968723,1.3369265663623804,1.3369265663623804,4.909798479080201,4.909798479080201,-0.17520845948772396,0.2707383269195688,0.9704847735617924,0.7667945044742677,0.5425943421108568,0.3410669602279583,-0.03592904755499793
-0.2541750907193692,0.3539173700715658,1.08,-0.16580445590468473,0.24655540378422705,0.9733843315458627,0.015324677098253747,-0.02710685943220134,-0.0023647049896773353,-0.40008306070997113,-1.0303185129239298,-0.1631687912482304,0.6931726395279378,0.1580593397782953,0.8892983297906291,-0.1001121895543607,-0.9454955848589028,0.28689531488106723,-0.8858147000392618,0.5020218554624084,-0.6002611292123529,0.3312771156048595,-0.0005849717676522205,-0.03582260405514791,-0.6730120768104542,-0.7419923961162567,-0.7419923961162567,-0.1870191156864167,-0.1870191156864167,3.328947353363038,3.328947353363038,1.017148989439011,1.017148989439011,1.2453387725353235,1.2453387725353235,5.008812522888184,5.008812522888184,-0.18112913300293848,0.2736622632164284,0.97574903653554,0.770950609506351,0.5384711815065175,0.3348947855433333,-0.059408980841669734
-0.2542110776738868,0.353843255263979,1.08,-0.17112686666533156,0.24900380485823004,0.977158550110395,0.014911249725520132,-0.026826746921979006,-0.003741588021415554,-0.4004227222939194,-0.9576377832506101,-0.2059989042664444,0.7160020940740992,0.13005654776991846,0.8995981267031282,-0.10014255841176989,-0.9470540904507955,0.2530633862817487,-0.8232386148971474,0.4242635959591242,-0.5241193481827147,0.09323018190417649,0.00045654820744421695,-0.024639204288819223,-0.6874024119279446,-0.7286690771579742,-0.7286690771579742,-0.15971470475196844,-0.15971470475196844,3.4257004857063302,3.4257004857063302,0.9515781164169317,0.9515781164169317,1.1687319386005397,1.1687319386005397,5.082861709594727,5.082861709594727,-0.1860381163908517,0.27583055178020904,0.9809001381318105,0.775577734258045,0.532788808549561,0.328510703022616,-0.08182897779566556
-0.2542343372752634,0.3537953847253732,1.08,-0.17547889969317618,0.25103180686222676,0.9807382965142732,0.014511071983899254,-0.02662190543997689,-0.005138142463742779,-0.40062494299503726,-0.8951708693769148,-0.24514582834789928,0.7355271790051713,0.10589747367152433,0.8986837881919312,-0.10017739619379112,-0.9451231974114422,0.21776351507599817,-0.7439342362506302,0.3495737861078547,-0.4377568541000682,-0.11936794349735591,-0.0006785134701305644,0.07745840688737103,-0.728416600684438,-0.7180324733257294,-0.7180324733257294,-0.07683811783790595,-0.07683811783790595,3.4722458839416515,3.4722458839416515,0.9948031902313238,0.9948031902313238,1.0902846562862392,1.0902846562862392,5.149721825122834,5.149721825122834,-0.18998997167707543,0.27765371230220365,0.985876438978016,0.7807960594132265,0.525564567001352,0.32135633190762486,-0.10425693003505784
-0.254242116965471,0.3537793790311396,1.08,-0.1788592738664701,0.25264623969913086,0.9838846179318064,0.014203983214138793,-0.026416652210945413,-0.006539240618185671,-0.40068295971653145,-0.8440523485954593,-0.2800052915963933,0.7515186628667975,0.0860948628870811,0.8880224297660934,-0.10021585262000411,-0.9374059622549868,0.1799908737853801,-0.6530526892096161,0.2904601104833895,-0.35599308087414383,-0.29654417159272095,-0.000258386090520391,0.2214545750769039,-0.7817289622442005,-0.7181217730045318,-0.7181217730045318,-0.04238157868385321,-0.04238157868385321,3.4210774600505838,3.4210774600505838,1.0662475466728216,1.0662475466728216,1.0433008062839504,1.0433008062839504,5.225053226947785,5.225053226947785,-0.1930632570806089,0.27906289191007627,0.990423858549992,0.7854249032048377,0.5184645093459954,0.3134928834296947,-0.1265878588697334
-0.2542452746763817,0.3537728832647955,1.08,-0.18134243083913987,0.25384183273925576,0.9864228439645119,0.014043041307296278,-0.026165264062605276,-0.007931384909953265,-0.4007124960811541,-0.8051188508057652,-0.31021053324725917,0.7638499081872532,0.07086980916736356,0.8693397967949058,-0.10024764519664563,-0.9228225586690252,0.1394847025402219,-0.5585769259203638,0.21647466182126682,-0.2637742839837831,-0.43974382923569855,-0.0003710480939638722,0.36018552020878725,-0.834418336048776,-0.6544978559017182,-0.6544978559017182,-0.0329766213893891,-0.0329766213893891,3.456561321020127,3.456561321020127,1.1256344676017767,1.1256344676017767,0.9849809932708736,0.9849809932708736,5.1489189028739935,5.1489189028739935,-0.19538547214643615,0.28000709680186103,0.9943542288744651,0.7887015752516439,0.5126599806771835,0.3050523594696769,-0.1485685948968638
-0.25424034910634885,0.35378301592043004,1.08,-0.18309466946748637,0.25471145703683795,0.9883557784841562,0.014041092951744688,-0.025866658566216838,-0.009282974985819092,-0.40066443165289256,-0.7765135783692518,-0.33559999666027684,0.7729330723741165,0.059968237844733464,0.844787127805988,-0.10024583581804428,-0.9010960444464196,0.0964655886935816,-0.46059668593203545,0.1555317834051318,-0.17972794898899844,-0.5360737921695566,9.357958423932255e-05,0.5046616266332619,-0.8844416497416193,-0.6044898450374604,-0.6044898450374604,-0.052127039432525696,-0.052127039432525696,3.410571277141572,3.410571277141572,1.2120543837547308,1.2120543837547308,1.0528146553039548,1.0528146553039548,5.237938511371613,5.237938511371613,-0.19713576241923106,0.2805781156030548,0.9976387534699753,0.7900873451216611,0.5090181421236072,0.2962780878192735,-0.1699464996573665
-0.25422966242628964,0.35380500398195036,1.08,-0.18428342560045002,0.2553277665331994,0.9897493692156675,0.01420614997027056,-0.025480941103855737,-0.010510961870422553,-0.4005692428683875,-0.7564659306016841,-0.35628619682227447,0.7791091842553755,0.05299819253844401,0.8167677311504344,-0.10022780224554571,-0.8720789746425345,0.051303060655480084,-0.3711161688397414,0.09916375077544723,-0.10606440126160648,-0.579670650327971,5.4591734303165724e-05,0.6518065254617296,-0.920317127703222,-0.5695299923419953,-0.5695299923419953,-0.0617522299289704,-0.0617522299289704,3.3241672754287728,3.3241672754287728,1.300435078144074,1.300435078144074,1.1094983625411985,1.1094983625411985,5.1730493187904365,5.1730493187904365,-0.19848957557072058,0.2808087076370551,1.00026033108609,0.7891007147130946,0.5084355940647477,0.2873821671734935,-0.1903281343311503
-0.2542200923260368,0.3538246992099064,1.08,-0.18507107317128335,0.25574491038505404,0.9907104293114743,0.014563448057185874,-0.024953639871017397,-0.011522547198583366,-0.4004838260336232,-0.7428697045114788,-0.3727054054194135,0.7828482420353152,0.049261712185228165,0.7883165958858148,-0.10020184114318714,-0.8356115369313968,0.004598040393935395,-0.2895985210851307,0.0553022084606969,-0.04732987876527095,-0.5558248036343391,0.000144472787742388,0.8018300835936106,-0.9471598065835992,-0.506620866060257,-0.506620866060257,-0.05138359665870673,-0.05138359665870673,3.254061573743821,3.254061573743821,1.3964286327362068,1.3964286327362068,1.1945636081695554,1.1945636081695554,5.075935435295106,5.075935435295106,-0.19963452122846922,0.28069855025607143,1.0022329765100577,0.7852045983504644,0.5119554272413908,0.27861921489799135,-0.2091093310615238
-0.2542103763430834,0.353844699066333,1.08,-0.18554651109139145,0.25601075711206406,0.9913127183096194,0.01516625366027502,-0.02425177406216561,-0.01228571182809246,-0.40039853590243324,-0.7345122936335415,-0.3852926476683974,0.7847181149703351,0.04815562262626613,0.7626074123273113,-0.1001742789270773,-0.7917713833224282,-0.04328123611546653,-0.21668146451085812,0.021463713530605073,0.002161449225768849,-0.4746993592962285,0.00033040747478395034,0.9355015675231981,-0.9674726758315636,-0.49521253705024726,-0.49521253705024726,0.042643803358077936,0.042643803358077936,3.162242740392686,3.162242740392686,1.485850882530213,1.485850882530213,1.2705169725418088,1.2705169725418088,4.976860457658769,4.976860457658769,-0.20071276475166647,0.28026253117422967,1.0035984301377119,0.7778359099713135,0.5206501058788905,0.2701155150091741,-0.22568201735789095
-0.25420853662779175,0.35384848652629786,1.08,-0.18573418788810225,0.25610851659348394,0.9915486948058277,0.015956997066225942,-0.02338585383687458,-0.012864809751320538,-0.4003840300978943,-0.7313606057868477,-0.39433223126708017,0.7852601796247571,0.04948623382111855,0.7414092311638772,-0.10014078951580674,-0.7456032314374188,-0.09203401610425267,-0.14713891154032538,0.002255208145959801,0.05025166718707315,-0.3774311545440768,0.00035804966093323424,0.8952026551700248,-0.9827400627107847,-0.5109504342079163,-0.5109504342079163,0.11624625325202935,0.11624625325202935,3.070675271749497,3.070675271749497,1.4919274568557745,1.4919274568557745,1.3371852207183836,1.3371852207183836,4.878130704164506,4.878130704164506,-0.2016911849543282,0.2794943704303585,1.0044135045571483,0.7678990404859615,0.5332032687539123,0.2613953085411054,-0.24020372703932658
-0.2542040526237034,0.35385771850501735,1.08,-0.18568989955043588,0.2561030830842585,0.9915042879431848,0.01685531886349939,-0.022410599766980344,-0.013326433548982886,-0.40034177186809916,-0.7321226635128674,-0.4000458313997931,0.7850932061452852,0.053020367387282046,0.7256250851088069,-0.10013208341997534,-0.7009308136202294,-0.1414537513872985,-0.08394352980647096,-0.008486764832188787,0.09036391612308839,-0.26017151425388924,-1.5366978213711907e-06,0.8729613815257091,-0.9939441328392542,-0.601029896736145,-0.601029896736145,0.2092301428318023,0.2092301428318023,2.9934835016727455,2.9934835016727455,1.5549752473831182,1.5549752473831182,1.3666596937179565,1.3666596937179565,4.780222010612489,4.780222010612489,-0.20254521841393527,0.27851368285123884,1.0048307214921677,0.7562695459760767,0.5481394190228654,0.25206651444980893,-0.25310476770606005
-0.25420071981935066,0.3538645809264536,1.08,-0.18545378603662369,0.25600036758047995,0.9912210611013679,0.01782713283968057,-0.02133780329067697,-0.01369027987365734,-0.40031309387622466,-0.7362685026812412,-0.40271292054563695,0.7844860731930668,0.05850502626798058,0.7155491968783844,-0.10012965471086413,-0.65910685996758,-0.19134281101578085,-0.02464065509546377,-0.015441818245821515,0.1282097012184096,-0.14614592513294328,-7.389300861623277e-06,0.793205351414072,-1.002057381809103,-0.695333069562912,-0.695333069562912,0.2787844002246856,0.2787844002246856,2.916424316167832,2.916424316167832,1.544618439674378,1.544618439674378,1.4200047063827514,1.4200047063827514,4.6837457716465005,4.6837457716465005,-0.20328091887630426,0.2773381708711569,1.0049113409750252,0.7432250695414068,0.5649344442977507,0.24194677233906578,-0.264437760174055
-0.25419639393336313,0.35387348893503134,1.08,-0.1851586422414512,0.2558725715800937,0.9908705927404756,0.018802199845165957,-0.020219436833697424,-0.013989449504620999,-0.4002732787392291,-0.741201076255373,-0.40335610781868164,0.7840333134156393,0.06486362868289046,0.7112200124818083,-0.10007367157667255,-0.6217313248594036,-0.24030441082957962,-0.0019490157697405037,-0.00395220132883612,0.1278217004868615,-0.030224585729172797,0.0006809661555607527,0.6996980030276385,-0.9590196449814439,-0.7544866025447845,-0.7544866025447845,0.3229282200336456,0.3229282200336456,2.837040477991105,2.837040477991105,1.5336402893066412,1.5336402893066412,1.3905989456176757,1.3905989456176757,4.584966987371446,4.584966987371446,-0.20396084208661716,0.2760920084137911,1.0048600422450966,0.7294040971117721,0.5824553633895183,0.23125496517755267,-0.2742928250174872
-0.2541938959072511,0.3538786333546481,1.08,-0.18493455871652045,0.2557727371506338,0.9906050601561276,0.019737408542360224,-0.01901999463707449,-0.014174905291171935,-0.40025205876631664,-0.7449575388833356,-0.4029416553775117,0.7840725863885117,0.0712283066308864,0.7122255487297783,-0.1000504028219462,-0.5870137389287438,-0.28718250440797216,0.018374484194131114,0.004957467571839832,0.12783959014212265,0.06437862230631684,0.00018114408353909198,0.6755806511047542,-0.9186900480861608,-0.8387289822101592,-0.8387289822101592,0.35057932734489433,0.35057932734489433,2.741307210922242,2.741307210922242,1.5249114513397222,1.5249114513397222,1.45545485496521,1.45545485496521,4.494857853651047,4.494857853651047,-0.20467196725888068,0.2747927317877083,1.0047799654472995,0.7147563729020017,0.6007299835629213,0.22037716001618074,-0.2822777383848571
-0.25419244706204513,0.3538816172321003,1.08,-0.18476064897333544,0.255693503232024,0.9903992681035273,0.02059991090094243,-0.0177855122309577,-0.014298968206116425,-0.40023871557074703,-0.7478785791426703,-0.4015080192484469,0.7845900065262476,0.07764312873091041,0.7179568757734072,-0.10004067618035845,-0.5568469406712553,-0.33211026675023214,0.03859111589107742,0.014468756877749298,0.1295630920813376,0.15687996588782643,4.1244978201177707e-05,0.5402710303196346,-0.8810198381937855,-0.8260199964046477,-0.8260199964046477,0.4347752273082732,0.4347752273082732,2.671468538045884,2.671468538045884,1.5370120644569403,1.5370120644569403,1.5418831276893616,1.5418831276893616,4.415837639570237,4.415837639570237,-0.20536055987427787,0.2734790154629817,1.0046982363096437,0.6998610499913576,0.6188752326713186,0.20920697062127366,-0.2888259000409853
-0.25419045811653534,0.3538857135998448,1.08,-0.18462398208838932,0.25563430094453615,0.9902403091780796,0.021348013226326817,-0.01658346643143871,-0.01443001778792774,-0.4002207645107423,-0.7501391521710659,-0.3991208023529984,0.7855385387420962,0.0841285014358854,0.7282671398942332,-0.10003388343757759,-0.5341078960643847,-0.3752088389830481,0.056586253242958115,0.022379955563983093,0.13047036512158378,0.2504814987621721,4.005431284449415e-05,0.38049927244694876,-0.8453687868374152,-0.8767749428749083,-0.8767749428749083,0.5248022496700286,0.5248022496700286,2.5846123158931738,2.5846123158931738,1.5794954657554632,1.5794954657554632,1.6258251476287842,1.6258251476287842,4.31781924366951,4.31781924366951,-0.20597199531471613,0.27221776737597486,1.0046703269660073,0.6855924691919523,0.6356576491181184,0.19771588727075204,-0.29463663591897127
-0.2541883535856033,0.3538900482263142,1.08,-0.18451537676522387,0.25558914488610546,0.9901156813349259,0.021978015310164634,-0.015441066134039894,-0.014593364781956053,-0.4002018101965569,-0.7519175507605111,-0.395865680949457,0.7867955785284982,0.09069197808492915,0.7427027232873463,-0.10003093969101083,-0.5194475876737326,-0.41661539723694424,0.07330398966233323,0.026914150860407986,0.1327064089075474,0.3217465683811655,-3.549831132505134e-06,0.2124415240404302,-0.813153521024303,-0.9529620051383971,-0.9529620051383971,0.6043531358242035,0.6043531358242035,2.5227157771587376,2.5227157771587376,1.5392187535762791,1.5392187535762791,1.6919252920150756,1.6919252920150756,4.25409455895424,4.25409455895424,-0.2064933920753885,0.27103021102014535,1.004709046116882,0.6722919466016068,0.6506892099615222,0.18597493281737992,-0.300067350669551
-0.2541862198269059,0.35389444326500297,1.08,-0.18443140763797344,0.25555605966888006,0.9900207634231887,0.02247985191286775,-0.014400048892726725,-0.014827919755982744,-0.4001826370128252,-0.7532669667921151,-0.3918542550792868,0.7881908461403446,0.09737802578975904,0.75985520980114,-0.10003107099064547,-0.5132074605738517,-0.456466747768442,0.08690671739301992,0.02803555840246897,0.1353956274179705,0.3598790712755755,-4.9987000378592456e-05,0.04374547741001798,-0.7830222970512861,-1.0229940056800841,-1.0229940056800841,0.6214954674243927,0.6214954674243927,2.4892400801181798,2.4892400801181798,1.4798846304416662,1.4798846304416662,1.7022777247428893,1.7022777247428893,4.168331569433213,4.168331569433213,-0.2069112595508412,0.2699561085616068,1.0048486831791714,0.6604591982610002,0.6633652124399564,0.17409600796953142,-0.30566455857034125
-0.2541848065171679,0.35389735446708415,1.08,-0.18437578025278095,0.255534142926936,0.9899580263461292,0.02285915457978177,-0.013477404317508657,-0.015145939306364431,-0.4001702228426596,-0.754154985323325,-0.38723701553158596,0.7896011212066758,0.10415110940305905,0.7791102262644662,-0.10003104090949165,-0.5151594361286742,-0.4948529394917398,0.09775164890941143,0.02766834468336129,0.1362894414533272,0.4047863421539033,-3.8871393383338566e-05,-0.11438763674064083,-0.7545237783019841,-1.1036606550216674,-1.1036606550216674,0.5845161855220794,0.5845161855220794,2.5773160040378573,2.5773160040378573,1.5479751050472266,1.5479751050472266,1.7266540217399595,1.7266540217399595,4.069206780195237,4.069206780195237,-0.20723493483256272,0.26901154724444465,1.0051039656524936,0.6502667477996701,0.673547530711284,0.1622292898627754,-0.3117186842160604
-0.25418520467907435,0.35389653430488854,1.08,-0.18433443136657185,0.2555126355302604,0.9899082424417198,0.023207300761330873,-0.012538935743846735,-0.015418133042802706,-0.40017463978522644,-0.7548757160787528,-0.3820227603008665,0.7910773010197749,0.11087062131731688,0.8007025435417447,-0.10002979788239114,-0.5180488096942445,-0.5318643960673132,0.11061525908283183,0.03110758472390793,0.13331459874276735,0.4536128148427978,4.5497526371443396e-06,-0.01779144952798058,-0.7277720697613373,-1.0749059200286866,-1.0749059200286866,0.6232009351253509,0.6232009351253509,2.6567488729953768,2.6567488729953768,1.6126310408115394,1.6126310408115394,1.7342697787284849,1.7342697787284849,3.981262159347535,3.981262159347535,-0.20754173212790272,0.2680515712741071,1.0053263754845225,0.639872121245324,0.6838185194767388,0.15034700971718779,-0.3167833290164598
-0.2541858710187592,0.3538951617477407,1.08,-0.1843009138462358,0.2554939637762665,0.9898671760770122,0.023571197452468717,-0.011492013157326786,-0.015559640979487255,-0.4001803389340024,-0.7554584925699411,-0.37623280015941885,0.7927461330510839,0.11743745081929179,0.8238526561264392,-0.10002863976313299,-0.5166842186517656,-0.567557941113303,0.1207867962882385,0.03485380808888825,0.1302910745918558,0.4679446335479791,-1.3812478160426897e-05,0.057566092802421455,-0.7017714348166418,-1.1611980199813843,-1.1611980199813843,0.6516188085079193,0.6516188085079193,2.752652770280838,2.752652770280838,1.5683271229267128,1.5683271229267128,1.6855491685867308,1.6855491685867308,3.8919269740581517,3.8919269740581517,-0.2078721112987045,0.26698597693359327,1.0054268170564995,0.6279269334246015,0.6959557624377614,0.13831396644218416,-0.31972267623157563
-0.2541851322973313,0.3538966834013925,1.08,-0.1842856971833113,0.25548923728885264,0.9898508621052394,0.023878578036075182,-0.010473652544956635,-0.015701022596753877,-0.4001735594800287,-0.7556798519103105,-0.3700186454294083,0.7944543003754225,0.12395049610387758,0.8472629908292132,-0.10003085838826682,-0.516574829318365,-0.6019820322344891,0.12796681981923802,0.03273445154729688,0.13086840843200762,0.46425890762234634,-5.74674775020498e-05,-0.03425535140858566,-0.6765844112705378,-1.230976366996765,-1.230976366996765,0.7327087342739105,0.7327087342739105,2.8481174528598787,2.8481174528598787,1.568712931871415,1.568712931871415,1.6618468928337096,1.6618468928337096,3.814345866441727,3.814345866441727,-0.2081642752193865,0.2659628898338093,1.0055518847019933,0.6161785001777593,0.7075657537836462,0.12627398912109253,-0.3220708612444068
-0.2541882855535397,0.35389018835298086,1.08,-0.1842936730562557,0.2554817517922313,0.9898532645193304,0.024129295452743504,-0.009476529121881516,-0.01583360654725474,-0.4002037998576321,-0.7556318478602264,-0.36351633665145633,0.7961221244194697,0.1303796263384112,0.8693885975602642,-0.10003009465400249,-0.5152785192832988,-0.6351085161449044,0.13189641256348802,0.03352594857034657,0.12698825523866109,0.41908594185130355,3.690259078968713e-05,0.0669298879116862,-0.6494296500450029,-1.3195220351219177,-1.3195220351219177,0.7682724297046661,0.7682724297046661,2.9028983771800996,2.9028983771800996,1.5190591692924509,1.5190591692924509,1.649818568229675,1.649818568229675,3.738694161176682,3.738694161176682,-0.20842296850899922,0.26495828091411283,1.0056868710665852,0.6045959164435719,0.718709668302312,0.1142681364754608,-0.32382554484623954
-0.2541940434253265,0.3538783295486728,1.08,-0.18435607506327317,0.2554913140029417,0.9899141480121335,0.024332061619936868,-0.008465995969528683,-0.015924233041990088,-0.40025510063364667,-0.754695601830329,-0.3570485161473709,0.7978931061883081,0.13648585246354816,0.8885387000070091,-0.10003079425619642,-0.5094425850500802,-0.6667975938744025,0.12740484260973228,0.03678279103571506,0.11838406833008243,0.3493623832667208,-3.7182987362355976e-05,0.14834000237610784,-0.6197087259158465,-1.410027629137039,-1.410027629137039,0.782973462343216,0.782973462343216,2.9931685388088227,2.9931685388088227,1.4948050737380991,1.4948050737380991,1.5557478415966033,1.5557478415966033,3.648966652154923,3.648966652154923,-0.20868813668321004,0.2639573099724704,1.0058383810541236,0.5926527760737276,0.7300259889808937,0.1023506275113181,-0.32457524778179253
-0.2541982697364963,0.3538696261106053,1.08,-0.18451316271646964,0.25555237965146943,0.990090864010189,0.024467781604809197,-0.007464183245890099,-0.01598978846040444,-0.4002927993155925,-0.7520684964197761,-0.35094495458260916,0.7999038434358419,0.14206520171702242,0.9037281433906008,-0.10003738183928006,-0.49868241962004356,-0.6970106006120003,0.11743997334479117,0.04338132874515681,0.10560621938584223,0.2604080133601433,-0.00011959044964733752,0.2763328866949037,-0.59025735956011,-1.4820572674274444,-1.4820572674274444,0.8648992717266083,0.8648992717266083,3.0833851993083954,3.0833851993083954,1.4765911221504222,1.4765911221504222,1.4646206367015837,1.4646206367015837,3.5936990320682534,3.5936990320682534,-0.20898094432127884,0.26301656289735953,1.0060806524705934,0.5805621395023681,0.7411877868587573,0.09066261400469672,-0.324605232874773
-0.2542025914492602,0.353860727076602,1.08,-0.18479797237433365,0.25567514716223966,0.9904211346455466,0.024537355151579676,-0.006457706141941855,-0.01601312356113438,-0.4003315435359027,-0.747217495498788,-0.3455353132247687,0.8023860367932336,0.14680179662266554,0.9150700872988223,-0.1000404132766134,-0.48171278173624243,-0.7256907106507683,0.10021311612517618,0.05530727954594667,0.08528731336854323,0.19607350973734186,-4.8333964399605936e-05,0.3892765841323335,-0.5583013139484434,-1.5731091260910033,-1.5731091260910033,0.8830850780010223,0.8830850780010223,3.1697457253932955,3.1697457253932955,1.5550026535987864,1.5550026535987864,1.4195427048206328,1.4195427048206328,3.504507046937943,3.504507046937943,-0.20933532752591333,0.2621328533041815,1.006434258206681,0.5679657799147296,0.7525971301265799,0.07924203756387926,-0.32362498675753304
-0.254202101101019,0.3538617367306333,1.08,-0.18520631999586415,0.255875227205661,0.9909155152134614,0.024555799643981246,-0.005468617262575803,-0.016010667637611498,-0.40031230594837414,-0.740110050730257,-0.34097781990889786,0.8054686601740546,0.15048800645657123,0.9240883259622529,-0.10005165910988667,-0.4605008550096618,-0.7526669090148109,0.08088186730733973,0.06094754488238539,0.06236373462068769,0.15724832822474305,-0.0007103761501069681,0.4321969102938937,-0.515568672704681,-1.565686559677124,-1.565686559677124,0.9003013432025909,0.9003013432025909,3.2027193009853363,3.2027193009853363,1.6382705092430125,1.6382705092430125,1.3330535697937012,1.3330535697937012,3.410867494344712,3.410867494344712,-0.2097621196398454,0.26134384446823683,1.006926182851073,0.555001239649219,0.764088277013765,0.06821140159197181,-0.3216985135353052
-0.25412199144105574,0.354026839006436,1.08,-0.18531631816027005,0.2562163412079835,0.9912338933434651,0.024923469689943967,-0.004744070125584199,-0.01629871553155937,-0.39954812664477535,-0.7357024905142974,-0.33801362964792586,0.8087582504360172,0.15235797008645663,0.9291154501201958,-0.1000437991491373,-0.43991690325934424,-0.7726228578516661,0.03895105391356595,0.0716150134702925,0.01544283803069172,0.036897989433027994,0.00018178896874889024,0.3774712569957829,-0.2744363350638847,-1.6276421844959257,-1.6276421844959257,0.8705711185932159,0.8705711185932159,3.2749474465847017,3.2749474465847017,1.70312181711197,1.70312181711197,1.2450922656059265,1.2450922656059265,3.315965533256531,3.315965533256531,-0.21023978785021402,0.2609604113335677,1.0075326088750245,0.544134256126701,0.7734699397766247,0.059789542777641536,-0.3195111487034956
-0.25397160045315037,0.35433760778193124,1.08,-0.18543084558293607,0.25681228140544604,0.9917245546142541,0.025135188498383615,-0.004433542866488394,-0.016494187071190547,-0.39820602101315655,-0.7286211091672637,-0.33710488955398465,0.812097536191327,0.15219154942990668,0.9294522765392007,-0.10010510725930524,-0.42179549502257835,-0.7812861024929139,0.00011406859816564478,0.06113852711241286,-0.02027959416628981,-0.016808499090997582,-0.0010955344940629702,0.35148228763350625,-0.08741903019294324,-1.6053640544414518,-1.6053640544414518,0.9650213062763213,0.9650213062763213,3.263873958587647,3.263873958587647,1.7895576119422922,1.7895576119422922,1.148383502960205,1.148383502960205,3.3026273965835578,3.3026273965835578,-0.2105660340813197,0.26124582427193443,1.0082187416854447,0.5369836925286499,0.7797528377770755,0.05618956345634617,-0.3169806916761323
-0.2538711325453288,0.35454581505818605,1.08,-0.18552951363170234,0.2572212470299034,0.9920838176133806,0.025319959397875236,-0.004362348258272086,-0.01655291610269982,-0.3973292340694153,-0.7237511383018841,-0.33806877543811187,0.8148173905602634,0.15030989170486234,0.92781197027004,-0.10017580765462694,-0.4043012979492443,-0.7818345976433182,-0.03699147691808846,0.045576200760209934,-0.05205500308238534,-0.04229530251244489,-0.0011247250998086553,0.35557012934947324,0.04552642320551459,-1.5893592059612272,-1.5893592059612272,1.0638426601886748,1.0638426601886748,3.226520156860352,3.226520156860352,1.7897908329963694,1.7897908329963694,1.0626253116130828,1.0626253116130828,3.2391235470771798,3.2391235470771798,-0.21084947302957757,0.2615835952881755,1.0086367337160804,0.5320630288382349,0.7845601004279394,0.05567869663535324,-0.31348726433616664
-0.2539057338916568,0.35447405359956136,1.08,-0.18560895640431116,0.2571351001682283,0.9921019496515646,0.025576857763515898,-0.004446736315611655,-0.01658061429935276,-0.3977104446120071,-0.7236734158217387,-0.34063655368771456,0.8168425705951855,0.14705616099707394,0.9260646944170783,-0.10025361045299723,-0.38504706442023423,-0.7781481302708341,-0.06200117356243318,0.03807553704388539,-0.0755552386071334,-0.013329686701437415,-0.001195650108393264,0.4249539334910363,0.07329075792248486,-1.525200456380844,-1.525200456380844,1.1633329451084136,1.1633329451084136,3.2121744871139533,3.2121744871139533,1.8012089252471934,1.8012089252471934,0.9681728887557983,0.9681728887557983,3.1530340373516093,3.1530340373516093,-0.21118581416782706,0.26158183648384,1.0086825639509174,0.5277606409243563,0.7892898417267518,0.05648342803731138,-0.30870677672384494
-0.25402152784579385,0.3542343184972262,1.08,-0.18579926550588957,0.2568109812211525,0.992067829121122,0.025806526437443855,-0.00450102397965918,-0.016547640015774023,-0.3987538578124548,-0.7240842621661863,-0.34428224448756556,0.8186356081701825,0.14303952027995667,0.926043162387643,-0.10031306411896412,-0.3673551784480797,-0.7741128755581482,-0.08240311141584925,0.033340993953355276,-0.08483567636858291,0.01493149569369556,-0.0007354201391613568,0.304191527916978,0.07529824889243758,-1.47350098490715,-1.47350098490715,1.2623384535312652,1.2623384535312652,3.185781002044678,3.185781002044678,1.7635318994522104,1.7635318994522104,0.8755212354660034,0.8755212354660034,3.0770507156848916,3.0770507156848916,-0.21160579194333343,0.26131200520081166,1.008615469136896,0.5236144609949496,0.7938830881311422,0.05733608373666127,-0.3037928770035143
-0.25417781071052215,0.35391176614467657,1.08,-0.18610165516073657,0.2563970534860784,0.9920792754096647,0.02596171387757848,-0.004533654004257981,-0.016516492473907962,-0.40015520751639083,-0.7238631421804982,-0.34874991109441184,0.8200149101317344,0.13882974376390234,0.9272343090444132,-0.10036863061090935,-0.3563398469891766,-0.7705851419810196,-0.09444166274068344,0.025948365279465528,-0.08488895561944168,0.030720803606503495,9.74696163806609e-07,0.15593134966448557,0.0696967081505298,-1.384863132238388,-1.384863132238388,1.361795336008072,1.361795336008072,3.1577180981636053,3.1577180981636053,1.71860153079033,1.71860153079033,0.7814218628406524,0.7814218628406524,3.0011986911296855,3.0011986911296855,-0.21206336903831505,0.26093070749033637,1.0085957678835726,0.5211501208786844,0.7966575199477687,0.05831028989323289,-0.3005648973372814
-0.2542032881013146,0.3538592926511054,1.08,-0.18638801722009324,0.2564448794324605,0.9923805775827605,0.02609599720529987,-0.0045032665042459286,-0.016545292738116446,-0.4003327332778048,-0.7194717004291462,-0.35354924306245794,0.8217124746301926,0.13462537091604354,0.9280162735312958,-0.10039778420902666,-0.3523165162614183,-0.7667371815293628,-0.09904669183783221,0.03414297812345435,-0.08308905962107642,0.003954695626366259,-0.000657400070618751,0.028411055598790057,0.07786757482944563,-1.3298103988170622,-1.3298103988170622,1.4614625155925751,1.4614625155925751,3.1072665154933934,3.1072665154933934,1.6463843882083902,1.6463843882083902,0.6919082152843474,0.6919082152843474,2.928351062536241,2.928351062536241,-0.2124840144253931,0.26094814593670645,1.008925870320877,0.5207531939578769,0.7971879829859547,0.06016522420168534,-0.29947884159355204
-0.25419204507544274,0.3538824451356736,1.08,-0.1866884384712037,0.2566309782618143,0.9927906773453641,0.026184168621543158,-0.004496788596089263,-0.01664237683579972,-0.4002328002643296,-0.7137296055159132,-0.35859615083668306,0.8231370914230279,0.13069195367957492,0.9282384477821316,-0.10044131762514293,-0.3551022486053098,-0.76301581942902,-0.10266211458336467,0.022951507363490744,-0.07520476299044644,0.0049389781987660185,-0.00030027728478254645,-0.12224599245272202,0.07102078382284144,-1.2789970099925994,-1.2789970099925994,1.5605874478816986,1.5605874478816986,3.02289269566536,3.02289269566536,1.6608992993831644,1.6608992993831644,0.6108581352233886,0.6108581352233886,2.851834022998811,2.851834022998811,-0.21287260709274686,0.26112776685790356,1.0094330541811638,0.5224938778800982,0.7954781286609459,0.06250122850540718,-0.3005133787957063
-0.2541851214439717,0.35389670575785215,1.08,-0.1870193597327198,0.25681638360608516,0.9932346325366762,0.026192842871111927,-0.004505646016648435,-0.016780126211655255,-0.40017191457344475,-0.7075427652646024,-0.3638575494647297,0.823931016996017,0.12720756353146775,0.9277470975104073,-0.10047117080153996,-0.36529608382750184,-0.7596927646177771,-0.10699730493359642,0.009437389790631124,-0.06514610824356469,-0.02329032287055388,-0.0001860491798236091,-0.2659879797906992,0.06228299564082229,-1.2609913170337677,-1.2609913170337677,1.656527704000473,1.656527704000473,2.9350928664207463,2.9350928664207463,1.5833270728588114,1.5833270728588114,0.5296938109397887,0.5296938109397887,2.851801431179048,2.851801431179048,-0.21321220260383172,0.2613220296227336,1.0100147587483315,0.5266066822924971,0.7912868821074588,0.06509324712145981,-0.3038311069471501
-0.25418706920094436,0.35389269372952187,1.08,-0.18736485681093243,0.2569771623985272,0.9936815065874304,0.026175890320712936,-0.004503057497370233,-0.01691482165315661,-0.4001922113717361,-0.7013803342023616,-0.36918792001336775,0.8245145245121801,0.12383487577716713,0.9257308399954922,-0.10049202640614871,-0.3749971094355337,-0.7565458185826742,-0.10603232108780095,0.014348445376064091,-0.06978878126996273,-0.05594140700506094,-0.00011646406336074043,-0.1307220933081141,0.06396764441288699,-1.2936579763889313,-1.2936579763889313,1.7439366757869719,1.7439366757869719,2.9716078400611883,2.9716078400611883,1.5809895932674418,1.5809895932674418,0.4529191839694976,0.4529191839694976,2.7557696104049696,2.7557696104049696,-0.21354074713164536,0.2614802198958974,1.010596328240587,0.5311481648159255,0.7865617967112095,0.0676553888138623,-0.30761163068316144
-0.2541887743996243,0.3538891814741751,1.08,-0.18769417412889552,0.25713096526195,0.9941130976102382,0.02620238190319299,-0.004495362859591012,-0.017030108902131302,-0.4002062736056249,-0.6954577009500764,-0.37436552063278705,0.8253883219672941,0.12029098199495421,0.9226465000127286,-0.10052039231646048,-0.3790100477302252,-0.7532978712664103,-0.10142199744008704,0.0192225947144673,-0.0714772944579116,-0.06651782551835923,-0.00020954413618596367,-0.043374445678896256,0.06517601640606815,-1.2329685986042023,-1.2329685986042023,1.841382735967636,1.841382735967636,2.933013737201691,2.933013737201691,1.6135873019695293,1.6135873019695293,0.3589855062961578,0.3589855062961578,2.707118946313859,2.707118946313859,-0.21389655603208851,0.261626328121541,1.0111432065123696,0.5342662555641974,0.7832611182519538,0.07000862538940898,-0.3100973736928384
-0.2541873987643745,0.35389201490591693,1.08,-0.18801045774184164,0.2572894218664809,0.9945401400424845,0.026247726667970345,-0.004490053200994382,-0.017140318569408564,-0.4001934950362906,-0.6896144778232695,-0.3794054322953617,0.8264140396396065,0.11668612215036016,0.9200578130503517,-0.10054130294921992,-0.3816424655652078,-0.7500966423490047,-0.10015622431422723,0.021472044741191618,-0.07292153484933674,-0.03696619641661606,-0.00012511166870280625,-0.057924163813841745,0.06280783557426277,-1.2776343166828155,-1.2776343166828155,1.9302424132823943,1.9302424132823943,2.9041867136955264,2.9041867136955264,1.6928785979747782,1.6928785979747782,0.2964832890033721,0.2964832890033721,2.6247001945972452,2.6247001945972452,-0.21425818440981198,0.2617794750674753,1.011680458611893,0.5367611458764974,0.780585482405378,0.07223773946524303,-0.31201840639979034
-0.25418499857744287,0.35389695884674666,1.08,-0.18832893850395332,0.2574525799781773,0.994977911203609,0.026281689312713574,-0.004490557708998921,-0.017259458055327803,-0.40017183153393315,-0.6836481536236757,-0.3844199798045777,0.827435988519293,0.11308461742398257,0.9195133444930755,-0.10055674859928831,-0.3874898418999927,-0.7470948722235499,-0.10006486158412184,0.01966338457049507,-0.07163335738454785,0.010665537746697255,-8.90804607125338e-05,-0.1553362802090948,0.05757127571340323,-1.2706471502780914,-1.2706471502780914,2.0217629492282865,2.0217629492282865,2.8611532449722294,2.8611532449722294,1.7560252606868754,1.7560252606868754,0.2471807944774627,0.2471807944774627,2.653554207086564,2.653554207086564,-0.2146106278166669,0.2619431376871762,1.0122373692589368,0.5395467467381767,0.7775714239075018,0.07443079856988015,-0.31421655753788613
-0.2541862701601744,0.35389433958789585,1.08,-0.18864676205273123,0.25760235422187316,0.9954106947198144,0.026329447080352814,-0.004478403630648331,-0.017361599549511664,-0.40018438908619763,-0.6777938257401241,-0.3893425157958168,0.8286543610875327,0.10935337373542452,0.9200071247098601,-0.10056664503363409,-0.3917073175923699,-0.7442492478327444,-0.09694282491214035,0.028598374198417778,-0.07719259473538209,0.009128686803778308,-6.896563675824166e-05,-0.02619014278340308,0.056517047105886155,-1.2962064683437347,-1.2962064683437347,2.1086247384548185,2.1086247384548185,2.812493741512299,2.812493741512299,1.669320982694627,1.669320982694627,0.20188283801078788,0.20188283801078788,2.655188018083573,2.655188018083573,-0.21497620913308405,0.2620807578525215,1.012772294269326,0.5416406377310043,0.7752792150970581,0.07643123508940253,-0.3157939589345386
-0.2541881149646933,0.3538905397183566,1.08,-0.1889610767654485,0.25774839900787067,0.9958423347075216,0.02643361624594895,-0.004451157591384092,-0.01743633438115122,-0.4002007037341446,-0.6719685036073458,-0.3941875374358889,0.8304176244546406,0.10524243479273253,0.9209124377901389,-0.10058297233040504,-0.38979120199080675,-0.741428738371883,-0.09694823533366582,0.040844953952984334,-0.08664686477121128,0.026368377727272557,-0.00012042343400135042,0.0905488462797431,0.056096697316151585,-1.3535003840923308,-1.3535003840923308,2.1671134412288664,2.1671134412288664,2.8776609063148504,2.8776609063148504,1.7167015492916118,1.7167015492916118,0.12667944312095633,0.12667944312095633,2.642574095726014,2.642574095726014,-0.21539469301139744,0.26219955659925476,1.0132786690886728,0.5418140918256693,0.7750482185747336,0.07814196536047918,-0.31564470854563537
-0.25418412154212555,0.35389876544482823,1.08,-0.18928266959635454,0.2579186955885988,0.9963048534822105,0.026554198941379614,-0.004433108748906567,-0.017523503155661757,-0.40016303159001687,-0.665741235072799,-0.39907279223804354,0.8324316829556018,0.10095841393636565,0.922818856495335,-0.10059276883425002,-0.38766558277967156,-0.7388103962119619,-0.09842235444999013,0.03925096669984165,-0.08497706511862804,0.04879604099248328,-7.509326534244461e-05,0.008518416231945583,0.048661444736268974,-1.3031167566776274,-1.3031167566776274,2.2186262071132656,2.2186262071132656,2.8238755464553837,2.8238755464553837,1.715323132276536,1.715323132276536,0.0708811390399932,0.12667944312095633,2.5586904525756844,2.5586904525756844,-0.21583686853773415,0.2623518043375054,1.0138283566378723,0.5414850811916236,0.7753194765531572,0.07977077213540644,-0.3151352726007673
-0.25417880270650084,0.3539097224479316,1.08,-0.18962847567407293,0.25810541332532344,0.9968115792071989,0.026625317483557898,-0.004426497159383036,-0.017645325333376483,-0.4001150957205739,-0.6589479424859372,-0.4041053417495282,0.8341829153931821,0.09686842388608183,0.9256190153578998,-0.10059678437755788,-0.39145709291764513,-0.7366802188649769,-0.10258448443996035,0.030655733240911413,-0.07863523557029942,0.06268012111595843,-4.7626328436714783e-05,-0.15336862938732446,0.036873148263611426,-1.3272013902664184,-1.3272013902664184,2.2577513158321376,2.2577513158321376,2.7315712869167332,2.7315712869167332,1.6929775774478923,1.6929775774478923,0.0708811390399932,0.12667944312095633,2.607398438453675,2.607398438453675,-0.21625379315763082,0.2625319104847065,1.0144569045405754,0.5425178079619567,0.7740545092514657,0.08147177260397903,-0.31603226895428205
-0.2541777809225653,0.3539118275141404,1.08,-0.19000147308266183,0.25829008153528216,0.9973533944406714,0.026646625726928802,-0.0044194154763172455,-0.01779013852899869,-0.40010779200015345,-0.6517430075912938,-0.40928075217635257,0.8356405353973748,0.09300171298463208,0.9277543013152683,-0.10059582772074603,-0.3985491201452118,-0.7350546496299779,-0.1041481026231048,0.028290905990918522,-0.07625022978573502,0.024488092331341135,3.1370141845782874e-05,-0.1310102012093706,0.028941117148796536,-1.3685873687267303,-1.3685873687267303,2.2749572217464444,2.2749572217464444,2.6907833516597752,2.6907833516597752,1.5998315870761883,1.5998315870761883,0.0708811390399932,0.12667944312095633,2.654917430877686,2.654917430877686,-0.21664809880959063,0.2627094970115994,1.01514353296967,0.5447165642845611,0.7714398743359046,0.08318575218139662,-0.3181894333767903
-0.2541785627514056,0.3539102167959351,1.08,-0.19038788010218063,0.25847487516725387,0.9979182609548806,0.026672398677498488,-0.004405335522807641,-0.01793658052965219,-0.4001146492199364,-0.6442719220552108,-0.4144891673723147,0.8371889283973007,0.08913550968831419,0.9276191044244808,-0.10059473655508673,-0.40180875699248697,-0.7337649525366848,-0.10434183740989844,0.03290701486366822,-0.07789986894422789,-0.025589698570907777,-2.619959196243676e-06,-0.01720781983852576,0.022767577358626057,-1.3351246297359465,-1.3351246297359465,2.33724690079689,2.33724690079689,2.7014646708965304,2.7014646708965304,1.5559403598308574,1.5559403598308574,0.0708811390399932,0.12667944312095633,2.5810905098915105,2.5810905098915105,-0.21706027877967912,0.2628802106900615,1.0158548414845328,0.5464160094880421,0.7692740740883572,0.08475130336823467,-0.3201002344392304
-0.25417605334629945,0.3539153867565459,1.08,-0.19078865965726702,0.25867827020614653,0.9985227943091443,0.026679676846853295,-0.0043998403285964716,-0.018108795554478196,-0.400091262865756,-0.6363135269101281,-0.4197775735211416,0.8386251885751026,0.0854358026188187,0.9252633906425779,-0.1005966706281529,-0.4047125719927083,-0.7328720159223516,-0.10678398425416222,0.024846221008972977,-0.07060806445008243,-0.06660881949816314,-2.0722311094799284e-05,-0.08510182526917175,0.013374738492277643,-1.2721037089824674,-1.2721037089824674,2.309555846452713,2.309555846452713,2.6769932091236117,2.6769932091236117,1.5501071214675914,1.5501071214675914,0.0708811390399932,0.12667944312095633,2.5025084495544436,2.5025084495544436,-0.2174683365041203,0.263078110534743,1.0166315898636225,0.5484440766241808,0.7666274506802746,0.08629283980341422,-0.3225600602647126
-0.2541716160254075,0.3539245293999624,1.08,-0.1912139272544775,0.25890032495149934,0.9991804213482404,0.026613347115703234,-0.0044118363924788295,-0.01833051243540107,-0.400050821435265,-0.6277020872808186,-0.4252323005813257,0.8395374108658659,0.08217454030254234,0.9209955522384972,-0.10060000976325582,-0.41294613913803413,-0.7325493333753526,-0.11117850893648835,0.011885996252479901,-0.06061532673394973,-0.10221622911576791,-4.541175082133902e-05,-0.22857711804936356,0.0007750973772796116,-1.2533109128475186,-1.2533109128475186,2.340544110536575,2.340544110536575,2.6126174926757817,2.6126174926757817,1.5278120815753948,1.5278120815753948,0.0708811390399932,0.12667944312095633,2.43665326833725,2.43665326833725,-0.21782727437018073,0.26331216134397817,1.0175109337836414,0.5523849980881568,0.7616816480702795,0.08796268982954718,-0.3270694820340789
-0.25416872416953806,0.3539304882709043,1.08,-0.19165443111120478,0.25912429093468037,0.9998693705910653,0.026471751915699948,-0.004429290870916702,-0.018587163397047135,-0.40002569505816865,-0.6187684131984256,-0.4308438905692195,0.8398230142478538,0.07934036201206218,0.9144891847930167,-0.10060120850268293,-0.42583159350378746,-0.7325491915594322,-0.11278840235584109,0.0007244793271513572,-0.05359372522058738,-0.1554924601084461,-5.615031577546774e-06,-0.2725152705042001,-0.00018508593442354498,-1.1969879209995267,-1.1969879209995267,2.4092798531055446,2.4092798531055446,2.5345602571964267,2.5345602571964267,1.4709440767765056,1.4709440767765056,0.0708811390399932,0.12667944312095633,2.417188996076584,2.417188996076584,-0.21812618302690473,0.26355358180559707,1.0184565339881124,0.5582214664328469,0.7543764566103907,0.08979125421497751,-0.33353033863805326
-0.2541728862200762,0.35392191219970015,1.08,-0.19208960563053112,0.25932084233567654,1.0005423246350849,0.026325390656212644,-0.00442696151795513,-0.018824935379021523,-0.4000655163389757,-0.6101111508105544,-0.43643097961491717,0.8399518643510814,0.07657914736410977,0.9057690986943114,-0.10059539515616117,-0.4356451081240876,-0.7325490126999575,-0.11036540018487243,0.005295689249197899,-0.0565705861056444,-0.1917747110689788,8.163889690898974e-05,-0.12945938487021635,6.595541555409998e-05,-1.2653098523616788,-1.2653098523616788,2.380246895551681,2.380246895551681,2.4764805972576145,2.4764805972576145,1.513528448343278,1.513528448343278,0.0708811390399932,0.12667944312095633,2.322093731164933,2.322093731164933,-0.21841499628674377,0.26374780385363167,1.0193672600141064,0.5638426829069765,0.7471299331023691,0.09155135986900143,-0.3398479667452035
-0.25417773387658815,0.3539119244388456,1.08,-0.19251140219146598,0.2595085339443628,1.0012042214669314,0.02622493752084029,-0.0044129252125272855,-0.019038616867049774,-0.4001085131893801,-0.6016380849172154,-0.44187737085250434,0.8403839176998344,0.07367855718486797,0.8951736592990053,-0.10059296319341648,-0.43837280297733056,-0.7325446442608019,-0.1075604173422354,0.011855365058217132,-0.059318654925347415,-0.2289057536209763,2.0938382603799278e-05,0.012061568273646447,9.401512285341958e-05,-1.307322436571121,-1.307322436571121,2.3275104045867914,2.3275104045867914,2.407548409700394,2.407548409700394,1.483026808500291,1.483026808500291,0.0708811390399932,0.12667944312095633,2.3908069908618934,2.3908069908618934,-0.21873633971230627,0.2639214591568901,1.0202428383339812,0.5679030543226775,0.7415745675528876,0.09309994533102654,-0.344798030488983
-0.2541791220553212,0.35390906453965765,1.08,-0.19291850933080465,0.2597012707988919,1.0018646756329899,0.026146120388210015,-0.0043990038828166655,-0.01924662051854842,-0.40011968217129285,-0.5932303375196021,-0.4472053103836179,0.8409075088720178,0.07079386576404498,0.882908016297209,-0.1005930203488258,-0.4373396305954942,-0.732540514562664,-0.105537138245979,0.00867149854707679,-0.055945240809284875,-0.25956314060053276,-1.4720431074577597e-05,0.026314379481889073,6.831312531984507e-05,-1.2491536438465116,-1.2491536438465116,2.249843227863311,2.249843227863311,2.361383074522019,2.361383074522019,1.474854314327241,1.474854314327241,0.0708811390399932,0.12667944312095633,2.2993098020553595,2.2993098020553595,-0.21906462971901466,0.26410027468170855,1.0211112961515383,0.5712302192367341,0.7367875807716653,0.09456096197930533,-0.3491394018453631
-0.2541782923937288,0.3539107737816379,1.08,-0.1933113456860774,0.2598948598383254,1.0025202257376575,0.026047268904829057,-0.004389180313196295,-0.019461500478864524,-0.40011288290228425,-0.5849298176230643,-0.4524491536385519,0.8411853367743877,0.06809605597757651,0.8701437842573643,-0.10059431053962058,-0.4378748697189557,-0.7325383477958936,-0.10382027279654107,0.0040591874210793,-0.05278393853250139,-0.25045826855472914,6.575868695191286e-05,-0.03534315782349562,0.00025016557949179624,-1.2477849185466765,-1.2477849185466765,2.27483228445053,2.27483228445053,2.331892758607865,2.331892758607865,1.5285009264945995,1.5285009264945995,0.0708811390399932,0.12667944312095633,2.2302487850189214,2.2302487850189214,-0.21935861459090647,0.2642840401515217,1.021981726216522,0.5750469793707959,0.7313041713349857,0.09606670620813237,-0.35395814507211704
-0.25418268014589795,0.3539017346441352,1.08,-0.19372931116122097,0.2600823918505273,1.0032142886143538,0.025910590818912255,-0.00449476814274874,-0.019704780296548652,-0.4001520787469975,-0.5761702837120216,-0.4574762654737712,0.8417227261962367,0.06535172744835242,0.8588439388096308,-0.10058998257412398,-0.43954222416606026,-0.7324926395787598,-0.09827327606759761,0.014324729180849333,-0.055982707787201075,-0.20313129061520008,-2.2567379042174078e-05,-0.030717003507595056,0.0003566129467780966,-1.2409692227840423,-1.2409692227840423,2.267878019809722,2.267878019809722,2.253890269994736,2.253890269994736,1.6141884446144115,1.6141884446144115,0.0708811390399932,0.12667944312095633,2.1733604907989506,2.1733604907989506,-0.21963990198013322,0.264577159993276,1.0229190689109025,0.5787168885854554,0.725869336719583,0.09762767897654617,-0.35870503923682884
-0.25418438279087746,0.35389822729681286,1.08,-0.19413226477854556,0.2602720553010512,1.0039043236173164,0.025793071494263298,-0.0045913945983147575,-0.01991713348664237,-0.40016750728968065,-0.5675466540771776,-0.46227094412148234,0.8426053275403466,0.06245314902094845,0.8511430146518053,-0.1005899247158554,-0.44155627813253423,-0.7324844283237053,-0.09362428082460228,0.0209533490675273,-0.059824465854342534,-0.10972196148266733,1.0974662269699823e-05,-0.04609807444856964,0.00013200324374897993,-1.2858756721019744,-1.2858756721019744,2.2456729888916005,2.2456729888916005,2.2433892428874973,2.2433892428874973,1.7035024285316478,1.7035024285316478,0.0708811390399932,0.12667944312095633,2.0927285552024846,2.0927285552024846,-0.21992533627280886,0.26486344989936594,1.0238214571039588,0.5815090256908613,0.7215331061274306,0.0990178099378336,-0.3625364852222221
-0.2541866619596437,0.35389353255843936,1.08,-0.1945082791170828,0.2604466443878673,1.0045580288056803,0.02571950576698706,-0.004629038276552422,-0.020057122794330695,-0.4001879897577182,-0.5594281014603298,-0.466788025581351,0.8438732974564583,0.05935964016405786,0.8476745754071363,-0.10058834520871592,-0.44268902916558095,-0.7324506371764676,-0.08734319749332442,0.029325104421276678,-0.06355787585056384,-0.03287954765248725,1.7962889197077205e-05,-0.005967603014880945,0.0012205546202420465,-1.2304815232753752,-1.2304815232753752,2.2091969966888416,2.2091969966888416,2.210805600881577,2.210805600881577,1.6683231234550486,1.6683231234550486,0.0708811390399932,0.12667944312095633,2.0294770002365117,2.0294770002365117,-0.22022778488406985,0.2650756826644197,1.024615151600011,0.5830187129137607,0.7189491526164037,0.10013849307903203,-0.36492955285698336
-0.25418524823548877,0.3538964445847432,1.08,-0.19485645422284753,0.2606206047606385,1.0051857386119323,0.025659995433476607,-0.004662425635399703,-0.02018287468934976,-0.40017406677271544,-0.5516616412268801,-0.471041233650676,0.8452792855951113,0.05627872932458355,0.8474322863229025,-0.10059024863909576,-0.44611472444847333,-0.7324234535833887,-0.08287048204446655,0.026858172717326583,-0.060011802920021944,0.018630390029360722,-2.55238827134166e-05,-0.11026206759204432,0.00013838040719791583,-1.1756524860858915,-1.1756524860858915,2.153763777017592,2.153763777017592,2.2949026882648473,2.2949026882648473,1.6373205065727243,1.6373205065727243,0.0708811390399932,0.12667944312095633,2.0571010708808903,2.0571010708808903,-0.22051644965632414,0.2652830303960382,1.025368613301282,0.584204459079892,0.7168439883632742,0.10115736323834112,-0.3668883129799468
-0.25418785192127413,0.353891081517013,1.08,-0.19517551634816432,0.26076643613207806,1.00575756082284,0.025625127263433356,-0.004658063669747858,-0.020258568869902405,-0.4001991634528863,-0.5446453766651482,-0.4749729552280188,0.8468067430789118,0.05321179516159372,0.8499504339743634,-0.10058757532933056,-0.4492655906824175,-0.7323631341356222,-0.07466840895792123,0.03430456935076315,-0.062398931173782465,0.07896090347569817,4.572860355471503e-05,-0.02911849368854128,0.002482097709882848,-1.1987468659877774,-1.1987468659877774,2.1308844804763782,2.1308844804763782,2.318974572420121,2.318974572420121,1.6699089765548716,1.6699089765548716,0.08110133290290823,0.13689963698387136,2.125389397144318,2.125389397144318,-0.22080064361159768,0.2654244998018259,1.0260161296927424,0.5847421712137346,0.715702681265679,0.10198686633870446,-0.3680284558669026
-0.2541882679510356,0.35389022460915925,1.08,-0.19545780631879012,0.2609020406673647,1.006277617904628,0.02563050792521937,-0.004621709681977337,-0.020284997936699023,-0.4002016053243227,-0.5382780633763766,-0.47852142886006926,0.848563203542948,0.0501493073281612,0.854934898425129,-0.10058155658057637,-0.4512161835598055,-0.7322169906667578,-0.06765831600826752,0.03558653684212654,-0.06013564510405853,0.11837625135328182,4.960125112420666e-05,-0.044965567231404144,0.003242527144029699,-1.182891124486923,-1.182891124486923,2.1440861105918874,2.1440861105918874,2.348665028810502,2.348665028810502,1.6360908329486856,1.6360908329486856,0.13171125531196584,0.187509559392929,2.153261005878449,2.153261005878449,-0.2210883142440095,0.26552375034934206,1.026562615841327,0.58428952589059,0.7159859706323726,0.10262501631947846,-0.3680189476339444
-0.25418692891616146,0.35389298268492353,1.08,-0.19570900375174355,0.26102865125025704,1.0067527243116121,0.025639645931735067,-0.004591024873645544,-0.020307043110403544,-0.4001894599445131,-0.532486781396079,-0.4817376916414944,0.8502743521875749,0.04725379640379789,0.861866525146612,-0.100574226683785,-0.45520703323325756,-0.7320541536727456,-0.06116923006941718,0.03322522795557392,-0.05602790719497572,0.15684293276636513,7.106463049438519e-05,-0.1022647749749205,0.0034004976040575485,-1.1305812180042263,-1.1305812180042263,2.1497925400733937,2.1497925400733937,2.3925192773342143,2.3925192773342143,1.6523864924907694,1.6523864924907694,0.16381245732307426,0.2196107614040374,2.0703129589557654,2.0703129589557654,-0.22134864968347862,0.2656196761239026,1.0270597674220157,0.5838436880139927,0.7163297743002923,0.1032015450012796,-0.36789624016352884
-0.25418525387377355,0.3538964329706686,1.08,-0.19593666888366917,0.26114499695705207,1.007190446679056,0.025643688965012013,-0.004571078750252422,-0.020334017764083834,-0.4001742028689903,-0.5271597052125231,-0.48469237110232416,0.8518673335586548,0.04455969026089086,0.8696591173057843,-0.10057700119949424,-0.4608762158215659,-0.7319033961497534,-0.05715338141363575,0.03051359914211064,-0.05202837808360451,0.1549610823199451,-4.406883797018074e-05,-0.11865515210179181,0.0026313691565035473,-1.1970082938671107,-1.1970082938671107,2.220977246761321,2.220977246761321,2.3332374811172496,2.3332374811172496,1.5751778066158304,1.5751778066158304,0.15394208908081047,0.20974039316177362,1.9813781738281255,1.9813781738281255,-0.2215803578486812,0.2657160757073045,1.0275244644431398,0.583602735568164,0.716442856133375,0.10374723393763371,-0.3679048686591381
-0.2541857283536282,0.35389545561418445,1.08,-0.19614040347041747,0.26124225734335965,1.0075797786742435,0.025674084375389622,-0.004538696400721853,-0.020353126372231634,-0.40017930730438106,-0.5224670267837073,-0.4874477835305303,0.8534616580402474,0.041973421952167925,0.8762812327400168,-0.100583274024007,-0.46337248197615655,-0.7317368994221521,-0.053226695668538285,0.03305079884327854,-0.05131256731724574,0.11141534798713984,-4.5486056200630756e-05,-0.0018635904384648651,0.004634290630916886,-1.2505565524101252,-1.2505565524101252,2.282359302043914,2.282359302043914,2.384492075443269,2.384492075443269,1.479621261358262,1.479621261358262,0.10327191233634941,0.15907021641731256,1.9285973429679877,1.9285973429679877,-0.2218144878458071,0.2657809537440815,1.0279329050464752,0.5828675091337057,0.7172321318436015,0.10419157940737567,-0.3674066556663734
-0.25418222800228174,0.3539026660560114,1.08,-0.1963139324731234,0.26133864252798933,1.0079287105357935,0.025715386623004044,-0.004539461816991774,-0.02043949634060538,-0.40014613318723913,-0.5182223817011608,-0.49015527870118025,0.8548212016506425,0.03962229854731653,0.8801146613204208,-0.10059276721686058,-0.46511192007625396,-0.7315782198771908,-0.055032520488468635,0.02122704225140478,-0.04318613902719411,0.04534960036657666,-8.189270839541037e-05,-0.056653618074553574,0.0014866075950739361,-1.3260407209396357,-1.3260407209396357,2.290129899978637,2.290129899978637,2.411194360256196,2.411194360256196,1.4266615390777597,1.4266615390777597,0.06855760693550103,0.15907021641731256,1.896118068695069,1.896118068695069,-0.22202931909612744,0.2658781043449811,1.0283682068763988,0.5825011128129922,0.7174772876794205,0.10471272607065449,-0.3673609127746989
-0.2541772642553713,0.3539128919640109,1.08,-0.19649475441272118,0.2614436277336464,1.0083007248744345,0.025675025253733247,-0.004540320998539349,-0.020557612706960438,-0.4001016400574905,-0.5137104067448602,-0.49302066386163246,0.8553209017212986,0.03778489872965398,0.880397639357065,-0.10059596851666015,-0.47173747770390095,-0.7315637305768421,-0.05920262222763466,0.00035840386731816887,-0.031554947455414026,-0.028531146117118003,-2.966426322311679e-05,-0.1886587899231914,2.4866266075362354e-05,-1.3290784299373621,-1.3290784299373621,2.242946577072143,2.242946577072143,2.4731502890586863,2.4731502890586863,1.3814486563205728,1.3814486563205728,0.06855760693550103,0.15907021641731256,1.8438069939613349,1.8438069939613349,-0.22216977966645443,0.2659839487321857,1.0288583375813949,0.584260460830118,0.7148248144679382,0.10545929215350333,-0.3695179782228979
-0.2541829045013514,0.3539012724774459,1.08,-0.19669519675584296,0.26152137847417345,1.0086771090165816,0.025591351289171782,-0.004570298691851049,-0.020678671052219544,-0.4001557222101282,-0.509163765052429,-0.49592022625912624,0.8555131742353927,0.03612688993397419,0.8778018509341852,-0.10057892876785149,-0.47739395050953004,-0.7314461312800975,-0.05672705038544403,0.007816298429557835,-0.034349077581178,-0.07285943929534157,0.00011183419833067091,-0.048323941042579976,0.004774079657851701,-1.3911207973957056,-1.3911207973957056,2.21161903142929,2.21161903142929,2.556656515598298,2.556656515598298,1.4532480299472819,1.4532480299472819,0.12254754185676568,0.2130601513385772,1.751847821474076,1.751847821474076,-0.22228654804501474,0.2660916771660245,1.0293557800688011,0.5866490412618766,0.7112744533082517,0.10631781115847236,-0.37232791661120496
-0.2541867998806343,0.3538932484701823,1.08,-0.1968928221277519,0.26160382832173895,1.00905832028393,0.025546187530741615,-0.0045997147431773855,-0.020765155649853373,-0.4001894479789245,-0.5045780790557826,-0.4986963478982673,0.856052058561349,0.03434894821242452,0.8733378831604994,-0.10056751147468942,-0.47619011851309384,-0.7311208876287805,-0.05446423849508481,0.013377769194739243,-0.036515080438183155,-0.10408731045834788,7.665101513047444e-05,0.08925882402893826,0.008061757015293911,-1.378590673208236,-1.378590673208236,2.226347076892852,2.226347076892852,2.5824846386909495,2.5824846386909495,1.4654135167598734,1.4654135167598734,0.16679433465003962,0.2573069441318511,1.7737649500370032,1.7737649500370032,-0.2224390096584935,0.26620354306491634,1.0298234759337834,0.5877147468106061,0.7094853193640087,0.10710082650985475,-0.37383334649172456
-0.25418913354533235,0.3538884417470727,1.08,-0.19707565209819075,0.26168451548901056,1.009419437476203,0.025559576512045434,-0.00456299540366345,-0.020771292311900336,-0.4002098815230232,-0.5002545992886874,-0.5013031249899892,0.856944763191346,0.03242464470691254,0.8686151394818427,-0.10057682008450368,-0.46854976948053784,-0.7306329531162967,-0.05014657571313916,0.021322207119163307,-0.040036401458831423,-0.0855769201617222,-0.00010062138719024089,0.19826447024954208,0.011117232722306412,-1.3379548609256737,-1.3379548609256737,2.281655609607696,2.281655609607696,2.5756542444229136,2.5756542444229136,1.5600388109684,1.5600388109684,0.11278970122337337,0.20330231070518487,1.8357272207736974,1.8357272207736974,-0.22263522861023619,0.266247510892674,1.0301907297881034,0.587226809788741,0.7098743871183938,0.10768774003595036,-0.3736928939979624
-0.25418609009339493,0.3538947104922902,1.08,-0.19723731561324753,0.2617735301035408,1.0097610285662564,0.025588192459220616,-0.004536525135449887,-0.02079454767167288,-0.40018111192321454,-0.4961816095054613,-0.5038110751630708,0.8579067903000315,0.030490142747581443,0.8654009796531421,-0.10058619427402887,-0.46252145267035655,-0.7301004189336522,-0.050081442626781714,0.016617350658068172,-0.03755787718745207,-0.045491495527056044,-6.94265844379827e-05,0.06296223162539141,0.010288867304084348,-1.3238605678081505,-1.3238605678081505,2.309234523773193,2.309234523773193,2.6190393328666697,2.6190393328666697,1.5979022681713113,1.5979022681713113,0.09535664200782772,0.1858692514896392,1.7436128616333013,1.7436128616333013,-0.22282550807246815,0.2663100552389907,1.0305555762379293,0.5866577167958078,0.7104024085966315,0.10827496767289221,-0.37341354094283796
-0.2541835249489636,0.35389999438303854,1.08,-0.19737702652912031,0.261850223872807,1.0100586919756307,0.025613873670672,-0.004528744878066426,-0.02086550769136286,-0.4001585393003799,-0.4926294244583306,-0.5062702984429089,0.858692307737289,0.0286595283596049,0.8633406650303114,-0.10059125962524011,-0.4598806842412492,-0.7296081144698204,-0.04833202431141843,0.014836156961948786,-0.03577434912316038,-0.03733145193123456,-4.534181563587573e-05,0.04468888710760759,0.009449347938852309,-1.2631276071071618,-1.2631276071071618,2.397017860412597,2.397017860412597,2.6942327618598947,2.6942327618598947,1.5405427694320688,1.5405427694320688,0.08257580876350398,0.1858692514896392,1.662095987796784,1.662095987796784,-0.2229909001997923,0.2663789687508734,1.0309241996669936,0.586721616292408,0.7100919786645485,0.10890054455064802,-0.37372155170402366
-0.2541831048964358,0.35390085967052853,1.08,-0.19751185473586003,0.2619171277373563,1.0103405407676755,0.025635814179965744,-0.004513940813492656,-0.02092668331654335,-0.40015558454111794,-0.4892734043063833,-0.5086535536596449,0.8594111890555991,0.026883968888862454,0.861932554192104,-0.10059129952763708,-0.4581485066626372,-0.7291237655480722,-0.046927826679107124,0.01438069734603066,-0.035457071979763694,-0.018321782095157967,1.7222700095370188e-05,0.026830502909806157,0.010137772531070026,-1.3182909250259391,-1.3182909250259391,2.365018451213836,2.365018451213836,2.7224676251411446,2.7224676251411446,1.5776527643203744,1.5776527643203744,0.08466856360435482,0.18796200633049004,1.674871134757996,1.674871134757996,-0.22314766891582577,0.26643106855084897,1.031267224084219,0.5868714821836728,0.7096946025129841,0.10949819079719483,-0.37406627858658653
-0.2541864772675318,0.3538939129867799,1.08,-0.19763459908579128,0.26196506577575407,1.0105847200032976,0.025692285222075034,-0.004490085496840601,-0.02095855903328525,-0.4001869945432352,-0.4863897189344657,-0.5108507279766002,0.8603736125267379,0.02500846474715735,0.8613254493334934,-0.1005879501992938,-0.4533994350747981,-0.7284800064854937,-0.041066011523723904,0.024312892199682138,-0.03950763158974618,-0.006760804947707949,5.2232100072551195e-05,0.15703567099121146,0.01576341777935307,-1.2663285017013541,-1.2663285017013541,2.3502540349960324,2.3502540349960324,2.7423683285713203,2.7423683285713203,1.5736516535282143,1.5736516535282143,0.08466856360435482,0.18796200633049004,1.7489488124847417,1.7489488124847417,-0.22332688430786632,0.26645515127259467,1.0315432790365828,0.5861373520064053,0.7105664011933617,0.1099923288014264,-0.37341676674042507
-0.25418610185566304,0.3538946862641381,1.08,-0.1977378001672715,0.26201646438738024,1.010803756551898,0.025773395345726313,-0.004478531246559281,-0.020986412220042272,-0.4001818636152042,-0.4837866630718293,-0.5128675209993573,0.8614982957394981,0.023098948283200568,0.8616823661604085,-0.10058944008483661,-0.44793359710135316,-0.7276305544591599,-0.039616921336477096,0.02053386892829973,-0.037043062577222,0.019390750372762514,-2.8938346003381545e-05,0.07410027381750903,0.01792793333878642,-1.3013069212436668,-1.3013069212436668,2.3032495141029354,2.3032495141029354,2.6982143759727486,2.6982143759727486,1.5933010280132303,1.5933010280132303,0.087023411989212,0.1903168547153472,1.7058869242668155,1.7058869242668155,-0.2235111955129978,0.2664949956339395,1.0317901687719402,0.5848803577248619,0.7121968278260066,0.1104750994458926,-0.37213693445374557
-0.2541843205934657,0.35389835541737735,1.08,-0.1978318842262039,0.26206828859453524,1.0110102428777332,0.025839325365693444,-0.00447123234375757,-0.02101794489881792,-0.4001658679884284,-0.48133923033102066,-0.5148009888253093,0.8624903269884442,0.021280972592823987,0.8633248146247492,-0.10059136898225395,-0.4454291272253817,-0.7267354145937407,-0.03775727325683994,0.019264851923808682,-0.035849751656996526,0.04496702007675213,-1.6167562654815e-05,0.03240314675905604,0.01793482792675811,-1.2967999637126915,-1.2967999637126915,2.3899731159210202,2.3899731159210202,2.7444319844245917,2.7444319844245917,1.6120422303676614,1.6120422303676614,0.08859368443489071,0.1918871271610259,1.6714819908142093,1.6714819908142093,-0.22367120959189735,0.2665395209382928,1.0320281877765511,0.5841014824556148,0.7132179749920431,0.11099766536753958,-0.37124802575146243
-0.2541855009019424,0.35389592412881204,1.08,-0.1979195138835271,0.2621067563605051,1.0111925958438415,0.025913836846857358,-0.004458433664237094,-0.02103368096643221,-0.40017756117931974,-0.47918782930101944,-0.5166482211382769,0.8635534413475888,0.019386233235562128,0.8670179464395372,-0.10057434856260349,-0.44401829371456586,-0.7257582522178601,-0.03611895318525707,0.02357563996006476,-0.039559329861287705,0.0979956280937305,0.0001331475585755593,0.024622872621769785,0.021397833403970907,-1.3821124136447898,-1.3821124136447898,2.379399400949478,2.379399400949478,2.792867255210877,2.792867255210877,1.6806011378765116,1.6806011378765116,0.14560071110725398,0.2488941538333892,1.6188488841056827,1.6188488841056827,-0.22383335073038446,0.2665651900247422,1.0322262768102737,0.5831498346082075,0.7145338959242793,0.11148093642967774,-0.37006699769697604
-0.2541888446553509,0.35388903676901656,1.08,-0.19799570558632162,0.2621322100862386,1.0113428537031062,0.026035979159233336,-0.004441405068592308,-0.021021567570493893,-0.40020808950911185,-0.47742526663772755,-0.5183626235877616,0.8650141389887961,0.017236002023100497,0.8723306859654004,-0.10057017065807909,-0.4393980741105398,-0.7245055944338181,-0.03250156286806062,0.03462486072571902,-0.04623793182806305,0.11358599010442293,4.626545215511604e-05,0.15385298147292722,0.02868590457366314,-1.39881265759468,-1.39881265759468,2.3492412388324735,2.3492412388324735,2.8233272314071662,2.8233272314071662,1.6305422961711893,1.6305422961711893,0.14453388929367061,0.24782733201980583,1.6176068723201755,1.6176068723201755,-0.22403168474555496,0.2665736151548309,1.0323644212736,0.5810386942749511,0.7174691561354075,0.11188216648421695,-0.3675791432772054
-0.2541888180530096,0.35388909156161896,1.08,-0.19805538208921122,0.2621612753713287,1.0114714068710455,0.026211151779854558,-0.004429877440309815,-0.020992770497449076,-0.4002060114975779,-0.4759043006923912,-0.5199481936533559,0.8669062056661431,0.01481124481848645,0.8787309600256524,-0.10056519335366548,-0.4310229737050526,-0.7229600746255087,-0.031304023449283236,0.03953314344426657,-0.04989872472919235,0.13769463072086618,1.7276916969246772e-05,0.1737745581290033,0.03241317633453026,-1.4197005331516257,-1.4197005331516257,2.412944632768631,2.412944632768631,2.767341041564942,2.767341041564942,1.647646015882493,1.647646015882493,0.16534023761749264,0.26863368034362783,1.576737773418427,1.576737773418427,-0.22426653386906578,0.26659115281163853,1.0324641773684946,0.5776148630915549,0.7221514380998133,0.11223358641561507,-0.3636784190275588
-0.2541862757239387,0.3538943281275908,1.08,-0.19811106572722054,0.26219707754946764,1.0116017286022507,0.026386068988024397,-0.0044220947822944945,-0.02096684400069604,-0.40018328435126904,-0.474359813530812,-0.5215627815251271,0.8688056531395395,0.012297295408815037,0.886606644917418,-0.100559087827492,-0.424637849405697,-0.7213049986620024,-0.0330950208174083,0.03686087710618224,-0.05079121952233348,0.17521884871062413,6.882433904509295e-05,0.09308076877047111,0.033929576414314815,-1.4493183553218834,-1.4493183553218834,2.3636375308036803,2.3636375308036803,2.8039211988449106,2.8039211988449106,1.6888506591320047,1.6888506591320047,0.19508783102035518,0.29838127374649037,1.4967262864112858,1.4967262864112858,-0.22449713471524493,0.26661917233176213,1.0325685726029468,0.5742867725967709,0.7266697119326505,0.11263439794250607,-0.35980456497970237
-0.25418744830752565,0.3538919128590523,1.08,-0.19816561864474808,0.2622195189991262,1.011715374967415,0.0265739487083827,-0.0044055050614776325,-0.020922278308472153,-0.400194917229718,-0.4730278784065125,-0.5231939649950402,0.8707930472885789,0.009585575067391078,0.8962909503535307,-0.10053439225220771,-0.4186271708537131,-0.7194643044753168,-0.032254256624690066,0.042515608386679005,-0.056873216325573794,0.20910702404770223,0.00016510002180915572,0.13643233468042212,0.039758919815259454,-1.4521217644214621,-1.4521217644214621,2.397994804382324,2.397994804382324,2.7327236711978924,2.7327236711978924,1.7099968254566202,1.7099968254566202,0.2747112083435058,0.378004651069641,1.4657783508300786,1.4657783508300786,-0.22473956735313078,0.26662502406060384,1.0326376532758872,0.5706783814675629,0.7315396571903823,0.11303403936564177,-0.35552668089473605
-0.25418698945935153,0.35389285797932546,1.08,-0.1982152298682155,0.26224518678418596,1.0118251128109474,0.026784034322222677,-0.004391856225284041,-0.02087282364513854,-0.40018978967573676,-0.4717256086272874,-0.5248637278515831,0.872939541127232,0.006667377595315771,0.9066454388201566,-0.10053030937918371,-0.41156472802867966,-0.7173630607148417,-0.03458920851146163,0.04260837002205884,-0.059384710572125,0.20428719941520493,1.2480814122211985e-05,0.1418013089233884,0.04380554130318499,-1.4908090412616721,-1.4908090412616721,2.3759035766124725,2.3759035766124725,2.768941789865495,2.768941789865495,1.6428026139736185,1.6428026139736185,0.2881651091575622,0.3914585518836974,1.3914044022560124,1.3914044022560124,-0.22499926419043817,0.26663704300947,1.032697936456086,0.5665712190779704,0.7369850937679301,0.1134729884257657,-0.35067635531085334
-0.2541861259474882,0.3538946366393414,1.08,-0.19826475018805587,0.2622722047472397,1.0119366164011656,0.02699676041906343,-0.0043760523819981745,-0.020820747968019804,-0.40018217512741366,-0.4704098211860138,-0.5266329205596617,0.8750232064881939,0.0036528177757398756,0.916670815661048,-0.10051336931914066,-0.40425284335702016,-0.7150599104294431,-0.03625615331745697,0.04063877560051462,-0.060591065987471104,0.19410250055863051,0.00011542488379944,0.1463378201587543,0.0482099656541834,-1.4549143493175498,-1.4549143493175498,2.365109348297119,2.365109348297119,2.730769252777101,2.730769252777101,1.629481828212739,1.629481828212739,0.3430206227302551,0.44631406545639024,1.2977287173271184,1.2977287173271184,-0.2252615106071193,0.2666482571292379,1.0327573643691854,0.562477378407552,0.7423284576067642,0.11399568070507271,-0.34579277694526434
-0.25418342477175876,0.3539002007423853,1.08,-0.19831519715056084,0.2623060048414855,1.0120578618339469,0.02719274931294688,-0.004363847377361896,-0.020780292800825606,-0.40015744035994216,-0.4689709344353584,-0.5285230538558298,0.8768858818691752,0.0006932492409149041,0.9258071529138941,-0.10049398713088316,-0.3983202140093775,-0.7126321306595206,-0.039138519994750785,0.034226158878315344,-0.057767401469096154,0.17233806650277583,0.00013572164556452512,0.09703210797201742,0.04900276812636932,-1.4453104317188255,-1.4453104317188255,2.448548936843872,2.448548936843872,2.721813273429872,2.721813273429872,1.614620578289033,1.614620578289033,0.41895033597946163,0.5222437787055968,1.2972938418388371,1.2972938418388371,-0.22550794646350772,0.26666985221884737,1.0328381546347725,0.5589515566280997,0.7468857276421251,0.11464833447616343,-0.34145369611319115
-0.2541820686365628,0.3539029943502865,1.08,-0.19828542739657046,0.26229622732541813,1.0119980332280405,0.026789332309977987,-0.004228930329056524,-0.02096840532138633,-0.4001461870475494,-0.46986071473892727,-0.5301265512264904,0.8783515405926355,-0.0003674697213521329,0.9332023369342691,-0.10053229941198756,-0.397647466011563,-0.7106492669916854,-0.02053339959780585,0.023980226495886936,0.006209039801599586,0.12114666352761935,-0.0004885186090998081,-0.04905648795087687,0.025543511953697667,-1.4600745618343345,-1.4600745618343345,2.4428986966609956,2.4428986966609956,2.808473217487337,2.808473217487337,1.6055987238883982,1.6055987238883982,0.35346524000167845,0.4567586827278136,1.3583777070045475,1.3583777070045475,-0.22507475970654844,0.26652515765447465,1.0329664385494268,0.5574578961825957,0.7491495459454847,0.11559744377394443,-0.3386043159593192
-0.2541815813046472,0.3539039982641867,1.08,-0.1982329487237728,0.2622724323450975,1.0118852493200312,0.026261561689864155,-0.004071468034744008,-0.021137716645105886,-0.4001413642783708,-0.47113090289821374,-0.530595151538614,0.8791976088190754,-0.0001545255451195013,0.9373987171648666,-0.10051877330592199,-0.39720908649979714,-0.7100863519292387,0.0020591192043419373,0.01199164979676538,0.001755260406657252,0.04866737837888501,8.711089046560557e-05,0.046738560802920256,-0.0009353789269001489,-1.4212939202785484,-1.4212939202785484,2.4978669822216033,2.4978669822216033,2.8623387813568133,2.8623387813568133,1.549844479560853,1.549844479560853,0.422862856388092,0.5261562991142272,1.3417269647121433,1.3417269647121433,-0.22449451041363697,0.2663439003798415,1.033022965965137,0.5566909544178658,0.7504141114888543,0.11605018500262318,-0.3369068077504162
-0.2541821112708343,0.3539029065233309,1.08,-0.19821197956575015,0.2622604262171849,1.011837408157114,0.026242814281837695,-0.004009337931396129,-0.021078043716088457,-0.4001467278074047,-0.4716713073352859,-0.5300355381288224,0.879662678825988,-0.000100184133888912,0.939068869545008,-0.10052455894551768,-0.39175751452427904,-0.7104110147654377,0.017037807124204964,0.010409443701873468,0.001063904688132913,0.020334394999822782,0.0001749866831470546,0.15956411222703576,-0.007937548050824741,-1.4566464722156516,-1.4566464722156516,2.487120401859283,2.487120401859283,2.829688614606859,2.829688614606859,1.646445870399476,1.646445870399476,0.36489234447479246,0.4681857872009277,1.2627614438533785,1.2627614438533785,-0.22445479384758785,0.26626976414858106,1.0329154518732024,0.5547163837496014,0.7528010142497432,0.11566843882449435,-0.33496444408955883
-0.2541837454601329,0.3538995401442309,1.08,-0.19816333862239247,0.26223117941305235,1.011725085981623,0.026337334691970443,-0.003986999161230187,-0.020997517133207966,-0.4001614984096512,-0.47303058302605994,-0.5289379873103636,0.8803379752218438,-7.307316655740919e-05,0.9399402147741229,-0.1005146261790309,-0.3806087143638292,-0.7107278187875559,0.026297421505816446,0.016221072817015073,0.0002621334436317309,0.014898591569549495,6.623758910639374e-05,0.27541025371855277,-0.004770125225202959,-1.4627827107906333,-1.4627827107906333,2.4577167630195613,2.4577167630195613,2.7710956811904928,2.7710956811904928,1.7042766332626351,1.7042766332626351,0.3732768702507019,0.4765703129768371,1.203087341785431,1.203087341785431,-0.2245006733143629,0.26621817857428254,1.0327226031148309,0.5512486423830152,0.7568853451371005,0.1150343282990717,-0.3316875214721778
-0.2541854287397438,0.35389607277207763,1.08,-0.19808241643441094,0.2621860899923617,1.0115431072257461,0.026486098619488918,-0.003965137057322932,-0.020884561115604328,-0.40017641713594376,-0.47521950225239895,-0.5272722883685124,0.8813657804368069,-7.955016008703897e-05,0.9414714284692378,-0.10053365939499395,-0.3639306794014743,-0.7109886960990563,0.03972548126379889,0.023693432670846483,-0.00010438951436594657,0.04494087989357301,-0.0001617859227453717,0.37499450705707044,-0.006106328335267616,-1.5411589205265037,-1.5411589205265037,2.525629913806915,2.525629913806915,2.7673087537288685,2.7673087537288685,1.787165355682374,1.787165355682374,0.31173234462738036,0.4150257873535156,1.1723487615585328,1.1723487615585328,-0.22456851505389985,0.26615122704968464,1.0324276683413505,0.5459605424210566,0.7630307083433674,0.11413299841419758,-0.326626519004978
-0.25418090760388806,0.3539053861202039,1.08,-0.19797970910271562,0.26215182678288107,1.011339588453222,0.026645727250781015,-0.003958626113019781,-0.02077876367761955,-0.40013419433929415,-0.47761884358632145,-0.5253224217040016,0.8825050701654376,-6.26585277545323e-05,0.9450385721519714,-0.10054393873032853,-0.3486451549290178,-0.7113582024113673,0.03782974284484135,0.021045706939661325,0.0003138149666569214,0.09417903398380961,-3.2324892720922966e-05,0.25149844896498885,-0.007889620632783067,-1.6111590445041648,-1.6111590445041648,2.5502237200736997,2.5502237200736997,2.7171335458755514,2.7171335458755514,1.8305383563041695,1.8305383563041695,0.28082712173461916,0.3841205644607544,1.0903913319110872,1.0903913319110872,-0.22462543635349663,0.26611045289590085,1.0321183521308415,0.5402733467716528,0.769505373874927,0.11311876127603318,-0.3212013950672411
-0.254179911269118,0.3539074386570035,1.08,-0.1978785415878601,0.2621061565058975,1.0111268307024508,0.026798273011658796,-0.003943289246754134,-0.020659434611395744,-0.4001265400793645,-0.48015651708492096,-0.5232656435399826,0.8836418069295529,-7.292085343347085e-05,0.9506640182191232,-0.10054750220388246,-0.33528858023604585,-0.7118845808939559,0.04408650564868535,0.024003296340774416,-0.0001702147098961391,0.12684158165725842,-4.550639825272501e-05,0.27231055898884343,-0.012948212864015006,-1.6360750854015342,-1.6360750854015342,2.586037242412567,2.586037242412567,2.657289677858355,2.657289677858355,1.8108956217765817,1.8108956217765817,0.28500707626342775,0.38830051898956297,1.121398061513901,1.121398061513901,-0.2246768145995189,0.26604944575265166,1.0317862653138465,0.5345736457698074,0.775875823413953,0.11199750607180639,-0.3157598494485841
-0.25417650519404456,0.35391445582276326,1.08,-0.1977796099477021,0.262069893331816,1.0109294559839177,0.02693234379467363,-0.003939955812841123,-0.02056159114669165,-0.40009504402414775,-0.4824752424818908,-0.5212952715543215,0.8846752220187728,-5.052676825152463e-05,0.9574419671477845,-0.10055874111595162,-0.3257691879808678,-0.7124807952200107,0.03499056847474646,0.017591255443275503,0.0003336827744924894,0.1435182332795468,-7.834283870975848e-05,0.12868690066255312,-0.010877678522094474,-1.6737535119056695,-1.6737535119056695,2.514607739448547,2.514607739448547,2.6642143070697806,2.6642143070697806,1.7683348655700692,1.7683348655700692,0.2224228072166443,0.32571624994277953,1.0780426383018495,1.0780426383018495,-0.22471195374237574,0.26600984914465714,1.0314910471306094,0.5294987273269119,0.7814371521164785,0.11092081133160461,-0.31093994382325163
-0.2541722726383774,0.353923176457981,1.08,-0.19770888903213185,0.26205018378710176,1.0107959918196512,0.027010279190014946,-0.003945557612344219,-0.020503721229656602,-0.40005698812285456,-0.4840245104367232,-0.5199544856401526,0.8853094822506898,-2.4663165652229114e-05,0.9644059529051049,-0.1005577691999968,-0.3236771567877705,-0.7128808570579718,0.01921807741374974,0.008358212807415263,0.0002932815934100874,0.135528672959489,2.7171249640729405e-05,-0.029442769487609703,-0.005192243683300392,-1.6313764214515678,-1.6313764214515678,2.49902748465538,2.49902748465538,2.6433674037456534,2.6433674037456534,1.7135272085666666,1.7135272085666666,0.23171520709991458,0.3350086498260498,1.025451308488846,1.025451308488846,-0.2247191682221468,0.265995741399446,1.0312997130493078,0.5266004685410999,0.7846041554654538,0.1102271335767045,-0.3081205036703978
-0.25417514225054194,0.35391726389999495,1.08,-0.19766271308548194,0.26201786211319494,1.0106874470032376,0.02706365566842306,-0.003937192401416989,-0.020442587324381867,-0.40008517156991985,-0.48532727116397967,-0.5190032847393623,0.8857124827633872,-4.875993838998629e-05,0.9699071320833843,-0.10056629216068295,-0.3223133392076529,-0.7130397929292611,0.01935136343687887,0.0078664911133849,-0.0004184536697251003,0.08665064408663103,-7.92676417993884e-05,0.06608205571118518,-0.0014939589649974874,-1.6795257210731498,-1.6795257210731498,2.469889521598816,2.469889521598816,2.6647511422634147,2.6647511422634147,1.6631624996662149,1.6631624996662149,0.19714711189270023,0.3004405546188354,0.9742270886898041,0.9742270886898041,-0.224726368753905,0.26595505451461193,1.0311300343276195,0.5245538435830708,0.7868554722044669,0.10973398906359613,-0.3060395116456423
-0.2541780060110763,0.3539113637854431,1.08,-0.19760747074395058,0.2619811572132107,1.0105602142045111,0.027137201893689233,-0.003927238965974633,-0.020373857770711767,-0.40011008467093995,-0.48684511112308576,-0.517986458955353,0.886114131888144,-5.8066179402944875e-05,0.9725064728821925,-0.10055595569912246,-0.31598930451576535,-0.713060318357301,0.02029408599676984,0.00826122179469994,5.626910305356141e-05,0.021297050832529366,0.00012443296828031574,0.17060710692463724,-3.301438746637934e-05,-1.6462478280067436,-1.6462478280067436,2.4693620443344115,2.4693620443344115,2.7531741559505485,2.7531741559505485,1.63086121082306,1.63086121082306,0.24024267673492436,0.3435361194610595,1.012297111749649,1.012297111749649,-0.2247446726376398,0.2659083961791853,1.030934071975223,0.5218579137018127,0.78974250597796,0.10922552399275656,-0.3033823941281874
-0.2541804049484151,0.3539064216286145,1.08,-0.19754380580992925,0.26194196649357027,1.010417597549622,0.027234974055501515,-0.003911136866744602,-0.02029074490245608,-0.4001320324200903,-0.48856353487535686,-0.5168150252285134,0.8866072488995306,-6.719824496526548e-05,0.9727104573768389,-0.10055857786237997,-0.3042350734984946,-0.7130633600436693,0.026989503954179872,0.01140909957221589,-0.00024507147062784943,-0.010100999881575444,-6.62655258048665e-05,0.29401502615202535,-7.728343623496269e-05,-1.5896449565887443,-1.5896449565887443,2.478186774253845,2.478186774253845,2.7523259818553947,2.7523259818553947,1.6912487030029306,1.6912487030029306,0.22085750579833988,0.324150948524475,1.0716941058635712,1.0716941058635712,-0.22477877986543077,0.26585310336031487,1.030708342452078,0.5182229992614602,0.7935330579546381,0.10861388761485674,-0.29992204384940624
-0.25418123267205694,0.3539047164614485,1.08,-0.19746130736737239,0.2618990598738078,1.01024232110144,0.027359001605398753,-0.0038930421836881335,-0.020191021789364605,-0.40013836096843197,-0.49066196291976477,-0.5153500796255962,0.8872100288189373,-6.573717850412809e-05,0.9723426318038858,-0.10056608460673958,-0.2889835902774686,-0.7130656063205726,0.030538337420024406,0.012155889051206967,0.00017186595990185412,-0.004224689583216556,-5.211977301333139e-05,0.30669430230655226,-2.873177517859198e-05,-1.5607800960540763,-1.5607800960540763,2.473378986120224,2.473378986120224,2.6648989319801353,2.6648989319801353,1.7666262984275827,1.7666262984275827,0.19320120692253115,0.2964946496486663,1.155891913175583,1.155891913175583,-0.22482030897277114,0.2657921020574959,1.0304333428908046,0.5135920690340158,0.7982710347609658,0.10784981131663923,-0.29555872493631635
-0.25417776525169566,0.3539118597994488,1.08,-0.19738432427150338,0.2618736765029168,1.0100955988070466,0.02746224475614359,-0.0038857203389563444,-0.02011654650418948,-0.40010644923321675,-0.49238051910149866,-0.5141014997785426,0.8876823401493759,-3.596713083246922e-05,0.9723812893919038,-0.10055683694331119,-0.27737561815870676,-0.7130640979833704,0.01958712738326856,0.0072166820762867845,0.00041911456905039914,0.004331845846622229,0.00010462092127756041,0.1758407330341989,6.738644716412857e-05,-1.6062862873077384,-1.6062862873077384,2.4376611769199372,2.4376611769199372,2.723891818523409,2.723891818523409,1.7555269002914438,1.7555269002914438,0.2353211033344269,0.338614546060562,1.1434600591659547,1.1434600591659547,-0.22484656902764696,0.26575939684187316,1.030212145311236,0.5098402788606977,0.8020487693425365,0.10723099142250192,-0.29203112184477215
-0.25417393838304125,0.35391974430516826,1.08,-0.19734384861639082,0.26186726098811625,1.0100262747469537,0.027511061959540284,-0.0038853304114634946,-0.02008310485550524,-0.4000719780923168,-0.4931678908739808,-0.5134851476623696,0.8879096927239903,-1.5379624803275442e-05,0.9731211746108257,-0.10055504378752764,-0.27304075213760165,-0.7130612665139546,0.005430004782430611,0.001910798403814015,0.00026392375746718294,0.02450992852146273,1.4814972113457405e-05,0.0061228709062469905,6.65145465288929e-05,-1.5538929343223562,-1.5538929343223562,2.491911441087723,2.491911441087723,2.6531754136085532,2.6531754136085532,1.7795474171638497,1.7795474171638497,0.21888978958129884,0.32218323230743395,1.2247666835784914,1.2247666835784914,-0.2248549105759311,0.26575259139957974,1.030109379602459,0.508133116895037,0.8037568675499563,0.10694048940536202,-0.29041240522153683
-0.25417330153315654,0.3539210564753107,1.08,-0.19733906715688712,0.2618671422231342,1.0100187925924338,0.027504403572662234,-0.003893684035431333,-0.02008956518618077,-0.4000676349584921,-0.49323922503817097,-0.5134488335010787,0.8878948312065635,-1.100052035752045e-05,0.9755960770025572,-0.10055058715805541,-0.27686935260629625,-0.7130501252947171,-0.00330891034951392,-0.0022543268963372463,0.00010654964268428559,0.07180839486111142,7.153629495783856e-05,-0.15234111856676175,0.0007883605787027141,-1.4807722806930532,-1.4807722806930532,2.4538835883140564,2.4538835883140564,2.6862114548683187,2.6862114548683187,1.843886065483094,1.843886065483094,0.23972129106521609,0.34301473379135117,1.147209417819977,1.147209417819977,-0.22484347072954936,0.2657608262585655,1.0301083577786145,0.5085023467927826,0.8034243390656423,0.10696054250247367,-0.2906787523207454
-0.2541774709304855,0.3539124661655847,1.08,-0.19734613142162116,0.2618561557428181,1.0100176507600487,0.027480240241929577,-0.003895073613725375,-0.02009192312897201,-0.40010616887059225,-0.4932659241004904,-0.5135117787770661,0.8878273363689291,-4.1120122313097326e-05,0.9795800988747025,-0.10055229738696654,-0.2833446367324016,-0.7130361387938488,0.0013952292050089512,-0.0002459027757867667,-0.0006644579383208187,0.08573909552124374,-7.09180727429806e-05,-0.11184384931245958,1.9463512584671194e-05,-1.552962601184844,-1.552962601184844,2.4219678819179533,2.4219678819179533,2.618839490413668,2.618839490413668,1.8159954786300667,1.8159954786300667,0.24280686855316164,0.34610031127929675,1.0857855618000032,1.0857855618000032,-0.22482637166355074,0.2657512293565435,1.0301095738890207,0.5093708360645541,0.8026251762723028,0.10702104915409466,-0.291342878441724
-0.25418227735827625,0.35390256438262846,1.08,-0.1973304909825916,0.26183194644812147,1.0099671913316455,0.027489062937738368,-0.003887242787061762,-0.020062237634560942,-0.4001494008514078,-0.49390339651753895,-0.5131468316787444,0.8879186129948393,-7.022445787754074e-05,0.983514491697044,-0.10055720254558877,-0.28548438085350997,-0.7130355441982587,0.012940262264389837,0.003873832900134874,-0.00032904214832355405,0.07210640771317475,-4.5018459995288837e-05,0.018107276388803984,1.2036957421131945e-05,-1.5549308538436881,-1.5549308538436881,2.378298395872116,2.378298395872116,2.610890954732897,2.610890954732897,1.7710281848907479,1.7710281848907479,0.22557738900184632,0.3288708317279814,1.1666528403759004,1.1666528403759004,-0.22481955392032996,0.26571918923518323,1.0300294289662064,0.5089286015772077,0.8031336243993323,0.10685273885262436,-0.2907757762530317
-0.25418248165159363,0.3539021435394725,1.08,-0.1972885341548669,0.26181087264988906,1.0098798978192334,0.02753079492435076,-0.0038864725490946883,-0.0200261085948108,-0.40014922785732504,-0.49494512448461786,-0.5124467579431102,0.8881415018104951,-5.7222300034709434e-05,0.9864621278259861,-0.1005622600613587,-0.28362662468909905,-0.7130320320952643,0.013857100970213766,0.004498572267693592,0.0003890851737956565,0.047823139546780295,-3.482459446972181e-05,0.0501867173205268,9.079550138140578e-05,-1.5441268324851982,-1.5441268324851982,2.3669395983219146,2.3669395983219146,2.665386337041857,2.665386337041857,1.7227241635322579,1.7227241635322579,0.19529532074928285,0.29858876347541796,1.102965581417084,1.102965581417084,-0.22481932907921767,0.26569734519898375,1.0299060064140442,0.5074329343171957,0.8046650677218509,0.10653843047449227,-0.2892671927309792
-0.2541789660317578,0.353909385971882,1.08,-0.19725639998593839,0.2618074311255447,1.0098269830288977,0.02756084874382056,-0.0038905156676939945,-0.020008988715195075,-0.40011725470499454,-0.49554945192977773,-0.5119947162663683,0.8882841383471058,-3.257688550322136e-05,0.9879181653605285,-0.10055113936481774,-0.28214327640852394,-0.7130272793427417,0.00439971160959968,0.0014292927030869602,0.000324976393577527,0.012420193845813665,0.0001039486609079867,0.015018347662527558,0.00011740449157928669,-1.5722726821899407,-1.5722726821899407,2.4074970185756683,2.4074970185756683,2.6889011681079884,2.6889011681079884,1.6775399863719949,1.6775399863719949,0.23773909687995912,0.34103253960609425,1.0538668155670168,1.0538668155670168,-0.22481724872975895,0.2656979467932387,1.0298359717440928,0.5064522725980797,0.8056536904782104,0.10635246238232496,-0.2883008504050868
-0.2541807032860137,0.35390580702909136,1.08,-0.19724125992297184,0.26179407405266814,1.0097893399875066,0.02758753208581713,-0.0038796515146696797,-0.01997915790400051,-0.40013483604475925,-0.49601638811512844,-0.5116860588618803,0.8884024097535612,-5.3365377121878906e-05,0.9875517816474281,-0.10055537780608581,-0.27813631060622657,-0.713024314126206,0.008878986637118058,0.003435512014108626,-0.0004623865687222272,-0.025050187667024843,-7.504290004801545e-05,0.13628792826008546,3.6850577360621146e-05,-1.5944733500480643,-1.5944733500480643,2.393600171804428,2.393600171804428,2.7384646236896533,2.7384646236896533,1.6804251730442055,1.6804251730442055,0.22436485767364503,0.32765830039978017,1.0735726594924928,1.0735726594924928,-0.22482879200878897,0.2656737255673378,1.0297684978915072,0.5053597944736286,0.8067279954444596,0.10616871482178986,-0.28727969557353955
-0.2541797316717821,0.35390780864820204,1.08,-0.19721962099671636,0.2617869305273057,1.009748558278336,0.027623522831187936,-0.003874115847445625,-0.01995555224780987,-0.40012444610450815,-0.4964890110488068,-0.511339790548852,0.8885457744466533,-4.6158675054316985e-05,0.9861093566540077,-0.10056243815634508,-0.2725840003747551,-0.7130210306766012,0.004634898050639094,0.0019946422059860585,0.00023526165673044738,-0.03185022932626275,-5.3472555388249915e-05,0.09157845337026677,7.713056350526533e-05,-1.5876318097114555,-1.5876318097114555,2.4271734774112703,2.4271734774112703,2.7314609229564684,2.7314609229564684,1.7405891001224525,1.7405891001224525,0.20107319831848144,0.3043666410446166,0.9835837185382844,0.9835837185382844,-0.2248431438279043,0.2656610463747513,1.029704110526146,0.5040067122214039,0.808031564509808,0.10597061975933927,-0.28606372111720924
-0.25417901053390807,0.3539092942905804,1.08,-0.19721365996876875,0.2617865311901329,1.0097390320531536,0.027639652183117286,-0.003873344016182889,-0.0199520194374867,-0.4001186088050719,-0.4965898643345293,-0.5112662629546814,0.8885988543581455,-3.866208267208123e-05,0.9843939151396608,-0.10057805308265937,-0.2692152924876492,-0.7130146443504636,-0.0008423899957506693,8.971690152801304e-05,7.809690198867828e-05,-0.036432252136257,-0.00011049515825087275,0.04932492837596019,0.00015377742009984729,-1.617010432481765,-1.617010432481765,2.454551261663437,2.454551261663437,2.6666129887104053,2.6666129887104053,1.7387649178504951,1.7387649178504951,0.1447609829902649,0.24805442571640002,0.9031675636768343,0.9031675636768343,-0.22485331215188603,0.2656598752063158,1.0296910514906403,0.5034339541837938,0.8085639676894361,0.10591077879616187,-0.2855896897018114
-0.25418220187965457,0.353902719868688,1.08,-0.19720659440355082,0.2617720635215641,1.0097125855587799,0.02766427593020232,-0.0038566890561412825,-0.01992096376893482,-0.4001482172674684,-0.4969371550135827,-0.5110501507538924,0.8887044838634247,-7.574179837347193e-05,0.9828695582922428,-0.10059274311312828,-0.2638984274562471,-0.7130145937029456,0.009663727529113684,0.003759509142320106,-0.0005944289365505847,-0.02561658977323162,-0.0001189263220754314,0.14669920480907503,-6.272821790098148e-05,-1.6738876223564139,-1.6738876223564139,2.4608860194683078,2.4608860194683078,2.6610019266605396,2.6610019266605396,1.8049494624137885,1.8049494624137885,0.10952370643615725,0.21281714916229236,0.8268124401569368,0.8268124401569368,-0.22487087033375314,0.2656287525777054,1.0296335493277147,0.5023036445397595,0.8096458534036446,0.10574153947146889,-0.2845757677290226
-0.25418355780164903,0.35389992670847714,1.08,-0.1971649733800599,0.26174716885078864,1.0096223077585205,0.027729832929427767,-0.003839012517319995,-0.01986322901248605,-0.40015937332845597,-0.4980425908857265,-0.5103080434763229,0.8889636911346659,-8.485859557099816e-05,0.9811168056209705,-0.10058709881252187,-0.25374370068444985,-0.713016767617028,0.01836833370207604,0.006302987941127076,0.00011864640542679912,-0.04272131938873886,9.509106622359584e-05,0.24272429661201367,-1.5081812795503845e-05,-1.6269439220428457,-1.6269439220428457,2.4556980907917025,2.4556980907917025,2.71277239918709,2.71277239918709,1.7378228306770331,1.7378228306770331,0.14498239040374758,0.2482758331298827,0.849341779947281,0.849341779947281,-0.22489480630948766,0.26558618136810863,1.0294855367710065,0.4996650422336424,0.8121745933580455,0.10532143911625344,-0.28216071650005964
-0.2541833294636193,0.35390039707217275,1.08,-0.19710110555811783,0.2617169541500817,1.0094928204468367,0.02782014117359305,-0.003821464422756382,-0.019788726948022584,-0.4001571760921789,-0.49961169387921006,-0.5092194076625954,0.8893296088271659,-8.203826948755711e-05,0.9798712407608926,-0.10059182664328957,-0.24140188374279634,-0.7130174400137641,0.024508048103174335,0.0079255176580495,7.052017884673321e-05,-0.008521892676802933,-5.828720870132e-05,0.24468201524386862,-1.162655300173446e-05,-1.6149365544319143,-1.6149365544319143,2.44945901632309,2.44945901632309,2.747683662176134,2.747683662176134,1.8337030768394478,1.8337030768394478,0.09332945227622988,0.196622895002365,0.7917249023914338,0.7917249023914338,-0.22492124673171088,0.2655384185728381,1.0292815473948593,0.4961139812106755,0.8155487324894573,0.10473811795033372,-0.2788926482185494
-0.2541825067688558,0.35390209179818055,1.08,-0.1970226311414882,0.2616817059611922,1.0093363813857252,0.027915403552647877,-0.0038070347192246112,-0.019706073054891027,-0.4001498265450762,-0.5014991240992526,-0.5079040803700996,0.8897315138047069,-7.247747660555463e-05,0.9811712968039087,-0.10059847435887369,-0.23124001816126458,-0.71301599664146,0.028039472534796134,0.008167122682537003,0.00010560523834557622,0.056763083131495806,-5.740199287645296e-05,0.17022970474683058,3.963885228768607e-05,-1.5518351793289176,-1.5518351793289176,2.432369261980057,2.432369261980057,2.6676699876785293,2.6676699876785293,1.907657182216645,1.907657182216645,0.040321331024169946,0.14361477375030507,0.8778037369251251,0.8778037369251251,-0.2249380346941361,0.26548874068041683,1.0290424544406163,0.4924074098291633,0.8190571137486515,0.10407447802856723,-0.2754067722227329
-0.25418337317544315,0.3539003070280466,1.08,-0.19692421717925268,0.2616309325991459,1.009134175290563,0.028026286182473686,-0.003788325769877421,-0.01959877829915957,-0.4001579019044341,-0.5039574351302505,-0.5062250085470353,0.8901979251863401,-7.729980899695636e-05,0.9844918915746872,-0.10059387137418332,-0.2208038767133357,-0.7130144223251391,0.03781198337681636,0.01027592101801234,6.385662551936035e-06,0.07456317359660136,7.495076478702522e-05,0.23130213956301685,4.69681078913092e-05,-1.488564181327819,-1.488564181327819,2.437005585432053,2.437005585432053,2.5864311575889603,2.5864311575889603,1.8326787590980538,1.8326787590980538,0.09775135993957522,0.20104480266571034,0.8876070797443391,0.8876070797443391,-0.22495050336172637,0.2654192583690233,1.0287329535897225,0.4880097621265309,0.8231839242338216,0.10323915662239011,-0.27121278637282226
-0.2541808575947685,0.35390548914225145,1.08,-0.19681126456451403,0.2615848115147742,1.0089163814149729,0.028146386728971823,-0.003774961961002632,-0.01949189139236629,-0.4001340967769091,-0.5065639731296165,-0.5044024947965551,0.8906769348604842,-5.735769879506201e-05,0.9881206834069759,-0.10058351272631738,-0.21020847037022472,-0.7130114900943595,0.03431264569037457,0.008839051324273164,0.00042294811416923605,0.0698760885716938,9.50289535991612e-05,0.19456405325121864,7.655275110043817e-05,-1.5553278207778922,-1.5553278207778922,2.4520972669124608,2.4520972669124608,2.558280682563783,2.558280682563783,1.771533679962159,1.771533679962159,0.14511731147766116,0.24841075420379627,0.9500807940959931,0.9500807940959931,-0.22495765129348586,0.26535977347577683,1.0284082728073392,0.48333454135394244,0.8274927104132869,0.10235124632960449,-0.2667728579181599
-0.25417676659961713,0.3539139172579547,1.08,-0.19672445807082872,0.2615568455872338,1.0087577891497161,0.02823609601536614,-0.003768012771021567,-0.019415674999904375,-0.4000973276274681,-0.508432375123751,-0.5030539953826,0.8910150878413057,-2.603515797032503e-05,0.9907477532800257,-0.10058201260596529,-0.20269922739497215,-0.7130007318939763,0.02017514064428599,0.004952566828350671,0.00037251457640761386,0.036933322228278775,7.519164219357426e-06,0.11638147326509964,0.0003844577076658451,-1.5277581810951224,-1.5277581810951224,2.408911436796189,2.408911436796189,2.5981264114379896,2.5981264114379896,1.7011075079441078,1.7011075079441078,0.12704791307449342,0.23034135580062853,0.8604812920093537,0.8604812920093537,-0.22496055408619486,0.26532485835825537,1.0281734641496205,0.4799180604300695,0.830590767239104,0.10170274662502349,-0.26354161716723873
-0.254173604155233,0.35392043294819703,1.08,-0.1966882768143969,0.26155024083497513,1.0086972082340222,0.02826879271147828,-0.0037688441757707247,-0.019389309642476427,-0.40006956526057075,-0.5091126504817196,-0.5025714898231894,0.8910986471086535,1.4425876692553221e-05,0.991885030838355,-0.1005833114669597,-0.20084859053529774,-0.7129126903807503,0.000618939736373549,-0.0008586788269486975,0.0004923685133889158,0.009771910310250913,-1.9207850654005485e-05,-0.020236379667674824,0.003292452249942224,-1.6025773346424095,-1.6025773346424095,2.3562837541103367,2.3562837541103367,2.602881264686586,2.602881264686586,1.6957402944564828,1.6957402944564828,0.12097716212272645,0.22427060484886158,0.7909889042377473,0.7909889042377473,-0.2249570695258752,0.26531908501074586,1.0280865178764986,0.4788214464644308,0.8315862362984568,0.10150678641688002,-0.26247042941252446
-0.2541744001589272,0.3539187928707183,1.08,-0.196697769716909,0.26155209031187077,1.0087132155945695,0.028246578752864848,-0.003780375281860038,-0.019413319066003742,-0.4000781445105973,-0.5088939544706464,-0.5029399690294891,0.8908888213334396,5.442477365000556e-05,0.9918329201489685,-0.10058960864286509,-0.20482445932284174,-0.7125543116423262,-0.014003626519167662,-0.00675775367555438,0.00017284320805950934,-0.009795850664991784,-4.069535649426016e-05,-0.11911654059844373,0.011578975995154783,-1.585376411676406,-1.585376411676406,2.329060530662537,2.329060530662537,2.5980774641037003,2.5980774641037003,1.7069990158081063,1.7069990158081063,0.05257571816444398,0.15586916089057912,0.8280446112155915,0.8280446112155915,-0.22494434846977385,0.2653324655937308,1.0281265346605732,0.48011352867592777,0.8304665412847225,0.10181732493050141,-0.2635328361569693
-0.25417575688727556,0.3539159975509657,1.08,-0.19673551978381862,0.26156571241272647,1.0087835493844366,0.02818020847125094,-0.0037971031170441205,-0.01946853168212148,-0.40008981308754893,-0.5080193395548702,-0.5039858826394252,0.8904024734370938,6.888843306901439e-05,0.9916563238843487,-0.10059041588291973,-0.21466983698263203,-0.7117443124458919,-0.027039680306087315,-0.012359122475883898,0.00012581493112105659,0.00025840468298145985,-6.681579977229786e-06,-0.25948355667400524,0.020339055601889273,-1.5512276947498314,-1.5512276947498314,2.345016992092133,2.345016992092133,2.655691385269167,2.655691385269167,1.7739622473716745,1.7739622473716745,0.05257571816444398,0.15586916089057912,0.7737933337688446,0.7737933337688446,-0.22491572825506956,0.2653628155297706,1.028252081066558,0.4834427108229716,0.8275466298992531,0.10261564956539726,-0.2663076212931147
-0.2541784043954819,0.35391054303735575,1.08,-0.19679426812310943,0.26158505735421955,1.0088913237844328,0.028085186731909573,-0.0038135009049886093,-0.01953936667926115,-0.4001146420752445,-0.5067208250196653,-0.5055273266431297,0.8897644272232148,-5.156396212745645e-05,0.9923724206120131,-0.10059440951513436,-0.22901355427445,-0.710532391539838,-0.030108190428454914,-0.01383601784536323,-0.001501845383348105,0.021851834017870782,-0.0002845690544496902,-0.3021945268734451,0.025066407327169294,-1.5891099750995628,-1.5891099750995628,2.4010764241218574,2.4010764241218574,2.626842212677004,2.626842212677004,1.8274527430534373,1.8274527430534373,0.05257571816444398,0.15586916089057912,0.8643324911594391,0.8643324911594391,-0.224879454855019,0.26539855825920816,1.028430690463694,0.48810254113866947,0.8234164025629027,0.10376091654534397,-0.2701388708090927
-0.25417907642663556,0.3539091585415577,1.08,-0.19685122645483255,0.2616103775207109,1.0090030930070917,0.02796754132835877,-0.0038379251187400376,-0.019627435690081185,-0.4001193438280948,-0.5053642906960574,-0.5071543767853435,0.8889498900484536,-3.800808033381258e-05,0.9934061712953173,-0.1005954085209414,-0.2466905197637351,-0.70922004268662,-0.03503880189234662,-0.01794624531727856,0.0004250502383128806,0.019710559783367106,4.180945370674443e-05,-0.3814493686106081,0.027835626544890257,-1.5634729206562035,-1.5634729206562035,2.4204725146293646,2.4204725146293646,2.6223792433738726,2.6223792433738726,1.7747561395168314,1.7747561395168314,0.05257571816444398,0.15586916089057912,0.7885125696659089,0.7885125696659089,-0.22481876778319132,0.26544830263945096,1.0286305286971729,0.4936693066219552,0.8183944036472064,0.10504879457643623,-0.2747470955922363
-0.254181989791022,0.3539031567729851,1.08,-0.19690674264850472,0.26162723889159195,1.0091040549305244,0.02785407030935158,-0.0038548900465910085,-0.01970293348008667,-0.40014643707537445,-0.5041715542447753,-0.5087439101841614,0.8880959078568677,-4.89173663565486e-05,0.9934497831683339,-0.1005968256074738,-0.26229083883009524,-0.707817796592891,-0.028380185735108324,-0.016154622244173456,-0.0002516981995783192,-0.014758701587044733,-2.5771900496056253e-05,-0.2566680290792172,0.02806097373184397,-1.5520381510257713,-1.5520381510257713,2.4589769721031196,2.4589769721031196,2.554207992553713,2.554207992553713,1.7030656576156626,1.7030656576156626,0.05257571816444398,0.15586916089057912,0.7792292475700379,0.7792292475700379,-0.2247608129578563,0.26548212893818296,1.028806988410611,0.4989776604520583,0.813521109696051,0.10631667584595558,-0.27910833539283997
-0.2541841714338008,0.3538986626723914,1.08,-0.19693928434683783,0.2616354836789205,1.0091616229097333,0.027778877065572416,-0.0038649577650225475,-0.01975229910526366,-0.4001655242960426,-0.5034999473046798,-0.5099664630664116,0.8873476107737407,-5.3439408629977404e-05,0.9914169241792734,-0.10059699899283692,-0.27139945625184514,-0.7064081310989858,-0.020942372229000264,-0.01379139551914164,-3.0167394330703213e-05,-0.06402554229705656,5.060002887835425e-06,-0.11350707570678292,0.02834786783723219,-1.5245236814022056,-1.5245236814022056,2.466980719566346,2.466980719566346,2.5890881538391133,2.5890881538391133,1.65396587252617,1.65396587252617,0.05257571816444398,0.15586916089057912,0.8404675483703613,0.8404675483703613,-0.22471816141241024,0.265500441443943,1.028913922014997,0.5028232916275978,0.8099461587163114,0.10736899074423437,-0.2821840838956796
-0.2541851156567615,0.3538967176787283,1.08,-0.19694701957433752,0.2616359703742054,1.0091737499506994,0.027747283852433857,-0.0038627899676929034,-0.019764723327723388,-0.4001732635476287,-0.503376077902945,-0.5107291554988718,0.886778352424657,-6.09252296378992e-05,0.987764276254837,-0.10059813960234475,-0.27348003867094295,-0.7050599263324974,-0.009893584731401922,-0.008746626365980538,-0.00017779190940029173,-0.0793020561153872,-3.9358010860816354e-05,0.021578999098476912,0.02449800244057421,-1.4891550958156579,-1.4891550958156579,2.4452785909175883,2.4452785909175883,2.5408976554870626,2.5408976554870626,1.727544802427293,1.727544802427293,0.05257571816444398,0.15586916089057912,0.9217263460159302,0.9217263460159302,-0.22469430342677138,0.2654987603418983,1.0289384732784228,0.504921805120634,0.8079999644878876,0.10814290852247502,-0.2837166534371791
-0.25418523912672675,0.35389646334751657,1.08,-0.1969286806638983,0.2616266399957296,1.0091362955145542,0.027762940210801668,-0.0038478229932870645,-0.019736135574141667,-0.4001748575924057,-0.5038558471687515,-0.5108442409073064,0.8865413192011171,-8.200327954204542e-05,0.9843639538528758,-0.10060133165921041,-0.26923346885164134,-0.7041034399954371,0.005078681749593298,-0.0010142273571161569,-0.00040736473051629,-0.05719734652745371,-5.077079825171197e-05,0.14266366140700434,0.013824854819447443,-1.516212755441665,-1.516212755441665,2.445968109369279,2.445968109369279,2.5827834606170677,2.5827834606170677,1.818549531698228,1.818549531698228,0.05257571816444398,0.15586916089057912,0.8472497940063477,0.8472497940063477,-0.22469162087469996,0.26547446298901667,1.0288724310886959,0.5048784622596205,0.8080946029019844,0.10845950891969816,-0.2834032216329639
-0.2541867382360533,0.35389337544495403,1.08,-0.19687824651459523,0.26159696547468925,1.0090292331666748,0.02782745867437375,-0.003827959870834896,-0.01967151818185453,-0.4001881879993414,-0.5051751557450309,-0.5101740467651827,0.886671334638551,-9.551543298008971e-05,0.9827846576078754,-0.10060180306757273,-0.26007667457282296,-0.7036576033439528,0.020156239993902852,0.005621758425833575,-2.675401114369816e-05,-0.007846051684572874,1.3654675128834907e-05,0.20769557540509825,0.004730550683877238,-1.5630546033382409,-1.5630546033382409,2.448910075426103,2.448910075426103,2.5156905770301843,2.5156905770301843,1.895765882730485,1.895765882730485,0.08919314026832581,0.19248658299446095,0.7588693082332612,0.7588693082332612,-0.22470570518896898,0.26542492534552414,1.0287007513485293,0.5025959608944817,0.8103307504037967,0.10823101896137041,-0.2811537329952351
-0.2541870803852586,0.35389267069236585,1.08,-0.19679463502347633,0.26155518831684443,1.008860294528883,0.027932377436347605,-0.0038055526790510275,-0.019576991299071977,-0.4001907300572444,-0.5072377315957983,-0.5088046416280171,0.8870928786161707,-9.898890619369573e-05,0.9831659647905892,-0.1005879962603855,-0.24739792805336194,-0.7035983477050239,0.032953284460110095,0.010428096206331972,5.3571823996798236e-05,0.02191058427739031,0.00010314185610328781,0.2808926140531082,4.272193517132888e-06,-1.6101077735424034,-1.6101077735424034,2.4759370863437664,2.4759370863437664,2.499382853507998,2.499382853507998,1.8603316843509685,1.8603316843509685,0.15087743878364562,0.2541708815097808,0.7380219280719758,0.7380219280719758,-0.22472701245982393,0.26536074099589546,1.028437285827955,0.498477242790346,0.8142832919680173,0.10755520720757694,-0.27729954245255883
-0.25418221749274605,0.3539026877056771,1.08,-0.19669737997566503,0.2615248183331125,1.0086839566305932,0.02804474058252926,-0.0037927626243404733,-0.01948935134485308,-0.40014562724307945,-0.5093407192127191,-0.507290387423434,0.8875631935723783,-6.2691380382743e-05,0.9842960812964425,-0.10058942109726512,-0.23542483923133595,-0.7035969153896983,0.02698821677774839,0.008194441390570796,0.0006043885459162909,0.02385406950895539,-2.1919985152735313e-05,0.2062601935434522,4.2326223083186344e-05,-1.5976000487804405,-1.5976000487804405,2.4475773453712475,2.4475773453712475,2.452791726589205,2.452791726589205,1.7820459306240093,1.7820459306240093,0.11230791091918944,0.21560135364532462,0.766592425107956,0.766592425107956,-0.22474212055819429,0.26531758095745295,1.0281733079754463,0.4941713696420671,0.8183458051051433,0.10682030846548096,-0.27330243758927164
-0.25417760487394087,0.3539121902122332,1.08,-0.19663062717959465,0.2615083975248918,1.0085680646124797,0.028114990122048822,-0.003786784966217649,-0.019432575676388675,-0.40010502380700497,-0.5107026439211381,-0.5062849389307965,0.8878501082729799,-3.586579907729507e-05,0.9861680383891404,-0.10058117516480533,-0.22948304335715053,-0.703592825261984,0.014068479211496572,0.0038936633537697434,0.00020597626772696066,0.049515750109126955,7.117634038322184e-05,0.047985029418194235,9.589958088252106e-05,-1.652622824907302,-1.652622824907302,2.43555989265442,2.43555989265442,2.4506821811199213,2.4506821811199213,1.8203498780727398,1.8203498780727398,0.15165729999542235,0.25495074272155754,0.8336212575435639,0.8336212575435639,-0.22474561730164347,0.26529518249110945,1.0280006402888684,0.49153289181683457,0.8208168136943961,0.10634854778636199,-0.27082311755552035
-0.25417944078387034,0.35390840791402817,1.08,-0.19659033526596775,0.26148247782740874,1.0084815597225156,0.028162167398386534,-0.003771911990634258,-0.019377126518208776,-0.4001233167539047,-0.5117541254613036,-0.5055676068706356,0.8880596859052491,-6.45862510793121e-05,0.9879222351518272,-0.10059168381395969,-0.22500293091855497,-0.7035919083876188,0.01508523021048323,0.004261877205251882,-0.0004755689321912303,0.02173823401425932,-9.848175605310725e-05,0.11621773733107242,-7.0293621194646386e-06,-1.7039988756179802,-1.7039988756179802,2.427107471227647,2.427107471227647,2.5260581672191647,2.5260581672191647,1.744301384687425,1.744301384687425,0.12207311868667602,0.2253665614128112,0.9218675792217255,0.9218675792217255,-0.2247525026643543,0.265254389818043,1.0278586862407244,0.4895452091618373,0.8226727526502582,0.10597007289858204,-0.2689337722998163
-0.2541782365678567,0.3539108887934582,1.08,-0.19656215308442745,0.26147297178413353,1.0084301781994909,0.028191389314743492,-0.0037705570595045756,-0.019355880510769863,-0.4001114327777011,-0.5123345782163286,-0.5051769555203507,0.8881502709481718,-4.438448879027847e-05,0.9883707390430206,-0.10058061289517144,-0.2224305987712908,-0.703583470608103,0.001232934311174807,4.072632678130764e-05,0.0003450887117874659,-0.0009270231710299526,9.649743810160535e-05,0.006625202123441067,0.0004530887560472996,-1.6747573375701896,-1.6747573375701896,2.3493927776813517,2.3493927776813517,2.544103783369067,2.544103783369067,1.7131633043289196,1.7131633043289196,0.1492096710205078,0.25250311374664297,0.8437780737876892,0.8437780737876892,-0.22475354239917095,0.2652435288436381,1.0277860587102607,0.48846511199730547,0.8236680572238928,0.10577946086444123,-0.2679243765126763
-0.2541781117992354,0.3539111458408689,1.08,-0.19656643699849768,0.26147548359977274,1.008439097428392,0.028181802383410642,-0.003780255881984329,-0.019375603263161567,-0.40011103674885784,-0.5122095476640778,-0.5053797127506363,0.8880488979177661,-2.5470836983774326e-05,0.9880217500404451,-0.10058354221515292,-0.22418057672870703,-0.7034241007038612,-0.008310725828483656,-0.003999554606647228,0.00014555057183185375,-0.012682097264309453,-4.448672305696788e-05,-0.06320859802767496,0.006282909615463268,-1.6114272594451897,-1.6114272594451897,2.351770967245103,2.351770967245103,2.5644594848156004,2.5644594848156004,1.7170562863349925,1.7170562863349925,0.10249878644943236,0.20579222917556753,0.7791230261325837,0.7791230261325837,-0.22474823938190833,0.26525573948175707,1.0278147006915537,0.4891103418681509,0.8230857128561988,0.1059349358684418,-0.26847490037650196
-0.25418103364649614,0.3539051264647344,1.08,-0.19657866150930697,0.26147129090689847,1.008452695830921,0.028169320123681674,-0.003776480667264881,-0.01938029126380103,-0.4001374329632708,-0.5120544310676176,-0.5057147866703275,0.8878685646828925,-4.40707981939845e-05,0.9860933541126939,-0.10058765213047992,-0.22403484860989828,-0.7030576710483109,-0.005308537242346015,-0.0032175571809490255,-0.0002490158195944574,-0.06199220852095838,-4.809974339935039e-05,0.051078377973051474,0.007802481016176649,-1.6184924423694604,-1.6184924423694604,2.388415676355363,2.388415676355363,2.616726988554004,2.616726988554004,1.6634883999824535,1.6634883999824535,0.10559796571731567,0.20889140844345083,0.8659409940242768,0.8659409940242768,-0.22474798163298865,0.26524777157416335,1.027832987094722,0.4897909663935676,0.8224729769106227,0.10617766468684375,-0.26901545496993634
-0.25418053473838026,0.3539061542502997,1.08,-0.19659100226565365,0.26147901039562504,1.0084789175249,0.028151395716421918,-0.003781929005084783,-0.019403881101854425,-0.4001322278058483,-0.5117192086224117,-0.5062214225188092,0.8876042150737915,-2.7840861111289948e-05,0.9832906127474331,-0.10059268919923291,-0.22484577593044378,-0.7025303611133136,-0.014135847494861768,-0.0071012966939193786,0.0001845414051784152,-0.05096189024057135,-5.493630715493747e-05,-0.06146683059622393,0.013091125094393622,-1.6237655937671656,-1.6237655937671656,2.3858230412006387,2.3858230412006387,2.603771024942401,2.603771024942401,1.753110992908479,1.753110992908479,0.02141573905944824,0.1247091817855834,0.9538406789302827,0.9538406789302827,-0.22474239798207557,0.2652609394007098,1.0278827986267545,0.4909582414456715,0.8214069802472586,0.1065715362818089,-0.2699871952744952
-0.2541801152051514,0.35390701852712647,1.08,-0.19661923915457863,0.26149417087474697,1.008536368975461,0.028106617054531297,-0.0037901984876654304,-0.019444088341537435,-0.40012861679136086,-0.5110151781598532,-0.5070762092608357,0.8871871889422658,-2.4718345080539104e-05,0.980739740756038,-0.10059502796594902,-0.22928814407400408,-0.7017914046991243,-0.01912400402453975,-0.009344353182150753,-4.149069745459596e-05,-0.051563070397134654,-3.508425580440771e-05,-0.10628285554737185,0.016070594730424003,-1.5826186716556543,-1.5826186716556543,2.4389353334903725,2.4389353334903725,2.564128082990649,2.564128082990649,1.73300040960312,1.73300040960312,0.02141573905944824,0.1247091817855834,1.0500190556049347,1.0500190556049347,-0.22472585620910993,0.2652843693624124,1.0279804573169984,0.4933000963866778,0.8192716477455163,0.10721614462230225,-0.2719442597988981
-0.2541807362324934,0.3539057391569421,1.08,-0.19665596005930902,0.2615098439093759,1.008606981556632,0.028046512523110162,-0.003798695496949611,-0.019490825637087372,-0.4001345914323238,-0.5101614384428517,-0.508083069228239,0.8866982152771082,-3.4098074858445625e-05,0.9788311679120516,-0.1005973850694731,-0.2360729938547315,-0.7009798232968649,-0.02019003661437222,-0.00994703253086495,-0.00026748845048616294,-0.02671212574916901,-3.954227964747303e-05,-0.15366082681966103,0.01611385609665467,-1.6408237993717187,-1.6408237993717187,2.498103934526444,2.498103934526444,2.5385921061039,2.5385921061039,1.7929907202720652,1.7929907202720652,0.02141573905944824,0.1247091817855834,1.0670797288417817,1.0670797288417817,-0.22470247258241918,0.26530853940632554,1.0280978071937195,0.49622411006982253,0.8165901206869712,0.10796227435817202,-0.2743835904300063
-0.25418432806481306,0.35389834002712534,1.08,-0.19667847114146195,0.26150832716913314,1.0086386567466359,0.028002362662597285,-0.0037984633560107506,-0.01951097423755699,-0.40016702992263925,-0.5098121603425732,-0.5087573671177339,0.8863008665661293,-6.198626380732727e-05,0.9783558350811564,-0.1005996660104688,-0.24159988886832362,-0.7002211731856893,-0.007507146089350079,-0.00575191763378503,-0.00034311197017264323,0.004154933691463067,-3.443456737073394e-05,-0.07850099658098388,0.013483293950991125,-1.5759199559688561,-1.5759199559688561,2.4390569031238565,2.4390569031238565,2.5762250006198912,2.5762250006198912,1.834637939929963,1.834637939929963,0.02141573905944824,0.1247091817855834,1.149372810125351,1.149372810125351,-0.22468083380405923,0.2653067905251439,1.0281496309841929,0.49836673609878107,0.8146415096021632,0.1085237755695814,-0.27606592929856366
-0.2541843971085232,0.35389819780389353,1.08,-0.19667121024450268,0.2615045630888221,1.008623972809274,0.027991712256818957,-0.003795035257992463,-0.01950526513721118,-0.40016664177614253,-0.5100043216122101,-0.508867611652304,0.8861375173842228,-6.999818829227559e-05,0.9794485217746229,-0.10060079693929562,-0.24449606387739317,-0.6997177392130898,0.0020594784372457266,-0.001000518865193318,-7.604588374252337e-05,0.037829610034688106,-2.196259414170059e-05,-0.04249881477432259,0.006325315474849961,-1.5582840740680688,-1.5582840740680688,2.423716878890992,2.423716878890992,2.5957888305187256,2.5957888305187256,1.8539359807968148,1.8539359807968148,0.04368342638015747,0.14697686910629262,1.1304367005825045,1.1304367005825045,-0.22466292250132164,0.26529959834681455,1.0281292379464853,0.4990857619028496,0.8140268655648382,0.10875768004326686,-0.2764876695915092
-0.25418050787179947,0.3539062095976653,1.08,-0.19666131441694298,0.26151323424320455,1.0086184489992278,0.027975756556322423,-0.0038109615574821176,-0.019527641095103743,-0.400131240038479,-0.5100506186898545,-0.5089596921271391,0.8860188943828358,-3.397941444999211e-05,0.9820049653432179,-0.10059680900353453,-0.2503864378824189,-0.6994309289595739,-0.0055261936460178195,-0.0038685832320237775,0.0005518800235189855,0.06362707143650635,7.061826730327562e-05,-0.17121688654684186,0.006360665405279106,-1.5608307242393487,-1.5608307242393487,2.408582103252412,2.408582103252412,2.630537360906604,2.630537360906604,1.8234022200107582,1.8234022200107582,0.04368342638015747,0.14697686910629262,1.2184453070163728,1.2184453070163728,-0.2246370709732654,0.26532419580068667,1.0281460900943316,0.5001349839575595,0.8130891602621209,0.10896625347359329,-0.27726768814620245
-0.2541812030451095,0.3539047774944246,1.08,-0.19666591489657387,0.2615130588058628,1.0086250633672174,0.027945676342272824,-0.0038195029558452664,-0.019544761984101156,-0.4001387377903216,-0.509976950985611,-0.5091831862715861,0.8858530475974833,-4.009059654092639e-05,0.9851144525959925,-0.10059736456172998,-0.25762611127797064,-0.6991433044675,-0.002933707155392901,-0.0025208314060118776,-0.00025526989544208054,0.06039554146230296,-2.9107929388511637e-05,-0.12386554650236005,0.004719921592525914,-1.6061010718345634,-1.6061010718345634,2.4217499375343334,2.4217499375343334,2.5868137896060976,2.5868137896060976,1.7714767336845405,1.7714767336845405,0.06034412860870361,0.16363757133483878,1.2963633596897126,1.2963633596897126,-0.2246115912388467,0.26533256176170805,1.0281698253513185,0.5015621304660685,0.8118021427132225,0.1092142978955929,-0.2783611817472621
-0.2541820824209094,0.35390296595440796,1.08,-0.196664033134643,0.2615090985503796,1.0086181266263532,0.027934897306587853,-0.0038187788188572824,-0.019543720020500865,-0.4001463443159394,-0.5100665079576499,-0.5091934760693663,0.885811711256123,-5.399556181035489e-05,0.9872054035831369,-0.10059608070984596,-0.2608874927799382,-0.6990406489723822,0.001546990541507496,0.0002220518474601016,-8.968698659929783e-05,0.025186246700901894,4.113874640318325e-05,-0.02318423048749658,0.00024129543466622688,-1.6128343462944024,-1.6128343462944024,2.4556125998497023,2.4556125998497023,2.5316829502582583,2.5316829502582583,1.7165788948535927,1.7165788948535927,0.09024811267852784,0.193541555404663,1.2518615067005159,1.2518615067005159,-0.22459893044123086,0.2653278773692369,1.028161846646854,0.5020206265699036,0.8114074925583943,0.10927423575875403,-0.27866164593966075
-0.2541805225763225,0.35390617930513446,1.08,-0.19666047764727124,0.2615127771123922,1.0086167329269828,0.027928768287857203,-0.0038254372816203253,-0.019554626992052127,-0.40013168411431455,-0.5100740446095169,-0.5091954030649768,0.8858021472712273,-3.994081315846649e-05,0.9885460307740684,-0.10059683723999707,-0.26334573111433984,-0.699033906711604,-0.0014439285149565016,-0.0006741815515315256,0.00025996785924980114,0.02868366934371577,-9.902721767068798e-06,-0.06574791880419743,0.00012789163089538204,-1.5631190419197076,-1.5631190419197076,2.4527445137500776,2.4527445137500776,2.618498140573505,2.618498140573505,1.7800770819187173,1.7800770819187173,0.09024811267852784,0.12253430366516105,1.2615519583225252,1.2615519583225252,-0.22458924593512844,0.2653382143940125,1.028171359919035,0.5023575019535701,0.8111027275063692,0.10930912771311857,-0.2789279840053606
-0.2541785529375652,0.3539102370141608,1.08,-0.19667081086630908,0.2615246172783623,1.0086444351357586,0.027900942379907784,-0.0038408555771352604,-0.019588948463878486,-0.40011416623586527,-0.5097207588208938,-0.5094993073858277,0.8856622961894107,-1.6555223200870025e-05,0.9897356221896652,-0.10059478037398019,-0.26877549533780326,-0.6989317793445119,-0.00999417319433174,-0.004537702352625169,0.0002264928986032513,0.01915546010057758,2.5397662450675886e-05,-0.13607846680344265,0.00394935129360533,-1.5141198039054864,-1.5141198039054864,2.4437361717224135,2.4437361717224135,2.559302276372913,2.559302276372913,1.7504038393497476,1.7504038393497476,0.09024811267852784,0.12253430366516105,1.184706795215607,1.184706795215607,-0.22457175324621687,0.26536547285549755,1.0282333835996371,0.5036780731181261,0.8098578734924875,0.10953233235105478,-0.2800737252438645
-0.2541771649576039,0.35391309654104036,1.08,-0.19670521534904536,0.26154612555983486,1.0087179720949786,0.027835487520668306,-0.003859818217070765,-0.01964664091447954,-0.4001019989369948,-0.5088107137000719,-0.5102948999808175,0.8852891812062643,1.8413853750550216e-06,0.9907643863817722,-0.10058985759114099,-0.27882915254633495,-0.6986008587099714,-0.02074614965561673,-0.009517971353499795,-0.00022036317757460411,0.02137851454962338,5.5627545825103866e-05,-0.24308064010621686,0.009214620126938619,-1.5394663453102104,-1.5394663453102104,2.427985453605653,2.427985453605653,2.5351808488369025,2.5351808488369025,1.7697750627994546,1.7697750627994546,0.09408472061157228,0.1263709115982055,1.0977544069290164,1.0977544069290164,-0.22454070286971367,0.26540594377690563,1.0283646130094581,0.5065492011372212,0.8071244759235954,0.11006869042511314,-0.2825648077528505
-0.2541789782215021,0.3539093608591171,1.08,-0.19675643440913376,0.2615647054820883,1.0088135495693873,0.027752002072716414,-0.003872886489245553,-0.019707614701716558,-0.40011918297152427,-0.5076609959492039,-0.5113759151044874,0.8847911564475112,-2.4364311504418345e-05,0.9910017815967239,-0.10059486491921076,-0.2897759850639173,-0.6980948503952933,-0.02145263512913513,-0.010259478647549194,-0.0003319350534339535,-0.009059428994119129,-6.636141664957885e-05,-0.1981316961121291,0.010491474965097053,-1.5495629847049706,-1.5495629847049706,2.466343164443971,2.466343164443971,2.4922272264957464,2.4922272264957464,1.7131689131259926,1.7131689131259926,0.06528324365615845,0.1263709115982055,1.1003981828689577,1.1003981828689577,-0.22450843648185018,0.2654375919713339,1.0285211642711038,0.5100629333450823,0.8037410589842235,0.11076492902755386,-0.28559979801787366
-0.2541828768368265,0.35390132946555536,1.08,-0.19679586254523296,0.2615703418824934,1.0088781378285683,0.02769184275476899,-0.0038763422477796627,-0.019746009733996317,-0.4001546875479442,-0.5069101586628306,-0.5122254790560355,0.8843572001549546,-4.6841514099905083e-05,0.9897348006708087,-0.10059703003021292,-0.2959853931747068,-0.6975783314788067,-0.012447698388678381,-0.006948608283074298,-0.00032705939251538704,-0.040410390328385545,-1.958589226827815e-05,-0.05640188237911039,0.010133765504727638,-1.5333203732967369,-1.5333203732967369,2.450944232940675,2.450944232940675,2.5128963291645086,2.5128963291645086,1.7039004445075996,1.7039004445075996,0.06528324365615845,0.1263709115982055,1.144253695011139,1.144253695011139,-0.22448770530000195,0.26544668413027306,1.0286241475625646,0.5125952504237705,0.8012764873338571,0.11132171952501296,-0.2877665283713547
-0.2541832940984705,0.35390046992264035,1.08,-0.19681392191835284,0.26157766370226454,1.008912776404553,0.027662935722705673,-0.0038805880488904654,-0.0197727507493779,-0.400156665636979,-0.5064923177450218,-0.5128067533129509,0.8840234309086069,-3.885618576228896e-05,0.9868139692455797,-0.10059267438715919,-0.297503854069766,-0.6970396703297428,-0.011852714812674548,-0.006764256755018909,0.00030306213815430586,-0.07398937694541106,6.369112366275904e-05,-0.011179866898875403,0.011566085723769017,-1.517841833829879,-1.517841833829879,2.4633233547210707,2.4633233547210707,2.513800925016407,2.513800925016407,1.6727411150932319,1.6727411150932319,0.09517477035522462,0.15626243829727166,1.1909246921539307,1.1909246921539307,-0.2244768576410585,0.265458251751155,1.0286855271539308,0.5140704605452123,0.7998213710834166,0.11175160862071284,-0.28901369158529483
-0.2541839688047073,0.3538990800711251,1.08,-0.19682624359826412,0.2615813088175642,1.008934999288423,0.027649614433618575,-0.0038757116326989527,-0.01978156210872206,-0.4001631756348875,-0.5062371162734666,-0.5132597023640229,0.883754432007751,-4.472323236862954e-05,0.9829467734897233,-0.10059624748920686,-0.2959035052999055,-0.6964896235823088,-0.006673305390168035,-0.0041327076597666495,-0.00010967166610173777,-0.08035464143792719,-5.9422887263488214e-05,0.061187716128024774,0.009969366625753843,-1.5511931598186484,-1.5511931598186484,2.4656488418579117,2.4656488418579117,2.476770710945133,2.476770710945133,1.740710365772248,1.740710365772248,0.03469211339950563,0.15626243829727166,1.1699082374572753,1.1699082374572753,-0.2244758580318827,0.26545702045026315,1.028716561397145,0.5148926824636336,0.7990018252542068,0.11209835643770269,-0.2896818380047593
-0.2541820549125284,0.35390302262193035,1.08,-0.1968319939547417,0.26159072784176435,1.008953551329416,0.027640498483297082,-0.0038771844208192463,-0.019795879449493903,-0.400145466729223,-0.5060094742749581,-0.513616107479315,0.8835442238618174,-3.822752105553137e-05,0.9799355702519243,-0.10059730735037398,-0.29502793495467716,-0.6960363193970681,-0.007209450519121502,-0.004246008435179201,5.1792600210981165e-05,-0.04225245862179496,-1.2823357559593556e-05,-0.010667285827315829,0.008186127618220608,-1.5111996591091146,-1.5111996591091146,2.5217098951339736,2.5217098951339736,2.386888402700428,2.386888402700428,1.8149518489837653,1.8149518489837653,0.06081109523773194,0.18238142013549796,1.0995755672454834,1.0995755672454834,-0.2244724924380388,0.2654679122625836,1.02874943077891,0.5155881784631673,0.798303907983624,0.1123939241682882,-0.2902538656713461
-0.25418027253824926,0.353906694405582,1.08,-0.19684600292586618,0.2616037001540432,1.008988208954648,0.027607540640661787,-0.003886625317676473,-0.01982675660789779,-0.40012966204219297,-0.5055800402132566,-0.5141061029805984,0.8832575131037358,-2.839628383787582e-05,0.9792992298781809,-0.10059343653525336,-0.29948028193449233,-0.6956275114218503,-0.011915557448752872,-0.006861836672861657,6.817488869695235e-05,0.011876359714335875,4.2647981343682375e-05,-0.14849447094105503,0.008185607337223308,-1.558106130361556,-1.558106130361556,2.487301015853883,2.487301015853883,2.3255641639232674,2.3255641639232674,1.859876716136933,1.859876716136933,0.07713376760482789,0.1987040925025939,1.1159300923347473,1.1159300923347473,-0.22445354356652797,0.2654903254717197,1.0288149655625458,0.5171890789378184,0.796721391316493,0.1127733890778807,-0.2916035733012403
-0.2541781722932544,0.35391102121143714,1.08,-0.1968784789780058,0.26162673644216966,1.009061206286423,0.02753541453629582,-0.003906583503272831,-0.019886993747511683,-0.4001107613333687,-0.504679394801219,-0.5149532112206232,0.8827870974995544,-1.1888465476407529e-05,0.9802099512515479,-0.10059382950194438,-0.3103623614274946,-0.6951480991909637,-0.020870109471925954,-0.01141481617849995,9.478187083854376e-05,0.023443404225685197,-2.2354537706610015e-05,-0.2637716717192857,0.010690662924708088,-1.5261504352092732,-1.5261504352092732,2.4352664530277264,2.4352664530277264,2.3190924048423804,2.3190924048423804,1.7783970773220068,1.7783970773220068,0.07713376760482789,0.1885795044898986,1.204847490787506,1.204847490787506,-0.22441389351430163,0.2655333199454425,1.0289482000339347,0.5203224906153573,0.7935991010534511,0.11337740428964382,-0.2942966815367254
-0.25418215672483185,0.3539028128878103,1.08,-0.19691479558717728,0.26163057014603286,1.009119666581255,0.027465882033882894,-0.003911431212595018,-0.019924192768733695,-0.40014852535403206,-0.5040104066797142,-0.5157293817870165,0.8823300027965818,-4.3647943632545445e-05,0.9813217007038535,-0.10059099340418455,-0.31986594634490917,-0.6946767148211425,-0.009602907303383935,-0.006420017605473126,-0.0005875761782894907,0.02034370062508481,2.8716378482497595e-05,-0.12535992742903707,0.007975084716759508,-1.4995266377925862,-1.4995266377925862,2.494466620683671,2.494466620683671,2.388907718658451,2.388907718658451,1.7769113242626196,1.7769113242626196,0.10322241067886354,0.21466814756393424,1.243886661529541,1.243886661529541,-0.22438067762106018,0.2655420013586279,1.0290438593499887,0.5231314820446884,0.7907912074794203,0.11390694626347933,-0.29666129889134
-0.2541841140390113,0.35389878090058985,1.08,-0.1969198654954829,0.26162625533229106,1.0091226713351245,0.02744813530862006,-0.0039076889676725735,-0.019925566091559155,-0.4001645614784565,-0.5039926701633315,-0.5158994150939411,0.8821849091730931,-5.774896257787107e-05,0.9819784937741004,-0.10059075241779616,-0.3225246473315998,-0.6944277879147231,0.001722831594951188,0.000246499079738819,-0.0001335807876698217,0.006424047601599284,1.0967925697510096e-06,0.010878208272558677,0.0015632122764922091,-1.4438717544078816,-1.4438717544078816,2.4841473162174235,2.4841473162174235,2.339809817075733,2.339809817075733,1.75643961429596,1.75643961429596,0.10135897278785706,0.21280470967292778,1.2326379895210267,1.2326379895210267,-0.22436800080410296,0.26553394429996363,1.0290482374266836,0.5238903383120216,0.7900525807743571,0.11407171816558331,-0.29722630460617927
-0.25418111005063593,0.3539049690679047,1.08,-0.19691549352936966,0.2616345324769373,1.0091249311244348,0.02744813868377957,-0.003914562218453543,-0.0199371973848117,-0.4001363431677307,-0.5039495627723863,-0.5159179681869034,0.8821757945253977,-3.290745027758102e-05,0.9816515066596465,-0.10059461708598445,-0.3227183632157873,-0.6943886555114415,-0.0027937280323790574,-0.0010490299756300303,0.0005119700631343257,-0.017113621684448153,-3.628050284291759e-05,-0.01251997569949799,0.0006206601332915313,-1.469088715314864,-1.469088715314864,2.504251331090928,2.504251331090928,2.31319013834,2.31319013834,1.6876839458942419,1.6876839458942419,0.06849357962608338,0.17993931651115408,1.157113540172577,1.157113540172577,-0.22436363221314923,0.26554909469539084,1.0290621285092465,0.5240129445430801,0.7899211504403056,0.11411478270186942,-0.29734294410202555
-0.254175776900098,0.35391595631842454,1.08,-0.19693592623858971,0.26166291333926855,1.0091858279686132,0.027402853878138816,-0.003933899064818447,-0.019990979645398976,-0.4000880187395887,-0.5031778465605743,-0.5164045308090841,0.8818840457818389,0.00010994670474763289,0.9799044751213656,-0.10059647693906536,-0.32721357245049215,-0.6943719014477617,-0.01600686097811028,-0.010416647073917816,0.004652702268828939,-0.05107179758283158,-1.8707490736918138e-05,-0.15201405930237172,0.00012921794337497137,-1.5275253355503071,-1.5275253355503071,2.5299305856227883,2.5299305856227883,2.3231504321098364,2.3231504321098364,1.6512397527694707,1.6512397527694707,0.06849357962608338,0.17993931651115408,1.2497969269752502,1.2497969269752502,-0.22433878011672853,0.265596812404087,1.0291768076140122,0.5257971163367137,0.7880418166969628,0.1144192412653155,-0.29905806261864387
-0.25417403364304797,0.3539195480323992,1.08,-0.19699554192225335,0.2616978825396428,1.0093128685290886,0.027299321100398455,-0.003950853870076543,-0.02007354411577289,-0.4000739346353477,-0.501626501660727,-0.5174898209441846,0.881232976502788,0.00032250029476072443,0.9764652695134347,-0.1005953859905221,-0.3359790757611059,-0.6943439846264806,-0.026634519337055105,-0.014687540951198908,0.0033479835936065442,-0.08507304860984827,3.273341524508217e-05,-0.18791562911245002,0.0013227988741860918,-1.5415220141410817,-1.5415220141410817,2.534623402357102,2.534623402357102,2.3874087572097813,2.3874087572097813,1.6278924584388736,1.6278924584388736,0.07333519339561463,0.18478093028068532,1.234129971265793,1.234129971265793,-0.2242948630226518,0.26564873640971937,1.0293864126448615,0.5294756326533382,0.784143131433235,0.11500998574862747,-0.3025686815097165
-0.2541757234002856,0.35391606654445923,1.08,-0.19708010604419235,0.26173307827655734,1.0094783674828267,0.027185093129268006,-0.003962435782938534,-0.020163872239945535,-0.4000898761179349,-0.49962935908410444,-0.5189902739448803,0.8805416048970602,0.00032509723642509586,0.972319354708362,-0.10059333950582143,-0.3451132413439954,-0.6941741807836362,-0.03270767511461188,-0.01269727706345745,-0.0029047590030576546,-0.08120634035156554,2.4541498591258613e-05,-0.1754300016220196,0.005302518653666508,-1.4879808902740468,-1.4879808902740468,2.5263705551624307,2.5263705551624307,2.4516577839851412,2.4516577839851412,1.704588079452515,1.704588079452515,0.07333519339561463,0.18478093028068532,1.1570095598697663,1.1570095598697663,-0.22426519917346036,0.2656955140594959,1.0296422397227722,0.5335650787678179,0.779738290776383,0.11574420089048804,-0.30646334948381604
-0.2541789120354716,0.353909497212695,1.08,-0.19717366597728841,0.2617674587977267,1.0096574557472824,0.027098091946264058,-0.003965882190987202,-0.0202474147996754,-0.40011900718733334,-0.49751924845410533,-0.52072811246535,0.8800832028325815,-6.501517261752062e-05,0.9682915371248859,-0.10059300790991865,-0.3515050060580952,-0.6937661043624958,-0.03389683707312289,-0.006589742597033512,-0.006963888687315137,-0.08165493994010399,-0.00031675452292694446,-0.09370861156728215,0.008071473511257534,-1.5604655921459187,-1.5604655921459187,2.516840320825578,2.516840320825578,2.403647041320804,2.403647041320804,1.7157480239868168,1.7157480239868168,0.07333519339561463,0.18478093028068532,1.197082704305649,1.197082704305649,-0.22427175792355247,0.26573334098871393,1.0299048705469578,0.5368905905935598,0.7760923286760056,0.11651153433669503,-0.3096033809067058
-0.25418266016021485,0.3539017758142634,1.08,-0.1972038113963516,0.26176912748531933,1.0097051651440703,0.026990687934290214,-0.003935875632245844,-0.020375229732186195,-0.40015255239817304,-0.49695832680430585,-0.5219243653052641,0.8797064826820875,-0.0001053843252267212,0.964899694281711,-0.1006043980933411,-0.35558377862194146,-0.6936767126460583,-0.016094204288495544,-0.0085210727259583,0.0007247733924762661,-0.05435434098424537,9.866867085116852e-06,-0.07070263478505963,-1.678076982697321e-05,-1.5278301417827596,-1.5278301417827596,2.4687137365341196,2.4687137365341196,2.401676279306415,2.401676279306415,1.79293749332428,1.79293749332428,0.07333519339561463,0.18478093028068532,1.1717479169368745,1.1717479169368745,-0.2241944993306418,0.2657050031175652,1.0300803948762565,0.5392814496765492,0.7734620533597925,0.11700496334904326,-0.3118361887255909
-0.2541824814891212,0.3539021438741641,1.08,-0.19724931595473277,0.2617918351573128,1.0097992163323675,0.026918020062166093,-0.003920960419968922,-0.020408318234301115,-0.40014946223499853,-0.4958242398735992,-0.5227148881603848,0.8792491955984475,-4.625347904060646e-05,0.9626357044581566,-0.10059626105407106,-0.3609850208375063,-0.6936562403812503,-0.01642764248837591,-0.0092275470714538,0.0008429580303861216,-0.036570409464108986,9.864529931909074e-05,-0.1311420583846681,0.0011218094643803533,-1.4839081346988667,-1.4839081346988667,2.4357171773910533,2.4357171773910533,2.329335886240009,2.329335886240009,1.7420710146427159,1.7420710146427159,0.07333519339561463,0.18478093028068532,1.2491789519786836,1.2491789519786836,-0.22416733601689887,0.2657127955772817,1.0302075345666686,0.5415707616668174,0.7709152710514955,0.11736626459141536,-0.31403171002795327
-0.2541843876540729,0.3538982172791151,1.08,-0.19728735659434082,0.2618037105095119,1.009870301646534,0.026865666062036497,-0.003915337388984974,-0.02043813357572355,-0.400167537191719,-0.4949975961902667,-0.5233373384893186,0.8789268270022617,-4.2384370549409745e-05,0.960832853330541,-0.10059632546952828,-0.36463620518632184,-0.6936334087735886,-0.008699740063102777,-0.0041459555445459585,-5.980395156255916e-05,-0.035619788447157026,-2.2446329027261547e-05,-0.031329595224115485,0.00011327051365365141,-1.5025761246681202,-1.5025761246681202,2.4713392972946178,2.4713392972946178,2.353414469957355,2.353414469957355,1.7134813487529759,1.7134813487529759,0.07333519339561463,0.18478093028068532,1.3410140097141268,1.3410140097141268,-0.22415302265637732,0.2657190478984969,1.0303084352222576,0.5432770055619534,0.7689978115206764,0.11764442531859451,-0.31567744660571684
-0.2541849651126301,0.35389702777998394,1.08,-0.19729733348324535,0.26180655726336327,1.0098886774930405,0.026854017940205893,-0.0039093000313964454,-0.020442948511101955,-0.4001718347463952,-0.4948021335734479,-0.5235005292541706,0.8788416624205506,-4.64550836027713e-05,0.959815785533509,-0.10057919114196469,-0.36457481820650645,-0.6936309407936,0.0007909968539733599,0.0004594154067432249,-3.5430882645604945e-05,-0.0064953157115185105,0.00012800350329746592,0.0219030340872828,1.3797067702188284e-05,-1.4305627465248096,-1.4305627465248096,2.4837610602378857,2.4837610602378857,2.381021267175678,2.381021267175678,1.770243471860886,1.770243471860886,0.15180392146110536,0.26324965834617603,1.3395190179347993,1.3395190179347993,-0.22415135142345124,0.2657158572947597,1.0303316260041424,0.5436147561973528,0.7686073401997062,0.11771202597382219,-0.31602156948025617
-0.25418264949651126,0.35390179778129827,1.08,-0.1972910532806567,0.2618115151671141,1.009884455023017,0.02685870219870709,-0.0039095413136738255,-0.020442095861007425,-0.4001504753406392,-0.4948537362625437,-0.5234307456840344,0.8788736567534172,-3.3020479615712704e-05,0.9599347714227013,-0.10057839634438742,-0.36428843533031025,-0.6936271276535977,0.0016604450822367753,0.0007226878322496068,0.00021267389005960997,0.009583491195799832,-7.3966625702545895e-06,-0.002901965210697157,8.591393526897341e-05,-1.3653624534606923,-1.3653624534606923,2.4498051047325147,2.4498051047325147,2.3729924798011814,2.3729924798011814,1.7639468014240267,1.7639468014240267,0.14281428933143617,0.25426002621650684,1.3955365955829622,1.3955365955829622,-0.22414975547936378,0.2657210564807879,1.0303265508840245,0.5434819866795526,0.7687554436575916,0.11769645940221651,-0.31589545967906657
-0.25418051972097166,0.3539061851873919,1.08,-0.19728369351174221,0.2618153068925163,1.0098773105618726,0.02686466500803633,-0.00391030347921012,-0.02043946651537465,-0.40013148380181096,-0.4949408812414893,-0.5233304037569178,0.8789291551434509,-2.806307731753378e-05,0.9605269153965946,-0.10058645076996292,-0.36430728127076534,-0.6936241214010332,0.002293354804672429,0.001194982989511254,3.990254844643111e-05,0.013915521299658397,-7.934255610297541e-05,0.0001252738024657202,3.933986519028727e-05,-1.3564657688140858,-1.3564657688140858,2.4842077136039746,2.4842077136039746,2.3922936201095615,2.3922936201095615,1.7283269345760348,1.7283269345760348,0.10227018475532533,0.213715921640396,1.4483742058277131,1.4483742058277131,-0.22414835851977855,0.26572561037172643,1.0303167770772472,0.5433125283610067,0.7689515280098498,0.11766666956759103,-0.31572076106926994
-0.25417936427672994,0.35390856552905914,1.08,-0.19727722694034777,0.26181616340417124,1.0098683416055239,0.026866765275490173,-0.003911490878819646,-0.020436686595958653,-0.4001216197750265,-0.4950491036707078,-0.5232348415296024,0.8789676133262458,-2.720950975782435e-05,0.961842667720116,-0.10059472788501655,-0.36550429962723624,-0.6936216536359776,0.001995417848558389,0.000513374117851787,-3.1338006317024246e-05,0.03719442979693837,-7.481971158414674e-05,-0.04031251723923999,3.3664236839634176e-05,-1.4077849566936482,-1.4077849566936482,2.4459129452705395,2.4459129452705395,2.4299712181091344,2.4299712181091344,1.7865274131298068,1.7865274131298068,0.06143466114997865,0.17288039803504932,1.404651075601578,1.404651075601578,-0.22414399221583794,0.2657276542829909,1.0303050282014825,0.5432732785016066,0.7690153373157748,0.11764030678842766,-0.3156426999915339
-0.254177467366982,0.35391247350720717,1.08,-0.1972777936305451,0.26182299801777426,1.0098766449940326,0.02685041842981295,-0.003924496305099001,-0.020456577131593434,-0.4001045449832179,-0.4949328145004062,-0.5233150333937192,0.8788931886412711,-1.3233930372174463e-05,0.9634135228130136,-0.10059180240501814,-0.3694966840814601,-0.693609203984531,-0.0047700730883151405,-0.0033467432837612195,0.0002265377277426937,0.026397283674041105,6.655579966712355e-05,-0.10532338856929219,0.000798481336909728,-1.4835634171962728,-1.4835634171962728,2.4555959820747386,2.4555959820747386,2.3641663372516666,2.3641663372516666,1.7010254204273227,1.7010254204273227,0.09190372109413147,0.20334945797920215,1.3276434361934664,1.3276434361934664,-0.22412821206035805,0.26574749432287326,1.030333222125626,0.5439560357965008,0.7682758788104825,0.1177219704590057,-0.31623652987880063
-0.2541803979720923,0.3539064360004525,1.08,-0.19728045819210763,0.26181415741029634,1.0098711061774126,0.026843529769114555,-0.003914375998205821,-0.02044418274440174,-0.4001319937963909,-0.4950286650162501,-0.5232959686323251,0.878887086639541,-4.96587323623192e-05,0.9651259295407831,-0.10059238003951422,-0.37133307676084454,-0.6936093313805126,0.005823985395511615,0.0028551147321977492,-0.0007055758149841323,0.04023818942616824,-4.499645606820146e-05,0.014098815116537114,-0.00045423686182098253,-1.5091144859790793,-1.5091144859790793,2.516203033924104,2.516203033924104,2.3912502706050907,2.3912502706050907,1.778383141756058,1.778383141756058,0.10508576512336731,0.216531502008438,1.3448288619518283,1.3448288619518283,-0.22412398796122218,0.26572853340850217,1.0303152889218143,0.544107839298137,0.7681425704734797,0.11770466602206212,-0.3163056468628763
-0.2541784632532863,0.35391042177965276,1.08,-0.19726508526115538,0.2618133856417354,1.0098467389265182,0.026856575810315864,-0.003916138439025996,-0.02043545256104129,-0.4001128559840994,-0.49530852661823777,-0.5230648546495642,0.8789996859849918,-4.469674634890632e-05,0.9666612464753328,-0.10059839553462671,-0.37150813037527847,-0.6936167400258109,0.002849912665651709,0.0012149360268599375,0.0002859669593455312,0.022669997619323253,-3.307549533989497e-05,-0.01406323010461086,-5.3427929072898505e-05,-1.5716754496097556,-1.5716754496097556,2.507618534564973,2.507618534564973,2.4106864035129583,2.4106864035129583,1.713349896669388,1.713349896669388,0.05148022055625916,0.16292595744132982,1.258592236042023,1.258592236042023,-0.22412166107147125,0.2657295240807614,1.0302821914875595,0.543676442032719,0.7686474036876332,0.11761682185199157,-0.3158534128363049
-0.2541782013599668,0.35391096132842387,1.08,-0.19725695381350794,0.26181034437212614,1.0098309954175555,0.026867606849569986,-0.003914170022699559,-0.02042615451887686,-0.40011145229709016,-0.49549796559740444,-0.5229273482507147,0.8790686262746041,-4.260433295944981e-05,0.9668479722572442,-0.10059868142954811,-0.37030420000959774,-0.6936192726912964,0.0026564695260842337,0.0015827412729845977,2.968822884891887e-06,-0.011515755042090205,5.146599511009431e-06,0.049920031114043764,-4.350953020680582e-05,-1.5730473399162284,-1.5730473399162284,2.495926243066789,2.495926243066789,2.492282980680469,2.492282980680469,1.6450379550457004,1.6450379550457004,0.05148022055625916,0.16292595744132982,1.261124122142792,1.261124122142792,-0.22412456066307793,0.2657245143948257,1.0302571499364324,0.5432778264661469,0.76909690555411,0.11755281819653268,-0.31546868001651884
-0.2541781727345219,0.35391102030234095,1.08,-0.19725265753408738,0.26180835798878116,1.00982226783646,0.026878197288108502,-0.00391330839714471,-0.02042127813825445,-0.40011120266345523,-0.4955959783794492,-0.5228595959724038,0.8791143425466982,-3.769572159110792e-05,0.966095603558042,-0.1005978237461033,-0.36836328343142244,-0.6936195312830369,0.00018046464062103826,0.0002719299051245307,0.00012437178190637308,-0.018072788796867426,2.6468011954152076e-05,0.03045738169430456,3.0498806519273802e-05,-1.573113763332366,-1.573113763332366,2.4924567103385935,2.4924567103385935,2.480997502803806,2.480997502803806,1.7027043998241427,1.7027043998241427,0.05148022055625916,0.16292595744132982,1.3078840732574466,1.3078840732574466,-0.22413085482219589,0.26572166638592587,1.0302435459747143,0.5428976094030512,0.7695079371105609,0.11751088942047311,-0.31513633763168414
-0.2541781438428131,0.353911079824852,1.08,-0.1972558918775911,0.26181002782664053,1.0098290275114108,0.026882630118569756,-0.00391401153968618,-0.02042551471114029,-0.4001109139921596,-0.49550508197233734,-0.5229302840230506,0.879102262560899,-2.9836485357090765e-05,0.9640484560586547,-0.10059046235538865,-0.3658563252304257,-0.6936171115912815,-0.0033004770344220824,-0.0008792010133754825,0.00019189219619793904,-0.061130996304648424,8.201875370843365e-05,0.06305229012940208,9.076606795208507e-05,-1.5806913435459127,-1.5806913435459127,2.5033028364181527,2.5033028364181527,2.476571053266529,2.476571053266529,1.619399243593216,1.619399243593216,0.11178990483283996,0.22323564171791063,1.3918835639953617,1.3918835639953617,-0.22413852199616086,0.2657240393663267,1.030254542222551,0.5427354463215027,0.769654772179707,0.11752575443905539,-0.31505152596160135
-0.25417631889520387,0.353914839649749,1.08,-0.19727697524516122,0.26182657227833017,1.009879280945427,0.026861628067444382,-0.00392232278664939,-0.020457441223302286,-0.4000939829401773,-0.49487590475371196,-0.5233436500425069,0.8789340493091246,-8.75474297918302e-06,0.9608656864176379,-0.1005939038269228,-0.3655507942135137,-0.6935997011550328,-0.012463459311601059,-0.005461300828692411,0.0001783666947019678,-0.06619069070074908,-5.567042964022001e-05,-0.03130506222094153,0.0004603084528008459,-1.5061146795749654,-1.5061146795749654,2.508147048950196,2.508147048950196,2.4517031788826023,2.4517031788826023,1.6704459726810457,1.6704459726810457,0.06678724765777587,0.17823298454284653,1.329274779558182,1.329274779558182,-0.2241386033126056,0.26574889506497956,1.0303367221687292,0.5435055705306068,0.7687378620013158,0.11770916156650799,-0.31589293694407805
-0.2541798352939524,0.3539075951744103,1.08,-0.19731126730362727,0.26183105816277713,1.0099367234750989,0.02683567808636725,-0.0039125304220811175,-0.02047312947102875,-0.4001273876859208,-0.4942059500721749,-0.5238598687967713,0.8787274055774151,-2.981975518454016e-05,0.9569131875408826,-0.10059662249390178,-0.36399478354788095,-0.6935921585367887,-0.007984753209532843,-0.0027648550483743042,-0.0003379747697465856,-0.09092205289178243,-2.8299064496250586e-05,0.07580078830666594,8.77924958829163e-05,-1.5462519884109487,-1.5462519884109487,2.4949438273906717,2.4949438273906717,2.445489907264713,2.445489907264713,1.642026871442795,1.642026871442795,0.06678724765777587,0.17823298454284653,1.3687527000904087,1.3687527000904087,-0.22414694538999452,0.26574358858485825,1.0304098529461276,0.5442639015152535,0.7678297095881712,0.11788435153985594,-0.3167295727322711
-0.2541830869157374,0.35390089671006586,1.08,-0.19733021936446116,0.26182901570379624,1.0099635770771571,0.026843206392876434,-0.003897832284087188,-0.02046908939905223,-0.4001559710597593,-0.4938974452923685,-0.5241140311779008,0.8786745348241335,-3.700218215633972e-05,0.9512327312638073,-0.10059577580746092,-0.35685587688798964,-0.6935857810077967,-0.0028350315822518856,0.0003747598560067911,-1.3029581260867641e-06,-0.1340397721601487,4.439268540576053e-05,0.1988656143657693,0.0002097685854824376,-1.4935537576675404,-1.4935537576675404,2.4242765963077555,2.4242765963077555,2.514705157279972,2.514705157279972,1.5956159651279451,1.5956159651279451,0.06678724765777587,0.17823298454284653,1.3254254996776584,1.3254254996776584,-0.2241734257573376,0.26572684798788343,1.0304326664762093,0.5438477931492482,0.7682074673890259,0.11791778374701889,-0.3165158151034838
-0.2541829405995111,0.35390119811635035,1.08,-0.19733653437699725,0.2618325871501453,1.0099771694263644,0.026870513113159133,-0.003885587972506821,-0.020459582957158773,-0.40015348454005895,-0.4937360266623537,-0.5242215474154789,0.8787022932505802,-2.7141431781795095e-05,0.9445754769076241,-0.10059370241464238,-0.3469732837105445,-0.6935339285512049,-0.00213941456685742,0.0003633707832297966,0.00022487708692273519,-0.1318582070447747,2.3721029355497104e-05,0.19296328548818353,0.001894443445824872,-1.4122755289077749,-1.4122755289077749,2.4570805132389077,2.4570805132389077,2.484047847986225,2.484047847986225,1.6572696506977083,1.6572696506977083,0.0688820171356201,0.18032775402069076,1.2603083312511447,1.2603083312511447,-0.22420704749015638,0.2657181751226521,1.0304367523835232,0.5428341798126666,0.7692335533684136,0.11790468244713168,-0.31576776190161393
-0.2541792736524156,0.35390875222772966,1.08,-0.19734450371867834,0.2618491331778238,1.010007477295686,0.026876308900169982,-0.003887644066155549,-0.020474534331709426,-0.4001197305101194,-0.49335774899585016,-0.5244772363089504,0.8786025637699718,8.639902097107308e-06,0.9392388268825269,-0.1005939932565584,-0.3417116491466107,-0.6933928415554724,-0.0080572231040734,-0.00458751544860781,0.0010675379666652625,-0.08381176516726224,-1.0446779564531698e-05,0.02848579382662746,0.0035175424585932123,-1.3745739936828603,-1.3745739936828603,2.462837916612626,2.462837916612626,2.4363533437252083,2.4363533437252083,1.7468088805675508,1.7468088805675508,0.0688820171356201,0.18032775402069076,1.295682638883591,1.295682638883591,-0.22422081261884833,0.26573677724397937,1.0304820116273954,0.5427488950726551,0.7692482035007593,0.11803751852610805,-0.315829040033473
-0.2541780943744727,0.3539111817392973,1.08,-0.19736481448899837,0.26186306891160255,1.0100539464689404,0.0268442851749838,-0.003891907044504095,-0.020501366320470504,-0.40011079001069105,-0.4928047626115475,-0.5249634624573323,0.878293143733709,2.7063057834719203e-05,0.9368167855575021,-0.10058597312175166,-0.34364554273653386,-0.6931413032703171,-0.01054305456504365,-0.006441050700581672,-0.0008868663997755712,-0.014972077084812435,9.014702666221659e-05,-0.08520898272842616,0.006863017093359263,-1.307488763332366,-1.307488763332366,2.446693402528764,2.446693402528764,2.3780159950256388,2.3780159950256388,1.795288521051407,1.795288521051407,0.09850842237472532,0.209954159259796,1.316886764764786,1.316886764764786,-0.22420909966398217,0.26575497595610664,1.030555312789411,0.5440432116141994,0.7677905761971746,0.11833421651268486,-0.31703568916077385
-0.2541829724836429,0.35390113243607335,1.08,-0.19737439970555581,0.2618508584429888,1.0100553431515318,0.026837348190020704,-0.003874763317148977,-0.020483000540401752,-0.4001555465855106,-0.4928295783265668,-0.5251134889683694,0.878223894345906,-7.40689132473406e-05,0.9375536298837317,-0.10059898473832646,-0.3447718331403946,-0.6929072907368111,0.0062859282324356745,0.0025402291969337477,-0.00040096720075303866,0.03917015473794141,-0.0001526826414966265,0.018893162478350493,0.0003628632581431955,-1.353360652923583,-1.353360652923583,2.457432132959367,2.457432132959367,2.3664917767047924,2.3664917767047924,1.8284498393535615,1.8284498393535615,0.07608077406883237,0.18752651095390305,1.292301028966904,1.292301028966904,-0.22421174789557652,0.26572562176013775,1.0305383436919335,0.5443380086707946,0.7675098913574145,0.11842266093554302,-0.31717624810472345
-0.2541865544700523,0.3538937539650299,1.08,-0.1973300996162557,0.2618169693710162,1.0099502542312144,0.026894258941405458,-0.0038561035808624133,-0.020418153311674514,-0.4001873094272882,-0.4941428110433743,-0.5242796241050396,0.8785874505223636,-8.630901771918379e-05,0.940945713873647,-0.10058738310128275,-0.34070451991562195,-0.6929102869038004,0.02597085870800418,0.011825330321293726,-7.239257116247103e-05,0.09193199733566235,0.00011541242488630428,0.1389215131325305,-0.00012616249844470394,-1.4011427879333487,-1.4011427879333487,2.4228752315044413,2.4228752315044413,2.396358197927479,2.396358197927479,1.8371937811374666,1.8371937811374666,0.1313097584247589,0.24275549530982957,1.2416218101978305,1.2416218101978305,-0.22422435855766115,0.2656730729518786,1.030368407542889,0.5422486467106827,0.7699136200614589,0.11803916512536308,-0.31506535557055454
-0.25418626254063825,0.35389435528270574,1.08,-0.19723410806324745,0.2617713765342007,1.0097537984514475,0.027012714714494873,-0.00384439469323683,-0.02031940454686576,-0.400182917214679,-0.4965212663030518,-0.5226492704705894,0.8793277639837959,-7.591895679801484e-05,0.9464948875399387,-0.10058107200102037,-0.3322249270268851,-0.6929154026988757,0.03735715186282458,0.016768839411522293,0.0003600129001331382,0.12721588809939624,6.529787643869138e-05,0.18792111465091932,-8.072543501150716e-05,-1.4090317964553825,-1.4090317964553825,2.450596910715104,2.450596910715104,2.414614254236225,2.414614254236225,1.8063846290111543,1.8063846290111543,0.15273444533348082,0.2641801822185515,1.3048055946826937,1.3048055946826937,-0.22424682277774233,0.2656157712274375,1.0300732029983133,0.5381005090425496,0.7745864062402639,0.11732246380692021,-0.31096491911824337
-0.2541795865317914,0.35390810765441016,1.08,-0.19712872241641105,0.26174330969152215,1.0095630808859268,0.027123387326230902,-0.0038488585988746826,-0.020239267577516484,-0.40012173678647206,-0.49877459488147047,-0.5210110315424537,0.8800141384040084,-3.161517655018245e-05,0.953384171987065,-0.10056047914599163,-0.3271039844790372,-0.6929152053861958,0.027776731574245855,0.011145545068377316,0.0006424178215756029,0.1477714005771229,0.00016576794005043906,0.035745608940690315,5.185347713508861e-05,-1.4504489779472343,-1.4504489779472343,2.421562612056733,2.421562612056733,2.456838959455494,2.456838959455494,1.7596918284893037,1.7596918284893037,0.20136077284812925,0.31280650973319996,1.2193391144275667,1.2193391144275667,-0.22425210974264195,0.26559216829039684,1.0298023484634433,0.5343836432686551,0.7787298794154672,0.11665751805708832,-0.3072538367429293
-0.2541739462062085,0.35391972818637635,1.08,-0.1970631373729923,0.2617309922663982,1.0094504434404057,0.02717579241710974,-0.0038582679192095126,-0.02019703489112068,-0.4000714213440616,-0.5000827397110869,-0.5200044182982011,0.8804161847488345,-9.261415653723886e-06,0.960889590666712,-0.10058139981434586,-0.3294359981233866,-0.6929126777960627,0.013093956059506712,0.004525174550230542,0.00021727333775279454,0.15164948520398142,-0.00016858517250026555,-0.12194652342238967,3.135520824259407e-05,-1.509548777341842,-1.509548777341842,2.4571687579154977,2.4571687579154977,2.4534811198711433,2.4534811198711433,1.7381995379924775,1.7381995379924775,0.1191361117362976,0.2305818486213683,1.200148302316666,1.200148302316666,-0.22423892979010204,0.2655892601856077,1.0296474783315264,0.5327357385504007,0.7806134388627197,0.11628179055066712,-0.3054731365020646
-0.25417025553399897,0.3539273327384216,1.08,-0.19704644562422272,0.26173566355397143,1.0094302165553777,0.02716378219374435,-0.0038964194074795344,-0.020209964712948336,-0.4000393857441269,-0.5002852715041156,-0.5197419801161001,0.8804092058057612,2.4084630782686614e-05,0.9676776386691726,-0.1005618309490952,-0.3393689201510242,-0.6929103905040637,-0.0015806759319013741,-0.00468589708972279,0.001991015302683832,0.1202234380771032,0.00015632831817163532,-0.2572197380831093,9.468877780914944e-05,-1.5154678583145134,-1.5154678583145134,2.4834105372428903,2.4834105372428903,2.531970280408863,2.531970280408863,1.6674592077732087,1.6674592077732087,0.2073598790168762,0.3188056159019469,1.1546521902084352,1.1546521902084352,-0.22421022781796707,0.26563208296145097,1.029640181268326,0.533604731869637,0.779778583788745,0.116297600043933,-0.3060820455609467
-0.25417046912762187,0.3539268926157824,1.08,-0.19706664352741385,0.2617447265097048,1.009470513144402,0.027078269513506614,-0.003920457455815596,-0.0202604887034461,-0.40004260037307565,-0.4997750919401711,-0.5201556682705583,0.8799021890571004,0.00022688760936352464,0.971841179041673,-0.10054649704715964,-0.35393333834676266,-0.6928905710585133,-0.013934200679029238,-0.013859737121075444,0.005083734257584784,0.0494115014173711,0.00013170399492960888,-0.30902858219370827,0.0011223174836757985,-1.528547513484954,-1.528547513484954,2.425754594802857,2.425754594802857,2.593606823682789,2.593606823682789,1.5866911590099335,1.5866911590099335,0.24436262130737302,0.3558083581924437,1.2476309776306154,1.2476309776306154,-0.22414491304092046,0.2656651839655204,1.029731001847848,0.5367108497271731,0.7765155020583343,0.11663897432439801,-0.30880493603046794
-0.25417560365618175,0.35391631325455575,1.08,-0.1971123134602769,0.26174912491184643,1.0095444524904411,0.0269840545731026,-0.003932318535795509,-0.020314002089829142,-0.4000898670435252,-0.49888353497856003,-0.5210062398202383,0.8792793655455172,0.00030611841646419443,0.972481594296789,-0.10054719773646477,-0.36547417553873374,-0.6926417709050983,-0.019393876992257635,-0.010682185068142556,-0.0015084628849131247,-0.018707223690782128,-2.7006074147629746e-05,-0.16324883009663746,0.00858254392273009,-1.4841897010803213,-1.4841897010803213,2.3936894655227667,2.3936894655227667,2.6478367030620613,2.6478367030620613,1.5804672479629518,1.5804672479629518,0.21912515640258787,0.33057089328765854,1.2391503751277926,1.2391503751277926,-0.2240963680333795,0.26568144344764194,1.0298584545802703,0.5401135692293194,0.7728572147313029,0.11714678358741301,-0.3118424106295705
-0.25418063563913174,0.35390594638675854,1.08,-0.19716225134807305,0.26175595575302657,1.0096276612944428,0.026939719493490333,-0.003934088627490617,-0.02034967812396049,-0.4001345148921079,-0.49789150787627984,-0.5220793056248276,0.8789363376943178,-3.51327182293465e-05,0.9709370854852423,-0.10053979407221322,-0.3700914536622293,-0.6919893861764339,-0.02232752449071756,-0.0038067170604844445,-0.009309317659596984,-0.042504382126397025,-0.00011835550963614827,-0.03916399167430663,0.015785074520750522,-1.5580451965332023,-1.5580451965332023,2.387186491489411,2.387186491489411,2.6085333883762396,2.6085333883762396,1.6607540011405946,1.6607540011405946,0.24701283454895018,0.3584585714340208,1.2300770699977877,1.2300770699977877,-0.22410197084156339,0.2656900443805172,1.0299773394184033,0.5421818739096449,0.7706074041001513,0.11770293984685232,-0.31360654059069076
-0.2541844201002973,0.3538981504431567,1.08,-0.19717326012948022,0.26174820896033796,1.0096360311765102,0.02691011178785141,-0.003908006534676711,-0.020376696650382664,-0.40016806020721707,-0.49782861740621964,-0.5225247071401219,0.8788481799049241,-0.0001165081300068114,0.9687789747432516,-0.10057993163519797,-0.36885727064680585,-0.6917367276232702,0.0007610056096366896,-5.537281896067102e-05,0.0006329020594074081,-0.042296112851141675,-0.00010693157209084431,0.08333123374608205,0.00011953084159522145,-1.502335059642791,-1.502335059642791,2.465715634822846,2.465715634822846,2.6183695137500798,2.6183695137500798,1.7436696767807007,1.7436696767807007,0.16686059117317198,0.2783063280582426,1.246779936552048,1.246779936552048,-0.22408337191733163,0.26565621549501467,1.030012727826893,0.5426271162124078,0.7701239485086078,0.1179033965247038,-0.31394857185923875
-0.25418479155440993,0.35389738528858206,1.08,-0.19715728419549172,0.2617391683467637,1.0096019829295253,0.02694286206950605,-0.003884607322135525,-0.020336486807911225,-0.4001700443910833,-0.49825924400417443,-0.5222087298774348,0.8789889861291665,-8.162726098080996e-05,0.9668072057576269,-0.10057232922747301,-0.36226366479141275,-0.6917397865818075,0.009980751092923392,0.0051042662489839226,0.0006055874173166211,-0.035915943813951204,9.877129864797586e-05,0.1633879791443892,-7.107410620645345e-05,-1.5020275950431816,-1.5020275950431816,2.428262066841126,2.428262066841126,2.5515916049480474,2.5515916049480474,1.7591999530792237,1.7591999530792237,0.18305612683296202,0.29450186371803266,1.2259453535079958,1.2259453535079958,-0.22410014626499777,0.2656237756688992,1.0299384697374365,0.5412803567255438,0.7715944689199323,0.11772276396346726,-0.3127281595891833
-0.25418093301245304,0.3539053337769482,1.08,-0.19712639676950586,0.2617375224666501,1.009553312567416,0.02699151541320649,-0.0038784851967936795,-0.020306595318754894,-0.40013454458108977,-0.4988372490840937,-0.5217297252814925,0.8792452562381099,-5.177155970604332e-05,0.9656024878293746,-0.1005704363786127,-0.3555312449920207,-0.6917431707394226,0.008901628953980225,0.004815526405168404,0.0003530865555036244,-0.013179046465465994,7.037852076818389e-06,0.11211831181742787,-6.982454906380527e-05,-1.5166504025459282,-1.5166504025459282,2.4803386688232427,2.4803386688232427,2.5518451511859928,2.5518451511859928,1.7605919957160951,1.7605919957160951,0.18971483588218688,0.3011605727672575,1.2067000627517703,1.2067000627517703,-0.22411791218271235,0.2656160076634438,1.029859907886171,0.5395667256976558,0.7734568664413076,0.1174994817699975,-0.31116891885033426
-0.25417969883746233,0.35390787629084686,1.08,-0.19709412779346908,0.26172612863490247,1.00949212446406,0.027046017451637788,-0.0038659198548752216,-0.02026308611947414,-0.4001245190739459,-0.49958681427707397,-0.5211610185185352,0.8795555682782501,-5.315860999697479e-05,0.965150411706028,-0.10058317748771102,-0.3484302574171507,-0.6917488895296247,0.013618985865466064,0.0070809795049582526,-6.012273709671887e-05,-0.005237298262721839,-0.00010131280330613116,0.1597250751628198,-0.00013002408728492878,-1.4881822109222405,-1.4881822109222405,2.5139220356941228,2.5139220356941228,2.513211905956272,2.513211905956272,1.7541850447654725,1.7541850447654725,0.14119157671928406,0.25263731360435465,1.2537326335906986,1.2537326335906986,-0.22414014524510686,0.2655920484897777,1.0297552105835341,0.5375772610350148,0.775623144979761,0.1172134563990625,-0.3093225355980088
-0.2541759486669106,0.3539156024269801,1.08,-0.19705862888814346,0.26172187449270296,1.0094338279548967,0.027094543825586098,-0.0038641744331310846,-0.020232955824001753,-0.4000899139203935,-0.5002684514858314,-0.5206161236651888,0.8798221843033155,-3.346676336306003e-05,0.965364596429111,-0.10057971992808246,-0.34335923994179857,-0.691752437172273,0.008135259551670113,0.003822979774503394,0.00030189058415372184,0.012511071263808758,6.041392416231031e-05,0.05910235817880315,-5.109380374885393e-05,-1.4685591459274285,-1.4685591459274285,2.5097318172454837,2.5097318172454837,2.4535347700119052,2.4535347700119052,1.7684131145477295,1.7684131145477295,0.16149415850639343,0.272939895391464,1.3407204866409306,1.3407204866409306,-0.22415317271372956,0.26558604892583404,1.0296667837788984,0.5359022710426917,0.7774390662525059,0.11697068874438768,-0.30775820400174675
-0.2541730772679856,0.35392151855745163,1.08,-0.19704780622648116,0.2617265585177344,1.009422495731045,0.027103232692808593,-0.0038724723536965877,-0.020235749715444395,-0.4000650204923352,-0.5003798467027377,-0.520489986009832,0.8798821519762113,-1.2958803878041297e-05,0.966021710032676,-0.10059078921541115,-0.3435957223742995,-0.6917502815115621,-0.0016602528024436017,-0.0009574106704179784,0.00020723115159328734,0.013684033425868542,-9.343374597756585e-05,-0.04700126262093154,8.757115188373219e-05,-1.4735372781753533,-1.4735372781753533,2.523562371730805,2.523562371730805,2.388754349946979,2.388754349946979,1.7243524253368379,1.7243524253368379,0.08737437605857848,0.19882011294364907,1.339092862606049,1.339092862606049,-0.22415103891928975,0.265599030871431,1.0296582454464893,0.5356978080487328,0.7776644634143708,0.11693653384744193,-0.30755761711583074
-0.25417080356329463,0.35392620349507425,1.08,-0.19706798219017185,0.2617442188344561,1.0094719937079573,0.027062207183818826,-0.003890134621985286,-0.020279308729616252,-0.40004450129198144,-0.49974961844558197,-0.5209110472386119,0.8796578556677058,2.2855002709603094e-05,0.9661411421872953,-0.10059073298897019,-0.3491303193225975,-0.6917470635532594,-0.014274462318919608,-0.007109997238188508,0.0003657758926795764,-0.006268361745557342,2.9636699929635625e-05,-0.15299262193095967,7.563521141401003e-05,-1.5529928922653191,-1.5529928922653191,2.5478124856948856,2.5478124856948856,2.3853012740612063,2.3853012740612063,1.6630534350872042,1.6630534350872042,0.1090026843547821,0.22044842123985267,1.2904397726058965,1.2904397726058965,-0.22413018937399068,0.2656343534564414,1.0297513024375735,0.5372549322976191,0.775973293642304,0.1171721810169499,-0.30901984608035477
-0.25417716546395913,0.353913095497827,1.08,-0.1971083197385965,0.26174178272694243,1.0095304850963502,0.02701605574937163,-0.003883455478537967,-0.02029936012050726,-0.40010459055705455,-0.4990792650818104,-0.5214954646798842,0.8794094130933636,-5.864762302464956e-05,0.9658134765187604,-0.10058838872593265,-0.353368071086095,-0.6917274730365518,-0.006106948920067563,-0.003259312520601692,-0.0005053473251091522,-0.008845966385500118,-4.378950646921192e-05,-0.03485529771752027,-1.999938205307004e-05,-1.6148360013961784,-1.6148360013961784,2.5271250963211065,2.5271250963211065,2.395256966352466,2.395256966352466,1.7180155932903292,1.7180155932903292,0.1210448133945465,0.23249055027961707,1.3072792768478398,1.3072792768478398,-0.22412437548796812,0.2656252382054804,1.0298298452168575,0.5387489214874525,0.7743471859231312,0.11739794100734757,-0.3104090183874656
-0.2541822446820491,0.35390263169566627,1.08,-0.19711375451697632,0.26172684759851406,1.0095226377155122,0.02701699553512399,-0.003867235421560422,-0.020280328842994466,-0.40014867660261827,-0.49920194206938895,-0.5214823796692392,0.8794083539282874,-7.546466518271374e-05,0.9654132760730417,-0.10058990173352154,-0.35186207447526613,-0.6917382107242952,0.005780877264646117,0.0029486704582860845,-0.00019126829837053062,-0.007637541034749474,-1.7895380059572366e-05,0.08589072145823949,-0.0005817426907687092,-1.628545951843261,-1.628545951843261,2.486363017559052,2.486363017559052,2.362081265449527,2.362081265449527,1.7481281816959382,1.7481281816959382,0.11863082528114317,0.23007656216621375,1.3636194229125982,1.3636194229125982,-0.2241307500521003,0.2655940830200745,1.0298029665585067,0.5385096477965341,0.7746138599253682,0.11734730183806463,-0.3101779134511373
-0.25417985552399114,0.3539075534982231,1.08,-0.19710068798673608,0.26172877088181173,1.0095049060413541,0.027029624843510985,-0.0038719566330295274,-0.02027979714876338,-0.40012528843752626,-0.4993959440137973,-0.5213277234604181,0.879466976137523,-4.376939334440846e-05,0.9653197520192494,-0.10057882235096334,-0.3506725107569048,-0.6917434553573547,9.535284505017349e-05,-0.0002657759886509014,0.0006143472757831725,0.002234030003243942,0.00010782188741025244,-0.016447657577634063,4.099913459354891e-05,-1.6157420396804802,-1.6157420396804802,2.4393606305122377,2.4393606305122377,2.3937982082366975,2.3937982082366975,1.7504603803157808,1.7504603803157808,0.1552273142337799,0.2666730511188505,1.385300743579865,1.385300743579865,-0.22413031283024706,0.26560072751484126,1.0297847031901175,0.5381055081106344,0.7750502787094159,0.11729378831245066,-0.3098091264581575
-0.254178882134374,0.35390955881370184,1.08,-0.19710613196803461,0.2617347812675034,1.0095196274345515,0.027013365311113258,-0.003883131744594037,-0.02030182061533581,-0.40011770576608624,-0.49920767479162553,-0.5214703056041526,0.8793853305674192,-2.5712959644506e-05,0.9658420283513659,-0.10058619313291008,-0.35348688758026203,-0.6917381256752257,-0.005017768148263054,-0.0028342320910533453,0.00010744850970900163,0.015325462108539098,-6.978718176020856e-05,-0.08280424518860693,0.00013541522234521172,-1.5854725480079643,-1.5854725480079643,2.4585633635520936,2.4585633635520936,2.4841410160064727,2.4841410160064727,1.7580541193485262,1.7580541193485262,0.1099100339412689,0.2213557708263395,1.3735878646373754,1.3735878646373754,-0.22411949727914787,0.2656179130120974,1.0298214480498873,0.5387629568408995,0.77433709025402,0.11738661842120615,-0.31041412469251956
-0.254180251792321,0.35390673714415327,1.08,-0.1971243165674875,0.2617388694767496,1.0095516085085425,0.026980381081240318,-0.0038891698276609654,-0.020326638440739897,-0.40013036147314157,-0.4988186922731616,-0.5217899819434211,0.879209010705806,-2.674365156910185e-05,0.9664711694929621,-0.10058798805360984,-0.3579832147946419,-0.6917320217675422,-0.007231591944566227,-0.003923452518849771,-7.47633903590058e-05,0.009805566546486335,-1.60690792275109e-05,-0.09317385875029917,0.00011504854831649727,-1.6356266438961022,-1.6356266438961022,2.426176178455353,2.426176178455353,2.5545520544052156,2.5545520544052156,1.723824417591095,1.723824417591095,0.11017677664756773,0.22162251353263834,1.3970902383327488,1.3970902383327488,-0.2241046976487278,0.2656280393044106,1.0298782469492824,0.5399350446756432,0.7730648371218447,0.11754604804689292,-0.3114864872276874
-0.25418297394527867,0.35390112942515217,1.08,-0.19713818068992475,0.2617361821135539,1.0095697502055656,0.02696274773973764,-0.003882933198953442,-0.02033125316298845,-0.4001547104879573,-0.49861750280992734,-0.5219892804031077,0.8791102304894253,-4.895572566070395e-05,0.9662749669163739,-0.10058102127583102,-0.3592860589566334,-0.691731569492471,-0.001047127666390837,-0.00022366582311390243,-0.00027885742931532426,-0.01543791497806411,6.307531522194173e-05,0.02253720173951925,-3.599633728543615e-05,-1.6732052981853478,-1.6732052981853478,2.4694760322570803,2.4694760322570803,2.5964723229408295,2.5964723229408295,1.6791690826416017,1.6791690826416017,0.16053979277610775,0.2719855296611784,1.4276344001293186,1.4276344001293186,-0.2241009284296624,0.2656191153125073,1.029901003368554,0.5404597684892102,0.7724915409060142,0.11761943039619391,-0.31197071571946583
-0.2541827622251328,0.35390156556266494,1.08,-0.19713684015989363,0.2617362637955878,1.009567803550051,0.026969648393318113,-0.0038771204976756346,-0.020325442589206322,-0.40015182190521964,-0.4986454667041429,-0.5219598710161383,0.8791522208342332,-5.1605812919223843e-05,0.9654710602373132,-0.10058998687475584,-0.35745089159839033,-0.6917335036747865,0.001610980437394111,0.0013643373723203904,1.6010318063621364e-05,-0.016420683901787234,-8.886926452337417e-05,0.04590754673289608,-5.7235930738124745e-05,-1.6005249679088585,-1.6005249679088585,2.5234735250473026,2.5234735250473026,2.5657018542289767,2.5657018542289767,1.726891350746155,1.726891350746155,0.09539286375045772,0.20683860063552836,1.3798723399639135,1.3798723399639135,-0.22410648855321175,0.2656133842932634,1.0298932461392574,0.5401584260687089,0.7728100576622361,0.11758915453807164,-0.31171506261021126
-0.2541791008559449,0.35390910821352356,1.08,-0.19713798399984295,0.26174948554449895,1.009583802069475,0.026960469953377808,-0.0038892584681364806,-0.02034851255207948,-0.4001184625535481,-0.4984325403734611,-0.5220723432952865,0.8791006217698183,-2.3670045872288724e-05,0.9651348028444073,-0.1005892226572058,-0.3588029721980993,-0.6917303022887882,-0.0059267275739417185,-0.0030915357936171857,0.0004296592768869186,0.000798115650358611,3.513603138816358e-05,-0.07746107699690599,0.00011589249221769397,-1.5720307767391197,-1.5720307767391197,2.5287284374237062,2.5287284374237062,2.6037294030189546,2.6037294030189546,1.7527741432189943,1.7527741432189943,0.10632657289505,0.21777230978012066,1.3814290702342993,1.3814290702342993,-0.22409845395322076,0.26563874401263543,1.0299323146215544,0.540583112106637,0.7723287993061567,0.11767229609752616,-0.3121399612330174
-0.2541780971824972,0.3539111759542152,1.08,-0.1971539590703919,0.261760711962042,1.009620192142263,0.026932386682842813,-0.003894573326094719,-0.020373186090006268,-0.40011037292453744,-0.4979984949335975,-0.5223746011402861,0.8789556606621075,-2.6705055154139596e-05,0.9650320499922764,-0.10058534997210458,-0.3619511811481013,-0.6917295556724128,-0.005727735131796196,-0.002656799719655688,-0.00016151033399590812,-0.004902774922716749,3.2063807159274804e-05,-0.05182396827206908,-1.4724076394207683e-05,-1.5305696547031395,-1.5305696547031395,2.556253516674042,2.556253516674042,2.695437836647037,2.695437836647037,1.694505149126053,1.694505149126053,0.1373539495468139,0.24879968643188458,1.4186051666736608,1.4186051666736608,-0.22408634575323472,0.2656552852881367,1.0299933782322692,0.5415749735013896,0.7712299983788314,0.11782620219320003,-0.3130779835029665
-0.25417685477783114,0.3539137355881734,1.08,-0.19718114001535286,0.2617782029557908,1.0096804533431085,0.026889079506434793,-0.0039038044972702357,-0.020412509460529193,-0.4000989574218246,-0.4972522657008683,-0.5228793579212965,0.8787134423780666,-1.5458868557288202e-05,0.9642634523671164,-0.10059504498517777,-0.3664697520809295,-0.6917249947793365,-0.013904415602084311,-0.0067800993618441835,0.0001392205069482953,-0.02496438675426739,-8.262115226521981e-05,-0.1151883826746306,0.00010719741265707833,-1.5840493798255912,-1.5840493798255912,2.5315149605274203,2.5315149605274203,2.6437499046325716,2.6437499046325716,1.6563643395900727,1.6563643395900727,0.07071532487869256,0.18216106176376323,1.4825155198574071,1.4825155198574071,-0.22407021952178766,0.26568200745306103,1.0300929628036377,0.543106787860402,0.7695146148347012,0.11806965734436142,-0.314550203545226
-0.25417999302278266,0.3539072702355408,1.08,-0.1972172206085041,0.2617848614377199,1.0097426535316,0.02684165883517875,-0.0039014659482902725,-0.02044120922172188,-0.4001287451181837,-0.49652591105979244,-0.5234560699669524,0.878417471232376,-3.069940672911853e-05,0.9628197322520614,-0.1005830444658141,-0.37001442810986046,-0.6917211016908239,-0.009154443386497438,-0.004591031342569502,-0.00023479849887777954,-0.03259677446405495,0.00010905281621237724,-0.03894259130326077,8.470157079716549e-05,-1.5326891064643853,-1.5326891064643853,2.4882231175899507,2.4882231175899507,2.589705264568332,2.589705264568332,1.7092465579509735,1.7092465579509735,0.13366061925888056,0.2451063561439512,1.5081814348697669,1.5081814348697669,-0.22405887944368286,0.26568632738601017,1.030183862753322,0.5446535196307944,0.7677711139746144,0.11831411684600576,-0.3160408673809721
-0.254182472040208,0.3539021633388321,1.08,-0.19723681356166448,0.26178579868243973,1.009773570180112,0.026819098953900528,-0.00389863973565191,-0.020455599763601784,-0.40014996332661523,-0.49616979607390804,-0.5237544016870168,0.8782795799129649,-3.983259885786508e-05,0.9617375344017816,-0.10058907924005732,-0.37117384310638685,-0.6917188855261067,-0.003180342937845493,-0.0013599272234669675,-9.897390650040685e-05,-0.01170499392728508,-8.621005398470817e-05,-0.011772574864833327,3.901088906414774e-06,-1.5378832280635826,-1.5378832280635826,2.518493300676346,2.518493300676346,2.5661568939685853,2.5661568939685853,1.758127349615097,1.758127349615097,0.1067073512077331,0.21815308809280376,1.5472667753696447,1.5472667753696447,-0.224055912515565,0.26568443841809164,1.0302291699437138,0.5453578656369197,0.7669667256202705,0.11843064809425335,-0.3167349392966293
-0.2541825134257981,0.3539020780849555,1.08,-0.1972330868675411,0.26178384647153286,1.0097657634432544,0.026832072253361955,-0.003886164069234088,-0.020438859258338438,-0.40014963537533016,-0.49628654436008596,-0.5236373029575634,0.8783870958909898,-6.0245823736407464e-05,0.9612819991822299,-0.10059442330710071,-0.3685217175061694,-0.6917650506992387,0.007470494820146389,0.005364803148195616,-0.0003285918324246802,-0.007179422956167917,-7.821578458868811e-05,0.1067158005211099,-0.002735939124686385,-1.524661308526992,-1.524661308526992,2.5661687195301055,2.5661687195301055,2.602896195650104,2.602896195650104,1.725569587945938,1.725569587945938,0.11152930736541743,0.22297504425048809,1.464900833368302,1.464900833368302,-0.22406515912090305,0.26567001054076694,1.0302046227015929,0.5447739659107134,0.7676103900068271,0.11834398263148893,-0.3162124554700493
-0.25417862672454106,0.3539100850002116,1.08,-0.19721306764380223,0.26178757116435963,1.0097392556769507,0.02686638966618568,-0.003881016589824926,-0.020419319099667987,-0.4001137852327491,-0.49659965454513416,-0.5232338051876014,0.8786828546238593,-5.4017694073710616e-05,0.9615298650754048,-0.10060281606618701,-0.36439034774839585,-0.69198664824311,0.008127442144374181,0.0059409818784708175,0.0001929335457996237,0.015609153015385763,-6.087517287092693e-05,0.06452515755527588,-0.005908553604931142,-1.5737750470638268,-1.5737750470638268,2.5690497934818266,2.5690497934818266,2.5626515030860935,2.5626515030860935,1.7867026031017303,1.7867026031017303,0.03844599008560175,0.1498917269706724,1.5349571645259863,1.5349571645259863,-0.2240794573099879,0.26566858775418456,1.0301585747766187,0.5434042885970417,0.7691090440419428,0.11809980811261597,-0.31501665484700175
-0.2541763327685775,0.3539148110667173,1.08,-0.1971985379143969,0.26178845309429283,1.009718055757479,0.026884123404872756,-0.0038807682334069393,-0.02040835888445125,-0.40009444332352145,-0.496853114484531,-0.5228989394136533,0.8788971252988619,-4.363326675536605e-05,0.963411329541728,-0.10060185436381605,-0.36383570145187466,-0.6922507894780191,0.00605495507807144,0.0034524617745394326,1.2480818202533374e-05,0.056853790418554526,1.2537687386252016e-05,-0.024175971806960427,-0.004851237104414352,-1.577164286375045,-1.577164286375045,2.540130245685577,2.540130245685577,2.539062094688419,2.539062094688419,1.8257501542568206,1.8257501542568206,0.03844599008560175,0.1498917269706724,1.5731972157955176,1.5731972157955176,-0.22408266131926965,0.26566922132769977,1.0301264146419302,0.5426061294314024,0.76998945363753,0.11788988473358228,-0.314319590016201
-0.25417488022332757,0.35391780376560306,1.08,-0.1971900410098982,0.26178935339531995,1.0097060802566362,0.026880851867992106,-0.0038880880278622243,-0.02041226984666844,-0.4000813104694472,-0.4969884903208565,-0.5226913963617691,0.879011191605388,-4.044271722519563e-05,0.9670374102425492,-0.1005959590333811,-0.36760811029700374,-0.6924951031260744,0.0027935883076729497,0.0013029875519963868,2.0283669938920964e-05,0.08453951818892827,5.801251543916272e-05,-0.1094216924100938,-0.004730681887409215,-1.6057647764682763,-1.6057647764682763,2.569857323169708,2.569857323169708,2.5824319362640415,2.5824319362640415,1.8015653669834137,1.8015653669834137,0.10531584501266474,0.2167615818977354,1.561125713586808,1.561125713586808,-0.2240708928778903,0.26567744142318217,1.0301183501033047,0.5425973188352411,0.770024373192123,0.117769213194997,-0.3142944904167386
-0.2541773653841052,0.35391268361523187,1.08,-0.1971814496482724,0.2617765869960673,1.009679176561108,0.026880930791494895,-0.003883512644330789,-0.020396759675184395,-0.40010480043719177,-0.49732947584954507,-0.522395044533149,0.8791454065599946,-5.6056354195405996e-05,0.9713050538290453,-0.10058342389660066,-0.37089686154676227,-0.6927600438685102,0.008887736286585414,0.004383325359537469,-0.00021801911711143108,0.08556015504440104,9.541520107361377e-05,-0.034361683125730125,-0.005700646025831999,-1.5991378486156458,-1.5991378486156458,2.538965809345245,2.538965809345245,2.6213275194168126,2.6213275194168126,1.7674342095851898,1.7674342095851898,0.15790418863296501,0.2693499255180357,1.5066883742809303,1.5066883742809303,-0.22406238043976728,0.2656600996403981,1.0300759362362923,0.5423533883574884,0.7703403862568413,0.11758092668927667,-0.3140114920153451
-0.2541803866110795,0.35390645940514204,1.08,-0.19715201532830917,0.26175184847172783,1.0096076667756972,0.026920708717178832,-0.003872379602805176,-0.02035362333756008,-0.40013159501738915,-0.4982113751509801,-0.5216384154339816,0.8795798418806976,-7.830469667489097e-05,0.9760022922797917,-0.10059228569523021,-0.36947222952258835,-0.693195674943181,0.020860316205482458,0.012153017971259452,-0.00024133846881775828,0.10023421388031692,-8.888083521473634e-05,0.07837726877551207,-0.011757946097137163,-1.6254157960414881,-1.6254157960414881,2.5537804722785946,2.5537804722785946,2.625604927539829,2.625604927539829,1.817373389005661,1.817373389005661,0.11985209465026848,0.23129783153533917,1.5090079009532935,1.5090079009532935,-0.224072724045488,0.265624228074533,1.0299612901132573,0.5405671712929373,0.7723463568278175,0.1171162454161904,-0.3123331930403243
-0.2541784412119974,0.3539104671886679,1.08,-0.1971039579022652,0.2617352515403915,1.0095168385450264,0.026981751560638256,-0.003869948541774415,-0.020310413054846155,-0.4001125886432644,-0.49929383466023697,-0.5205527108409667,0.8802093362603409,-6.649139459480068e-05,0.981606478331256,-0.1005822121928106,-0.3666992978711603,-0.6938971279586188,0.02189338855960548,0.012887694645706159,0.00026899100971599336,0.12316494303033222,9.723651688162939e-05,0.03872694227471683,-0.015775484227151092,-1.6499874413013453,-1.6499874413013453,2.567347908020019,2.567347908020019,2.6764163374900853,2.6764163374900853,1.8448763191699982,1.8448763191699982,0.17040548801422112,0.2818512248992918,1.5297922909259802,1.5297922909259802,-0.22408570946290346,0.2656052000821659,1.0298272515998725,0.537943216806361,0.7752269133629712,0.11645664456331767,-0.30996480159333883
-0.25417629059034486,0.3539148979657071,1.08,-0.19706285182529815,0.2617227409522239,1.0094411450903915,0.027037553393370356,-0.0038656948688838844,-0.020269729983737772,-0.4000934727874441,-0.5001920647768042,-0.5194942673575015,0.8808647501715215,-5.877105156040969e-05,0.98731053419803,-0.10058343107431873,-0.36423232540260136,-0.6947657075326457,0.020194532731895927,0.013037038559764503,0.00013245310040348318,0.10439994759684511,-2.4573569777263975e-05,0.05581565301657071,-0.018756107895084514,-1.6708949923515315,-1.6708949923515315,2.57442615032196,2.57442615032196,2.7165872097015415,2.7165872097015415,1.750448089838028,1.750448089838028,0.1613169598579406,0.2727626967430113,1.4736850202083593,1.4736850202083593,-0.2241004052186685,0.2655884358211078,1.0297108750741293,0.5353549522533236,0.7780222924147357,0.11575052986891327,-0.3076982327518751
-0.25417416494000133,0.3539192775101648,1.08,-0.1970310261375313,0.26171465024237867,1.0093843634156228,0.027098713186835904,-0.003854227747311423,-0.020227132711097662,-0.40007409145482353,-0.5008634609722046,-0.518408617648685,0.8816515519783497,-6.720196185038886e-05,0.9917797109119812,-0.1005889705647569,-0.35888535956518874,-0.6959799324194633,0.022458072940375957,0.017447977544348948,-4.1481905421661e-05,0.07439236139565347,-5.471541616147836e-05,0.140507785511803,-0.02941543412360745,-1.7000654399394983,-1.7000654399394983,2.6361833333969114,2.6361833333969114,2.6898258447647128,2.6898258447647128,1.7290488243103026,1.7290488243103026,0.15700874805450432,0.268454484939575,1.407944136857987,1.407944136857987,-0.2241297393243672,0.2655688779896901,1.0296114961267204,0.532231007851799,0.7813038454144157,0.11489973637645151,-0.3051106455080307
-0.2541723244294607,0.3539230697440312,1.08,-0.19702519187005604,0.26171818854034423,1.0093793490235163,0.027135923178888077,-0.003851173487216808,-0.020217553123826004,-0.40005892116509534,-0.5008898721651294,-0.5176320102246841,0.8823746888791097,-5.5333912564809784e-05,0.994999082314984,-0.10059402777171365,-0.35493277232711584,-0.6975431907629915,0.00970983182601091,0.011608951242398755,0.0001520470457646287,0.055320299189634194,-1.8909194573287442e-05,0.03488561217602777,-0.03148941059613862,-1.7573474586009974,-1.7573474586009974,2.6248715102672575,2.6248715102672575,2.7710108637809787,2.7710108637809787,1.7453236937522887,1.7453236937522887,0.1230588245391845,0.2345045614242552,1.4148339331150062,1.4148339331150062,-0.22416111504894412,0.26556936202756104,1.0295969021473423,0.5297231452938317,0.7838313361968934,0.11406806235445269,-0.3032990321225957
-0.2541740638426897,0.35391948580944743,1.08,-0.1970483609714206,0.26172341351743217,1.0094199573103215,0.027134182517237815,-0.0038491890767097803,-0.020231562148741,-0.4000750303779768,-0.5003905839165212,-0.5173114529815099,0.8828584711288988,-5.2156265165846014e-05,0.997786248322246,-0.10059652597246867,-0.35489056393564333,-0.6990532159754663,0.004156064413580366,0.008335917205806401,-3.465091667666709e-05,0.0555651218185838,-3.2768193003644034e-05,-0.021151918508231914,-0.029122173991486176,-1.723795467615127,-1.723795467615127,2.619293802976608,2.619293802976608,2.6975216150283847,2.6975216150283847,1.792600619792938,1.792600619792938,0.11518432974815361,0.2266300666332243,1.4024702608585364,1.4024702608585364,-0.2241825434886584,0.26557260259414195,1.0296515194590625,0.5286063762605251,0.7848760217359416,0.11345565454186296,-0.3027750715187027
-0.2541783034427838,0.3539107510185191,1.08,-0.19707150726396716,0.2617199769044495,1.0094512675322602,0.0271343587489504,-0.0038361680394911613,-0.020234683351075367,-0.40011349077507574,-0.5000286091196076,-0.5169950188154945,0.8833238529833396,-6.895588466065611e-05,0.9998796442681611,-0.10058383457909373,-0.3532795021514084,-0.7004946070813186,0.008223582280517453,0.010269151804424973,-0.00019640763576021764,0.02953470720301738,9.896649713921436e-05,0.06871024153568359,-0.02844731961481641,-1.7211793005466456,-1.7211793005466456,2.596612501144409,2.596612501144409,2.7139905452728303,2.7139905452728303,1.7647827506065368,1.7647827506065368,0.16475964665412896,0.27620538353919966,1.4594909608364113,1.4594909608364113,-0.22420586601291756,0.26555614494394064,1.0296859508833356,0.5273184527380425,0.7861042828748996,0.11283892186884253,-0.3020640388380816
-0.2541816645102716,0.3539038268580751,1.08,-0.19708137784983035,0.2617131382255117,1.0094588508800606,0.027164319190807723,-0.0038143509208263815,-0.020211043272943874,-0.4001431797768521,-0.4999525559046894,-0.5164280645731569,0.8839128652001533,-7.892485899815413e-05,1.0004077392314386,-0.10058752329721536,-0.3466312333198645,-0.7018832726938468,0.014547344478048532,0.013601844643457282,-0.00021342898334688812,-0.005307915481345311,-7.661566174346746e-05,0.19170049155743754,-0.02800496458389695,-1.7164257824420923,-1.7164257824420923,2.5645883321762084,2.5645883321762084,2.6943505704402955,2.6943505704402955,1.745915913581848,1.745915913581848,0.14003128886222832,0.251477025747299,1.5419837057590493,1.5419837057590493,-0.22424569704063807,0.26552748914633806,1.0296698941530045,0.5249643297750473,0.7884263161875377,0.11208966597911013,-0.30038692246413795
-0.2541791396464945,0.3539090282992423,1.08,-0.1970760559728544,0.26171929134716915,1.0094574127867675,0.027212939375846762,-0.0038017316979891413,-0.020192696534482746,-0.40011855675883023,-0.49996373235154146,-0.5156937804298833,0.8846061479455158,-6.314370226686581e-05,1.0001264018967013,-0.1005892527254634,-0.3377034249177639,-0.703300059046613,0.013897195440115195,0.013408501369225298,0.0003860952429272627,-0.005165658865814032,-2.4507457103488972e-06,0.16627996579932447,-0.028245120917918698,-1.6621094286441798,-1.6621094286441798,2.603307819366455,2.603307819366455,2.765699952840808,2.765699952840808,1.7914628744125365,1.7914628744125365,0.1450832474231719,0.2565289843082426,1.5573785245418557,1.5573785245418557,-0.22428899534870117,0.2655210230451583,1.0296501093212502,0.5220397680763448,0.7912948678915447,0.11127573863191842,-0.2982358506068982
-0.25417655548569223,0.35391435220838086,1.08,-0.19707762565826867,0.2617289951207832,1.0094702212948796,0.027246076062888924,-0.003795548541986049,-0.020187838320747442,-0.4000961318834063,-0.4998042967955074,-0.5151157328006472,0.8852043026178115,-4.7571955089844115e-05,1.0005242471781997,-0.10060303461410654,-0.3316601403656032,-0.7046390531039359,0.009871585611900201,0.010575930607228739,9.323445310606925e-05,0.01948605769424718,-0.00010336590794258163,0.08670832957782089,-0.025495204092809916,-1.6727969408035273,-1.6727969408035273,2.6125276684761047,2.6125276684761047,2.7143253326416046,2.7143253326416046,1.8524093985557555,1.8524093985557555,0.0763698983192443,0.187815635204315,1.6454608142375955,1.6454608142375955,-0.2243237017211576,0.26552454366276923,1.029658059615627,0.5197862866899597,0.7934642929448668,0.11057071236298846,-0.29666605730704476
-0.2541774381162071,0.3539125337704358,1.08,-0.1970951286217599,0.26173443662245377,1.0095025815770684,0.027242934291341392,-0.00379423883898361,-0.02019980421672818,-0.4001049859150606,-0.4993999224050417,-0.5149388581507057,0.8855037875212451,-3.8323749922936384e-05,1.0021041523832426,-0.10060103802791384,-0.3317629960392685,-0.7056667996024996,-0.0020093752957449492,0.002215468798340587,0.0001733273334146429,0.04264401566298109,5.779946325807026e-05,-0.08018595837969164,-0.015551032853678514,-1.7365740299224848,-1.7365740299224848,2.528157317638397,2.528157317638397,2.6280558228492765,2.6280558228492765,1.8591362118721007,1.8591362118721007,0.0763698983192443,0.187815635204315,1.7318077147006998,1.7318077147006998,-0.2243380629131013,0.2655286754614374,1.0297023857937966,0.5190878278835865,0.79408655452029,0.11015660964552554,-0.2963779550246577
-0.2541761576880893,0.35391517178217885,1.08,-0.19713386437625968,0.26175766815306345,1.0095863742857387,0.027187471414345382,-0.0038066477550318667,-0.020253371536218534,-0.4000921996693749,-0.4983627363767559,-0.5153730127752005,0.8854581660485749,-3.2839912799368774e-05,1.0046140330356754,-0.10060250128311406,-0.3399597366043635,-0.7062882543459341,-0.014940861856875562,-0.004057850949793916,6.459501230520137e-05,0.05727013070085274,-4.419987401930258e-05,-0.2408391334330814,-0.01024764661078115,-1.7403026521205895,-1.7403026521205895,2.596547842025757,2.596547842025757,2.5708130002021816,2.5708130002021816,1.8387387096881864,1.8387387096881864,0.0763698983192443,0.187815635204315,1.6494680523872385,1.6494680523872385,-0.22432133579060506,0.2655643159080953,1.0298397458219573,0.5206842037927575,0.7924052901386784,0.11021480757777852,-0.29805119068967445
-0.25417612952422497,0.353915229807862,1.08,-0.19720661743898715,0.26179307765649934,1.0097353850512034,0.027072080714524216,-0.0038246565996580273,-0.02034498552846853,-0.4000935577028131,-0.49655212397916926,-0.5165078362952046,0.8850290026034571,-3.469288503272804e-05,1.0070354602846987,-0.10059576772283693,-0.3552151490671658,-0.7066510693782674,-0.028243196555856737,-0.011753365151460742,-0.00023776468369179112,0.03922655408707254,5.685900667806985e-05,-0.34454932016329526,-0.004694060178159595,-1.7834221303462976,-1.7834221303462976,2.5411407709121705,2.5411407709121705,2.5477080702781705,2.5477080702781705,1.7759696483612057,1.7759696483612057,0.10695534229278555,0.21840107917785626,1.7198694705963145,1.7198694705963145,-0.22427869815351137,0.26561773425615737,1.030080370579672,0.5245498264428529,0.7883761567538206,0.1107052069392292,-0.3017529986551766
-0.2541814461780282,0.35390427662981755,1.08,-0.19728013665208965,0.26181037672175417,1.0098665010309877,0.026957261970788376,-0.0038322460524468083,-0.020420224187765346,-0.4001425115435538,-0.4950210521268628,-0.5176751580279857,0.8844877470254556,-5.2803727032648246e-05,1.008339387596521,-0.10059265295103002,-0.36878599209457635,-0.7067267537639181,-0.018431379944568536,-0.009083328592835992,-0.00024872367669013254,0.013822894481203052,5.1359891696064474e-05,-0.20440816637961517,-3.967305811927729e-05,-1.6928320825099938,-1.6928320825099938,2.5143269896507263,2.5143269896507263,2.586248672008517,2.586248672008517,1.7732337772846218,1.7732337772846218,0.1047035026550292,0.2161492395400999,1.7861973643302926,1.7861973643302926,-0.22423739862287803,0.265642622774201,1.030286725218753,0.5284183005817041,0.784310390519211,0.11126767740064764,-0.30536996397781546
-0.25418587729442804,0.35389514882092865,1.08,-0.19732392172283236,0.2618163112844457,1.0099400587103324,0.026891304761785417,-0.0038345352267515342,-0.020464782375425372,-0.4001814858836877,-0.49416053661601705,-0.5184027101635085,0.8841346679782954,-6.3124097501075e-05,1.0080081844040347,-0.10058117607071491,-0.3754168000417839,-0.7067264669338577,-0.010868983975753803,-0.004925564354359896,-0.00012203935955937956,-0.024254988914627663,8.760170401051834e-05,-0.06660497510473037,1.7485457425791814e-05,-1.7168126642704002,-1.7168126642704002,2.4949565052986147,2.4949565052986147,2.6216407179832486,2.6216407179832486,1.7448439896106716,1.7448439896106716,0.15979354858398429,0.27123928546905496,1.7235422015190134,1.7235422015190134,-0.22421522648461778,0.26565084651119725,1.0304048410857578,0.5306288109868075,0.7819523802597437,0.1116153705371424,-0.30745007564920934
-0.25418777041305246,0.35389124940267624,1.08,-0.197337485471959,0.26181635145158366,1.0099609147622117,0.026876371002356014,-0.003828383188434592,-0.020473347589608837,-0.40019728269487004,-0.49394121900636173,-0.5186081175069327,0.8840556370327218,-6.978443109865662e-05,1.0068780152514656,-0.10058006631468495,-0.3753550834254383,-0.7067275647943959,0.001712662006750066,0.0013644818382786085,-0.0001704493420879441,-0.02153638842130234,-1.6314742691530315e-05,0.06082904145668946,-9.435451211536987e-05,-1.654535073041915,-1.654535073041915,2.517015254497528,2.517015254497528,2.5498653531074553,2.5498653531074553,1.8155717432498928,1.8155717432498928,0.1604745435714721,0.27192028045654276,1.6417260706424723,1.6417260706424723,-0.22421385647431502,0.26564473464001825,1.0304342623518206,0.5310389584009084,0.7814983282952994,0.11169594068111252,-0.30786686143119096
-0.25418435077249757,0.35389829325151057,1.08,-0.19732999554745564,0.2618245375428881,1.0099583486568906,0.026885559059110914,-0.00382897549829303,-0.02047608560895009,-0.4001653594739048,-0.4939652945650053,-0.5185514018353677,0.8841026401840141,-4.867537082603009e-05,1.0058351782579267,-0.10057531034394782,-0.3734251962308948,-0.7067283646953296,-1.4241104296736301e-07,0.0003020153716893506,0.0004811337795732151,-0.01955258112592279,8.253550678883511e-05,0.02296638776823018,3.9337970503989957e-05,-1.6295891344547264,-1.6295891344547264,2.5538435220718383,2.5538435220718383,2.486646592617038,2.486646592617038,1.7913862884044642,1.7913862884044642,0.17347965717315667,0.2849253940582273,1.6207715451717386,1.6207715451717386,-0.22421555460656656,0.2656535130411811,1.0304344342658407,0.5307273735955269,0.7818120373908816,0.11167552838893427,-0.30761496950923084
-0.254182412552941,0.35390228588211237,1.08,-0.19733204665144313,0.2618322342189623,1.0099698936215935,0.026887554493660842,-0.0038301628059279613,-0.020484768030383238,-0.4001486274162072,-0.4938199018044723,-0.5186271361623876,0.8841085232028217,-3.546510959411461e-05,1.0041763331152793,-0.10058738997312966,-0.3716582446067806,-0.7067245117766154,-0.0028891384572182575,-0.0002808397971676803,0.0001121423264685961,-0.04526638174133282,-0.0001271744192750128,0.04334481704116755,6.976179295040804e-05,-1.6620531857013694,-1.6620531857013694,2.5242958307266234,2.5242958307266234,2.4860310912132295,2.4860310912132295,1.7130433619022365,1.7130433619022365,0.0998469161987304,0.21129265308380105,1.5579237401485453,1.5579237401485453,-0.22421960114510397,0.26566239702489025,1.0304546616519767,0.5306715124871106,0.781842272466452,0.11170290398342914,-0.3076245569859559
-0.2541798251412754,0.3539076160900901,1.08,-0.19734863211209117,0.2618492305106211,1.0100139294113766,0.026869435409321935,-0.003835740330655313,-0.020512710551450652,-0.40012532915405274,-0.49327215329509655,-0.5189750513162854,0.8839958186311431,-1.980550785647585e-05,1.0019304958461621,-0.10059575437319505,-0.3718762425233245,-0.7067188914168546,-0.010287792633992687,-0.003910945243073246,0.00013260905848615548,-0.04488720717937162,-6.476797198628495e-05,-0.035759961400706156,0.00011415278753235926,-1.6124634802341453,-1.6124634802341453,2.5390341520309447,2.5390341520309447,2.5041967034339936,2.5041967034339936,1.76537771821022,1.76537771821022,0.03799536108970635,0.149441097974777,1.557319539785386,1.557319539785386,-0.2242180675214131,0.2656849708412764,1.0305266399628272,0.5313480171993423,0.7810725549520687,0.11186322525264697,-0.30835299148062534
-0.2541820501030084,0.35390303252959027,1.08,-0.19737417039687105,0.2618539356364608,1.0100583562101082,0.026849745930510927,-0.003827832882418558,-0.02052542898251719,-0.40014675801413974,-0.4927574876548948,-0.5193698314895255,0.883856852298576,-3.250998076022699e-05,0.9989773871327566,-0.10059701287306447,-0.3706912970433326,-0.7067136317758298,-0.005818180844450954,-0.001663066342002957,-0.00014825048262571324,-0.07179698134485066,-2.99150624458344e-07,0.06486739608896021,0.00011224160967863504,-1.5815650284290306,-1.5815650284290306,2.4878352880477905,2.4878352880477905,2.489626580476764,2.489626580476764,1.724727129936218,1.724727129936218,0.04743629574775689,0.15888203263282755,1.6145442187786112,1.6145442187786112,-0.22422391632738198,0.26568176851887937,1.0305837851926254,0.5319243343323267,0.7804083328113198,0.11200342671837299,-0.3089895937197721
-0.2541797841270782,0.35390770058409304,1.08,-0.19739958322512896,0.26187410445043013,1.010119587316323,0.02682050423061541,-0.003833940831556748,-0.020562039165075596,-0.4001247116440616,-0.4919990108720475,-0.5198993462177414,0.8836313817409193,8.140958158285064e-07,0.9955090715377747,-0.10059493991657897,-0.37113422858823314,-0.7066499608669697,-0.014980849834267765,-0.0070210530826227075,0.0006643944070619217,-0.06710766469755247,3.222598096468611e-05,-0.059722495277405266,0.002357327357455771,-1.5502749383449546,-1.5502749383449546,2.4619409441947937,2.4619409441947937,2.4160066187381775,2.4160066187381775,1.7597752928733823,1.7597752928733823,0.04743629574775689,0.15888203263282755,1.5345572948455821,1.5345572948455821,-0.22422008745574437,0.2657080452819869,1.0306816264813985,0.5330123889748062,0.7791775492176214,0.11226082505487475,-0.310125212055695
-0.2541809356085072,0.35390532842891365,1.08,-0.19744055768955598,0.26189001414348345,1.0102002926241984,0.02677557211825321,-0.0038310606720091123,-0.020596733412717505,-0.4001367051442548,-0.491043147314517,-0.5206407085104837,0.8833193170186767,-2.3511514671208418e-05,0.991976626763142,-0.10059589640470884,-0.37267903413360265,-0.7065257383376276,-0.013277875505248723,-0.005529961133062423,-0.00034856109359195813,-0.07301251250932675,-3.3999471040428374e-05,-0.011003068437797716,0.0017421506766492662,-1.5408156335353842,-1.5408156335353842,2.4923072934150694,2.4923072934150694,2.401050907373431,2.401050907373431,1.7372362017631529,1.7372362017631529,0.04743629574775689,0.15888203263282755,1.479255896806718,1.479255896806718,-0.2242161298078092,0.26572107481549256,1.030797026036916,0.5345836436772916,0.777426699293982,0.11260695024810399,-0.31168530586698484
-0.2541829395366719,0.35390120030576544,1.08,-0.19747211091307848,0.261898405688145,1.0102583214439944,0.026746719352168574,-0.00382602181281122,-0.02061989018643695,-0.40015429811745107,-0.4903613049420974,-0.5211910077259553,0.8830886284997157,-3.011466811771278e-05,0.9882054158857073,-0.10059565611157642,-0.37202409943106024,-0.706439696142884,-0.00939950202747505,-0.003874778762550555,-8.674356474853784e-07,-0.0772200757974469,1.5542146389891984e-05,0.02972503957392249,0.001909664572895277,-1.5185219943523398,-1.5185219943523398,2.4518726766109467,2.4518726766109467,2.356784117221835,2.356784117221835,1.7320493996143338,1.7320493996143338,0.04743629574775689,0.15888203263282755,1.481676334142686,1.481676334142686,-0.22421883026524705,0.2657244275009562,1.0308782116304314,0.5355451187956294,0.7763272707252601,0.11284440466091994,-0.31268759936902935
-0.25418328497969755,0.35390048870687374,1.08,-0.19749374820863536,0.2619077157185876,1.0103020867499137,0.0267278413813882,-0.003824017294983051,-0.02064001430391227,-0.40015704648202455,-0.48984407557764353,-0.5216143455177504,0.8829087303129207,-2.8499950331609843e-05,0.984796267857718,-0.10059529732245652,-0.370883451677235,-0.7063300157217209,-0.007634354882381677,-0.0033826249727358076,2.9812630303040584e-05,-0.06000358171450573,1.1730322830310892e-06,0.01756520960151978,0.0024177931902757454,-1.49249705672264,-1.49249705672264,2.448413407802582,2.448413407802582,2.357997190952304,2.357997190952304,1.7873375833034513,1.7873375833034513,0.04743629574775689,0.15888203263282755,1.4968382775783549,1.4968382775783549,-0.22422158959002356,0.26573173301357067,1.030942101053826,0.5362277055847461,0.7755354721231633,0.1130425132778193,-0.3134102254774962
-0.2541802472479817,0.353906746505924,1.08,-0.19751651712868623,0.2619292650287605,1.0103611675696524,0.026696721692928416,-0.0038309966901051706,-0.020676656755336476,-0.4001287054930326,-0.48912135633160075,-0.522142156199486,0.8826639669024985,-1.1402086442721244e-05,0.9818851551592818,-0.10059517977391083,-0.37218072067799113,-0.7061872139525885,-0.013242911863962101,-0.0063259639194857345,0.00021386564438021828,-0.056603861869301976,-2.590815533046911e-06,-0.05544930982193398,0.003150621208254243,-1.4579856932163229,-1.4579856932163229,2.528994131088257,2.528994131088257,2.318256354331973,2.318256354331973,1.7420086443424223,1.7420086443424223,0.04743629574775689,0.15888203263282755,1.4767822742462169,1.4767822742462169,-0.22421323882161465,0.2657602617188657,1.031037824324989,0.5374436102682825,0.7741599912528342,0.11333302772914577,-0.3146208806658437
-0.25418069555690326,0.35390582295162964,1.08,-0.19754918081965459,0.2619435715753231,1.010427731776967,0.026652542464217416,-0.0038308492063962585,-0.020709006654066053,-0.40013441253261495,-0.4883375933187853,-0.5227859204528913,0.8823329036978989,-1.6386949048433257e-05,0.9794092352392965,-0.10059489480445648,-0.3749488147705062,-0.7060081139538639,-0.01179632801323719,-0.00637595902823247,-0.00019287801679323144,-0.04197737353318379,1.7977201083022314e-06,-0.05456595991837503,0.0039042560407827787,-1.4572148263454427,-1.4572148263454427,2.4522401034832004,2.4522401034832004,2.3528957009315516,2.3528957009315516,1.759935039281845,1.759935039281845,0.07379674792289727,0.18524248480796793,1.4488050282001506,1.4488050282001506,-0.224201723283872,0.26577442078171937,1.031136738431033,0.5390458937994933,0.7723684822439949,0.11367178339774939,-0.3161568877522491
-0.25417976723328434,0.35390773538729065,1.08,-0.19758296680353976,0.26196317891286,1.010502046011539,0.026594290338037174,-0.003839895701507945,-0.020756805219661167,-0.4001252026077384,-0.4874371132623124,-0.5235320213596256,0.8819113342717567,-1.0432838790706276e-05,0.9778498643113407,-0.10059431097510578,-0.3807861423994676,-0.7057643961812187,-0.01727561122817509,-0.010074324808031766,3.6877924057583137e-05,-0.021747939232991922,-1.2178250707696255e-06,-0.15754427216149,0.005550876013238011,-1.5027029871940603,-1.5027029871940603,2.430274385213852,2.430274385213852,2.417782640457156,2.417782640457156,1.7585697591304776,1.7585697591304776,0.07379674792289727,0.18524248480796793,1.4435263097286235,1.4435263097286235,-0.22417725714157694,0.2658030746143679,1.0312588512312002,0.5412373663666113,0.7699270963611282,0.11410483838912447,-0.31820506814576055
-0.2541786874028002,0.3539099599926811,1.08,-0.19762983340575258,0.26198965821549514,1.010604596711169,0.02651015802722917,-0.003851636502461453,-0.02082152826735384,-0.400115574999316,-0.48620172568793435,-0.5245387112531822,0.8813286791994834,-8.6146403923327e-06,0.9762543607732092,-0.10058803973406635,-0.3894801669019357,-0.705474606063141,-0.0223519067666042,-0.01283749861297873,-8.36046773246576e-06,-0.04138622888884055,5.600008132373851e-05,-0.18171065748642332,0.005921256154341151,-1.5098031282424917,-1.5098031282424917,2.5018020927906037,2.5018020927906037,2.41057057976723,2.41057057976723,1.681244897842407,1.681244897842407,0.10608591914176935,0.21753165602684,1.3896990358829509,1.3896990358829509,-0.22413999143298174,0.2658412947179566,1.0314261249785228,0.5443141556084092,0.7664708973072435,0.11468435625085485,-0.32107937027573175
-0.2541804913704028,0.3539062435919161,1.08,-0.19768522111530618,0.262010313324805,1.0107143214991334,0.02642536625581063,-0.00385495989534157,-0.0208803216946436,-0.400132529042781,-0.48490011362771257,-0.525631078026219,0.8807122005164676,-1.727561901077539e-05,0.9730687162956494,-0.10059325248674489,-0.39616596007269744,-0.7051692434942862,-0.02141757530520755,-0.011928080503090323,-9.932566038853364e-05,-0.08385567125861505,-5.759164998627496e-05,-0.09768939258570448,0.00623354746063586,-1.5155644059181204,-1.5155644059181204,2.4502894937992097,2.4502894937992097,2.474329286813739,2.474329286813739,1.6388027191162107,1.6388027191162107,0.07975102543830866,0.1911967623233793,1.413565593957902,1.413565593957902,-0.2241105873711168,0.2658652732201466,1.031594643193777,0.5473030400240974,0.7630548596267213,0.11526692737108085,-0.3239138759529396
-0.25418450112432067,0.35389798354203544,1.08,-0.19773216593578563,0.2620192560487192,1.0107980190609087,0.02636961478292707,-0.003848142065588367,-0.02091591237113155,-0.4001692243217055,-0.4839256528975361,-0.5265175458274131,0.8802317648139902,-3.514805769206406e-05,0.9682053894448448,-0.10059483758552604,-0.3974921950375532,-0.7048818426630314,-0.014097117323797865,-0.0072938846016284515,-0.0002494212387089587,-0.10831542275455402,-1.3568994716846492e-05,0.030555741858586692,0.0052587108460003225,-1.5658172309398641,-1.5658172309398641,2.4166670918464663,2.4166670918464663,2.493195968866351,2.493195968866351,1.6786321282386778,1.6786321282386778,0.07975102543830866,0.1911967623233793,1.4832474529743205,1.4832474529743205,-0.2241017807187127,0.26586739811430754,1.0317139314320403,0.5492211969813521,0.7608110804874038,0.11570392112078426,-0.3257839456315115
-0.2541841211915929,0.3538987661668949,1.08,-0.19776409039426715,0.2620360658482209,1.0108670658843808,0.026334912946333278,-0.003849363612217216,-0.020952068626715725,-0.40016392825660496,-0.48309925963890216,-0.5272102260074875,0.879876506655814,-2.7306659217419424e-05,0.9628044249792834,-0.10059478840952164,-0.39647082054450744,-0.7046197614779852,-0.014180792686157045,-0.007324693254600634,0.000213299374103327,-0.10732860165861761,3.3142563162884347e-06,0.013308448944478425,0.005246523317827563,-1.5203504383563986,-1.5203504383563986,2.4305835604667667,2.4305835604667667,2.4726290941238434,2.4726290941238434,1.6947755217552183,1.6947755217552183,0.07975102543830866,0.1911967623233793,1.4596988320350657,1.4596988320350657,-0.22409900334060043,0.26588542946043814,1.0318191345110965,0.5504986030149873,0.7592710178708024,0.11606211610283301,-0.3270908049849703
-0.25418313297370265,0.3539008018324845,1.08,-0.19779535070767093,0.26205465284891827,1.0109371971042886,0.026298732993663892,-0.0038492014420352105,-0.020986356081915902,-0.40015549188228194,-0.48227022669327946,-0.5278803035471374,0.8795286812143029,-2.4309131541897516e-05,0.9579678233889105,-0.10059527832396493,-0.3960765700691865,-0.7043828997071756,-0.012493881589677833,-0.006538166778227854,3.767665068103369e-06,-0.08729095670059377,-1.0233223534633071e-05,0.0038685122297686335,0.00416758699179797,-1.4791289746761314,-1.4791289746761314,2.4684593200683596,2.4684593200683596,2.5066420435905488,2.5066420435905488,1.7352959990501402,1.7352959990501402,0.07975102543830866,0.1911967623233793,1.4356791734695444,1.4356791734695444,-0.22409408370133482,0.2659038542909535,1.0319235531862045,0.5518075142495682,0.7576919684169849,0.1164095651958762,-0.3284207078504864
-0.25418507997875944,0.353896791170658,1.08,-0.19781934650930666,0.2620595807736868,1.0109806302367819,0.026277395049360053,-0.003841223903053359,-0.021000322450014597,-0.40017378534833575,-0.4817728181634567,-0.5283462911032745,0.8792826220051955,-3.17931972915332e-05,0.9539914889176557,-0.10059509847522191,-0.3944515266547249,-0.7041981476106021,-0.006467613088134584,-0.003335702108612173,-8.612554916994039e-05,-0.07250141019016115,6.357361959883665e-06,0.05159876867915213,0.0033439863334686426,-1.5297628581523888,-1.5297628581523888,2.4013913512229923,2.4013913512229923,2.5602957963943513,2.5602957963943513,1.7358080863952634,1.7358080863952634,0.07975102543830866,0.1911967623233793,1.5052021503448496,1.5052021503448496,-0.2240967415586667,0.26590080467674015,1.0319809526867965,0.5525431746462829,0.7567923543293198,0.11663027216283467,-0.3291789060613025
-0.2541854384109522,0.35389605285083015,1.08,-0.19782696288135918,0.26206204107029196,1.0109954349293964,0.026276971422744433,-0.003834478114826123,-0.021001429053333798,-0.4001762417187071,-0.48160782290733756,-0.5285050863471837,0.879218261704771,-3.429904037912465e-05,0.9514948361835269,-0.10059569639252865,-0.3919367484322824,-0.7041101352880536,-0.00042676626782743566,0.0003317759368723448,-4.810759372638563e-05,-0.029674811400020026,-4.1103876832358995e-06,0.04819635767794218,0.00030128846949329974,-1.4813854157924644,-1.4813854157924644,2.429681408405304,2.429681408405304,2.5286067545414004,2.5286067545414004,1.7925125718116757,1.7925125718116757,0.07975102543830866,0.1911967623233793,1.5557339072227487,1.5557339072227487,-0.2241039343041036,0.2658965191851181,1.0319968639827302,0.5525610527475531,0.7567410756871882,0.11670080458617157,-0.3292417797960235
-0.2541843441776368,0.3538983068362778,1.08,-0.19782206140373843,0.2620634386023754,1.010989257207461,0.02629080553094909,-0.0038275288629801008,-0.020990936683157102,-0.4001658677344103,-0.4816901446983546,-0.5284214145041504,0.8792954212627359,-3.6829376323312704e-05,0.9505392742541816,-0.10059658758448961,-0.3892625165614074,-0.7041070811283341,0.0034755031051872227,0.002519629841128584,-5.615714517709328e-05,-0.008885489279251438,-2.912384116212447e-05,0.0559947524883506,-2.1905391727813217e-05,-1.4638589918613425,-1.4638589918613425,2.457183849811554,2.457183849811554,2.584697121381763,2.584697121381763,1.747881746292114,1.747881746292114,0.07975102543830866,0.1911967623233793,1.512873136997224,1.512873136997224,-0.22411286693468752,0.2658909674653555,1.0319801938906181,0.5520687147324947,0.757299895304034,0.11664881096156754,-0.3288009393042593
-0.2541808976180916,0.3539054066915865,1.08,-0.19781409757250962,0.2620714698059998,1.0109856955678918,0.026291509088348625,-0.003834923034169213,-0.02099850244944479,-0.4001345486653585,-0.48172230419901796,-0.5283567339738399,0.8793226499162418,-2.6006911220009e-05,0.9515584449522514,-0.10059386685128603,-0.39064575159183895,-0.7041058945759076,-0.0005153792946692463,-0.0011044233303169402,0.00018298754906568781,0.04712409663288675,3.4342071978764655e-05,-0.09313695070433432,4.1692377703127746e-05,-1.5150241851806632,-1.5150241851806632,2.453311520814896,2.453311520814896,2.528658622503284,2.528658622503284,1.82448296546936,1.82448296546936,0.0861745107173919,0.19762024760246255,1.4951402127742777,1.4951402127742777,-0.22410560666085824,0.26590639284016904,1.0319841980173365,0.5521146555447455,0.7572555459389626,0.11665234039013853,-0.32882469000805564
-0.25418115383587614,0.3539048788679687,1.08,-0.1978070272144171,0.26206715322002305,1.0109696722005308,0.026289395421314754,-0.0038301064909951332,-0.02098798021563897,-0.40013818207531426,-0.4819324624351477,-0.5282306451658056,0.8793519828312801,-4.5507496965560626e-05,0.9540431201585359,-0.10058179310794464,-0.3930368535401548,-0.7041109831447607,0.005598562259397814,0.0024153983450048468,-0.0003408550228511703,0.051589684600478934,8.870604717291011e-05,-0.015844582436430145,-0.00014159011696410917,-1.5507400512695304,-1.5507400512695304,2.488986784219742,2.488986784219742,2.5324789822101628,2.5324789822101628,1.7464589238166806,1.7464589238166806,0.1573585379123687,0.26880427479743935,1.57168933749199,1.57168933749199,-0.22409642263573185,0.2658972597110182,1.0319576524161698,0.5521644978448359,0.7572455556660436,0.1166125083059949,-0.32877812982369986
-0.25418306332928514,0.35390094529726046,1.08,-0.19778109280989334,0.26204797183545303,1.0109072069421896,0.026324952764727294,-0.0038200998691412247,-0.02095001143712305,-0.40015564914992874,-0.482699100724072,-0.5277375883312028,0.8795967796016229,-6.088747356702389e-05,0.9561443825035711,-0.1005731292806745,-0.39059636871761333,-0.7041186783787178,0.013856556730653842,0.007378573782925462,-0.0001620900611456561,0.033279215931420955,6.993246780076015e-05,0.10612927869152071,-0.00013724320348080615,-1.596862828731536,-1.596862828731536,2.4590115487575535,2.4590115487575535,2.5979570209980047,2.5979570209980047,1.7039225578308101,1.7039225578308101,0.18751122832298273,0.29895696520805337,1.5262371718883523,1.5262371718883523,-0.22410604557462063,0.26586807170459426,1.0318572183793127,0.5509229126722687,0.7587389670652184,0.11637969602599715,-0.3274979244245767
-0.2541813328224303,0.35390451014703556,1.08,-0.1977389502291389,0.2620334889734673,1.0108246039459907,0.026383368000844898,-0.0038182880370241645,-0.02091027725160588,-0.40013852083361245,-0.4836759395422906,-0.5270327631417745,0.8799731445225386,-5.307537107325447e-05,0.9577643957373381,-0.10056469293896256,-0.3856262404913622,-0.7041251493921479,0.013647195445852632,0.00729513184074682,0.00022055858318265713,0.0320152215746392,7.193567044248721e-05,0.09301202356877884,-0.0001203936556656328,-1.6202731013298026,-1.6202731013298026,2.4854225099086764,2.4854225099086764,2.6146113932132757,2.6146113932132757,1.7341174244880673,1.7341174244880673,0.20944704890251153,0.3208927857875822,1.459306925535203,1.459306925535203,-0.2241223182299838,0.26585177701049145,1.0317348811975966,0.5489805088920439,0.7610168306449236,0.1160646821134752,-0.32558067187363304
-0.25417874264071194,0.35390984619334215,1.08,-0.19770031870965815,0.2620236808284043,1.010752926120418,0.026430991308674823,-0.0038182659279138997,-0.020876823883581253,-0.4001156664943902,-0.4845253440823931,-0.5263970279844893,0.8803006560763195,-4.749995655237771e-05,0.9601363032223543,-0.10056418241379751,-0.3827175049203723,-0.7041334288123396,0.012265494818874055,0.005983840730273237,9.087716170126982e-06,0.06110047995561926,-1.0379936620728241e-05,0.03265456657187679,-0.0002716413794502538,-1.6000710129737845,-1.6000710129737845,2.506845742464066,2.506845742464066,2.545204263925556,2.545204263925556,1.7918425679206844,1.7918425679206844,0.19983054876327508,0.31127628564834575,1.4106223464012155,1.4106223464012155,-0.22413131001833297,0.2658419467563182,1.0316297500039993,0.5474106628923927,0.7628597762197491,0.11579285862253719,-0.3240039226146606
-0.2541808725601711,0.3539054583125338,1.08,-0.19765980061541083,0.26199665725846155,1.0106592703526711,0.026488568563173942,-0.0038063763341672496,-0.02082128834966701,-0.4001360943952732,-0.4856598600157676,-0.5256134983479055,0.8807066960342383,-6.501776046219893e-05,0.9631997759305394,-0.10057631019552914,-0.37861372877349464,-0.7041867276732398,0.01885385962196896,0.009837027795786199,-0.00023352404202659665,0.061416147421527144,-9.376881679824951e-05,0.11453432830236071,-0.001925933020604961,-1.681737279891967,-1.681737279891967,2.500038349628449,2.500038349628449,2.597673040628437,2.597673040628437,1.7602415323257443,1.7602415323257443,0.16314795494079581,0.2745936918258665,1.4100836157798777,1.4100836157798777,-0.22414836917858477,0.2658030335926288,1.0314805587023381,0.5453638792855177,0.76525110303637,0.11540596598521585,-0.3219479018215365
-0.25417741705008995,0.3539125771714387,1.08,-0.1976143213895451,0.2619865168929441,1.0105768642074606,0.026541193259766976,-0.0038114743905710013,-0.020789342313216164,-0.4001028509887541,-0.4866116663420868,-0.5248864373222893,0.8810562698462541,-3.987722342680574e-05,0.9657968823035201,-0.10056426807464026,-0.375583671464578,-0.7042320261582758,0.009780648382408741,0.004422311130402238,0.0004980309259131589,0.042886789001318315,0.00012304301771470062,0.02243823458274776,-0.00012911339380252947,-1.6410588979721061,-1.6410588979721061,2.474150085449219,2.474150085449219,2.648859816789631,2.648859816789631,1.6808095097541806,1.6808095097541806,0.19876385211944572,0.3102095890045164,1.3798346519470226,1.3798346519470226,-0.22415551464931208,0.2657979912835151,1.0313662065206768,0.5436193165941107,0.7672633386904455,0.11509155105039545,-0.32021702422600345
-0.2541752665120013,0.35391700788005365,1.08,-0.19759167002617462,0.26198295153177104,1.010537540606791,0.026567609439340528,-0.003812048862337658,-0.020770411135074607,-0.4000846217730035,-0.48706779067344025,-0.5245284623152792,0.8812264980370993,-3.1684965413320816e-05,0.9669751429335376,-0.10055891222309393,-0.3738741999813883,-0.7042363719765341,0.004859787780286294,0.002544230889837079,4.599200335808453e-05,0.005991047726671922,4.5870126120535856e-05,0.041540767185764126,-7.361648418518163e-05,-1.57836548089981,-1.57836548089981,2.5228085398674014,2.5228085398674014,2.7164478242397347,2.7164478242397347,1.6460570514202115,1.6460570514202115,0.22389767646789543,0.3353434133529661,1.463550138473512,1.463550138473512,-0.22415927946551514,0.2657950003941087,1.0313079517418655,0.5427481943563089,0.7682644203313798,0.11494035037906092,-0.3193476065834755
-0.2541755931099185,0.3539163349831706,1.08,-0.1975852087638172,0.2619786872047927,1.01052273122951,0.026578602212277314,-0.0038116109949876686,-0.020762284508521578,-0.40008838451379314,-0.4872364647762566,-0.5243999976685843,0.881308574691615,-3.279326678628905e-05,0.9673776534161067,-0.10058111734071856,-0.37304450433709707,-0.7042389075792073,0.001202544968114238,0.0006221213269604028,-0.00010373092636349745,0.009483001861545135,-0.0001614859548261604,0.0004781317549645293,-5.641918392793032e-05,-1.6088202714920037,-1.6088202714920037,2.5223429739475254,2.5223429739475254,2.6851648211479224,2.6851648211479224,1.739667624235153,1.739667624235153,0.13782201886177056,0.2492677557468412,1.3861660420894635,1.3861660420894635,-0.2241638109760945,0.2657902981997804,1.0312850157380316,0.5423595436008388,0.7687067216803642,0.11487115322850852,-0.31896821105632017
-0.2541778727041197,0.3539116384249448,1.08,-0.19757890210032117,0.2619677508241723,1.010500775749904,0.026594449518007685,-0.0038026076967871414,-0.020742032293861623,-0.40010894254778623,-0.48750936748716284,-0.5242338508968125,0.8814052866142974,-5.045632512556454e-05,0.9673829078435495,-0.10058464961979328,-0.3707629314631988,-0.7042450330983562,0.005284653650204741,0.003059326204685702,-0.0002251029589364126,-0.006843560022942382,-2.9431349261293206e-05,0.07582702029671469,-0.00014916485140267576,-1.6085359096527092,-1.6085359096527092,2.517620170116425,2.517620170116425,2.648409682512287,2.648409682512287,1.7134435474872587,1.7134435474872587,0.12871690869331354,0.24016264557838418,1.3776855647563946,1.3776855647563946,-0.22417335161832885,0.2657703585209594,1.0312428080437657,0.5417232334861148,0.7694259176479434,0.11476456542247221,-0.3183532473155561
-0.2541788344936596,0.35390965696122195,1.08,-0.19755954192824104,0.2619550307505235,1.0104565310564244,0.026635305947802612,-0.003791744772337846,-0.020709119250128305,-0.4001169883137032,-0.48804599967841894,-0.5238001108941615,0.8816918164549368,-6.564147371650488e-05,0.9671386797951502,-0.10059175039746994,-0.36511100183527195,-0.7043741773057233,0.011387076310126476,0.00758595588636229,-0.00011511513018918982,-0.0027864241161180067,-6.639099325027714e-05,0.13661741270427533,-0.0049526206217319225,-1.6620230793952935,-1.6620230793952935,2.5614320993423467,2.5614320993423467,2.6995697796344795,2.6995697796344795,1.7344052255153655,1.7344052255153655,0.12135596752166741,0.23280170440673806,1.382974320650102,1.382974320650102,-0.22419484787604366,0.26574677552286136,1.0311656503065527,0.5401286370901921,0.7711896660133046,0.1144942510686047,-0.3168889725150095
-0.25417742402190124,0.35391256280791605,1.08,-0.19753242976151292,0.2619467439938912,1.0104051897461461,0.026681772539265458,-0.0037877969211959073,-0.020680044945609488,-0.40010387462469993,-0.4886569528673035,-0.5232393253358849,0.8820345589740726,-5.2436423717920286e-05,0.9675657561734455,-0.10059612182449607,-0.35977938989522745,-0.7045949559145296,0.010785073200200557,0.006175734530105362,0.0002324572176470186,0.01894707421025993,-3.481922551961933e-05,0.08378038295357697,-0.0037499747793071007,-1.5695651054382318,-1.5695651054382318,2.5439880490303044,2.5439880490303044,2.6406093537807505,2.6406093537807505,1.790005987882614,1.790005987882614,0.08948671102523797,0.20093244791030862,1.359805214405061,1.359805214405061,-0.22421420230077838,0.2657345409150871,1.0310852346917556,0.5383393451447712,0.7731512685059527,0.11416001764071831,-0.31527029014641755
-0.254174612847941,0.3539183546536075,1.08,-0.19751083748599713,0.26194597746793646,1.01037079310239,0.02670212351415363,-0.003793077350336793,-0.020669633409931665,-0.4000782777046447,-0.48905236858627166,-0.5228642887875007,0.8822216873535532,-3.483961857108656e-05,0.9699206260971881,-0.10059922930916705,-0.35999522235380965,-0.7047154506349785,0.004240094861362861,0.0012593999000010524,0.0002613933528790437,0.07279265010712818,-2.7100653346135458e-05,-0.08273505378041633,-0.000961281995288885,-1.5599173545837397,-1.5599173545837397,2.540888923406601,2.540888923406601,2.599066400527958,2.599066400527958,1.854505270719528,1.854505270719528,0.08948671102523797,0.18984036326408366,1.3586730360984813,1.3586730360984813,-0.22421296100015076,0.26573905481827326,1.0310404265123216,0.5376105242793165,0.7739731131779215,0.11398191179556139,-0.3145610720436079
-0.25417315803145074,0.35392135214990844,1.08,-0.19750162562276563,0.26194653382237765,1.0103571033031433,0.02668046045307712,-0.003806876462945419,-0.020681940347959893,-0.4000659542831918,-0.4892086830585641,-0.5227679024262728,0.8821731940148967,-3.188501954737527e-05,0.9753891119979696,-0.10057880668410525,-0.3683488538259809,-0.7047425354103481,-9.723290488234521e-05,-0.0026748405258314113,7.218499735744476e-05,0.14264915720643928,0.00018074064477874115,-0.24458177639237255,-9.774966901370162e-05,-1.573899316787719,-1.573899316787719,2.5351475477218632,2.5351475477218632,2.604973018169407,2.604973018169407,1.9054137170314787,1.9054137170314787,0.16949931859970085,0.26985297083854654,1.3487151503562937,1.3487151503562937,-0.22418208607584275,0.26575341028532307,1.0310390436511032,0.5384540231731317,0.773125460851166,0.11401348695395755,-0.31519075415522646
-0.25417535232960753,0.35391683106766236,1.08,-0.1974967557597271,0.2619365874610738,1.0103385738918997,0.026649291150118742,-0.0038127025402172054,-0.0206848096768677,-0.40008685295197716,-0.48944304678458733,-0.5226250785548192,0.8821461314748856,-6.0560249598605005e-05,0.9829905376186667,-0.10056217517598987,-0.3789333317401949,-0.704886474545124,0.0062777010936598925,0.0017263414588072161,-0.000504421216559933,0.15978470065170283,0.00011578388878703751,-0.1850517399770251,-0.005463159054075703,-1.6374202013015742,-1.6374202013015742,2.588003015518189,2.588003015518189,2.678247022628788,2.678247022628788,1.8333576738834378,1.8333576738834378,0.23900233983993524,0.3393559920787809,1.2536036491394054,1.2536036491394054,-0.22414604690984585,0.265749290001291,1.0310233835687674,0.5394490666924573,0.7721388941973047,0.11399072713547317,-0.3159150940356066
-0.2541797487927251,0.35390777337702173,1.08,-0.1974753333082275,0.26191099635594395,1.0102771679040725,0.02665386139199072,-0.0038109618861525973,-0.020660029432120863,-0.40012662958540945,-0.49020053290460913,-0.5220619578952674,0.8823597374930596,-7.762097623187559e-05,0.9904625116049377,-0.10054633386226675,-0.3846569985070553,-0.705229456502711,0.01571949772403326,0.007028160101248968,-0.00013330980457566937,0.1377041663978452,0.00012202689062281827,-0.049473788417711016,-0.007691414134556056,-1.6760463833808894,-1.6760463833808894,2.546516358852387,2.546516358852387,2.7584237575531043,2.7584237575531043,1.7705630779266355,1.7705630779266355,0.27958541393280023,0.3799390661716459,1.2767032861709606,1.2767032861709606,-0.22412919470021822,0.26572195824209655,1.0309371973361934,0.5390152438243437,0.7727143098189722,0.11368643717449375,-0.3153578226848711
-0.2541793517926466,0.3539085912479811,1.08,-0.1974343667860566,0.2618924829686076,1.0101934373261094,0.026699516373113935,-0.0038122393713757585,-0.020625429319558686,-0.4001209132433368,-0.49119775533682697,-0.5211743692042625,0.8828301789484034,-6.803261463554424e-05,0.9957011778570651,-0.10055204718739376,-0.38368712911346914,-0.7056672575063814,0.01878146373074143,0.010804655196966422,0.0002514105975781852,0.07341121300146199,-7.110048786549981e-05,0.0815889034012221,-0.009801301829375273,-1.612423479557037,-1.612423479557037,2.5835336923599246,2.5835336923599246,2.779442191123966,2.779442191123966,1.6759693861007687,1.6759693861007687,0.25157710790634147,0.35193076014518715,1.3291805028915418,1.3291805028915418,-0.22413388315917054,0.2657047223399834,1.0308188666456681,0.5371521335627506,0.7748053691322957,0.11319014135044136,-0.31357968249524615
-0.2541777826167354,0.3539118240237922,1.08,-0.19738868215825364,0.26187573173671697,1.010104565346829,0.026774342953297142,-0.003802146937363693,-0.020571529420711165,-0.4001071473758651,-0.49226627071276824,-0.5200788270545018,0.8835076121810038,-7.049688045587597e-05,0.998673545633646,-0.1005499660114318,-0.37634730886179274,-0.7063391051407236,0.024893639655300625,0.015960134706995217,-7.214645054065297e-05,0.04674523483775916,3.277331190729045e-05,0.20254306348390302,-0.016811248344376462,-1.6127013742923733,-1.6127013742923733,2.6148574233055117,2.6148574233055117,2.7357903301715885,2.7357903301715885,1.7623852014541623,1.7623852014541623,0.29872398853301996,0.39907764077186564,1.2895667016506207,1.2895667016506207,-0.22416302511155078,0.26567787867408066,1.0306760947675402,0.5340034990487869,0.7782135044322842,0.11248209302626133,-0.3107600091248987
-0.25417780082021496,0.3539117865207874,1.08,-0.19733316530786726,0.2618487216351369,1.009989605460072,0.02688324940313841,-0.0037799872078091434,-0.020489811530411517,-0.40010778247783696,-0.4936572472908311,-0.5185881632732378,0.8844608932734465,-7.915913175193806e-05,1.000794222098597,-0.10054989110182176,-0.36304390762630984,-0.7073773039709206,0.034393990412829555,0.02182403118272167,-0.00010103729086190191,0.0384253174759696,-6.137727501164834e-06,0.31989528496451075,-0.024335550564734406,-1.58275573849678,-1.58275573849678,2.6283077597618107,2.6283077597618107,2.717348819971088,2.717348819971088,1.8014568924903867,1.8014568924903867,0.29968348026275626,0.40003713250160194,1.3544684231281292,1.3544684231281292,-0.22421641471100567,0.26562870884294604,1.0304794169904836,0.529228924923365,0.7832682088104329,0.11142793931838224,-0.3065802870874357
-0.25417490987948266,0.3539177426636264,1.08,-0.1972739548222758,0.2618299788214485,1.0098783622331584,0.026993296078887064,-0.0037671584084398857,-0.020419184082527186,-0.4000805942864613,-0.494965554396744,-0.5170659531983379,0.8854028120108649,-4.5626788740711314e-05,1.00253094136152,-0.10055026899624844,-0.349845399415439,-0.7085033088237098,0.025906958123509502,0.016032918485279483,0.0006230725060234929,0.030318933561406605,1.4680882802204197e-05,0.22022870083643203,-0.020352620687065417,-1.6054244041442869,-1.6054244041442869,2.545092618465424,2.545092618465424,2.677510714530948,2.677510714530948,1.7779346883296963,1.7779346883296963,0.25886894941329947,0.35922260165214515,1.2986883699893963,1.2986883699893963,-0.22426725090116287,0.26559713722988837,1.0302975463156856,0.5243941495999173,0.7882757962902408,0.11033511618332992,-0.3024205796323685
-0.2541746320000214,0.3539183151934261,1.08,-0.19723204989422755,0.26181060112561094,1.0097932094123911,0.027079785412109314,-0.003750019817540584,-0.0203547507371018,-0.40007949882788574,-0.4959828096100665,-0.5158651708769459,0.8861517042971987,-4.435380425679772e-05,1.0037917264189093,-0.10056651354234454,-0.33888003764038566,-0.7094300684511765,0.022760254747621424,0.01385998386820916,-0.00011518727346684587,0.0203114297317914,-0.00012567455481206878,0.21379166730316845,-0.01719420676943336,-1.6394858479499814,-1.6394858479499814,2.54000450372696,2.54000450372696,2.657336246967319,2.657336246967319,1.790510088205337,1.790510088205337,0.20105081081390372,0.30140446305274937,1.2181720674037946,1.2181720674037946,-0.22431183530633686,0.2655606209431515,1.030147960149493,0.5204642040348796,0.7922822506135986,0.10942998295570755,-0.29905004014596603
-0.25417474531874223,0.3539180817164131,1.08,-0.19719514994806125,0.2617922996831148,1.0097170572391132,0.02715637465662865,-0.0037356214362697093,-0.02029896651185381,-0.4000802896104632,-0.4968868533704697,-0.5148512593547566,0.8867612659969553,-4.360932606769877e-05,1.004115610920032,-0.10057425538852742,-0.32860584137116305,-0.7101671884867606,0.017913015840345867,0.010562657630016414,3.6916174649069583e-05,-0.004092462808111036,-5.781151315243846e-05,0.1954418319776866,-0.012498163084392765,-1.6368876576423643,-1.6368876576423643,2.5111315011978155,2.5111315011978155,2.657670700550083,2.657670700550083,1.7479759156703945,1.7479759156703945,0.17091671705245962,0.27127036929130527,1.2893889725208294,1.2893889725208294,-0.2243515246046899,0.2655279211193845,1.030016023750967,0.5170255938478783,0.7957391418445301,0.10866387281995005,-0.2961011924774193
-0.254171366859429,0.35392504280834614,1.08,-0.19717609476549097,0.26179473827433786,1.0096906608812863,0.027196285922331503,-0.0037366802221674433,-0.020285128257518936,-0.40004942906662005,-0.4971687506954605,-0.5143977455524663,0.887055329340675,-8.034615844604948e-06,1.0029915932828517,-0.10057315220567221,-0.3226415098757865,-0.7105745080571596,0.0012831754987037334,0.0014437718431543557,0.0006023879270003048,-0.03664828163354271,4.8383919706692634e-05,0.06347566171847646,-0.0030010312321234493,-1.5844809770584105,-1.5844809770584105,2.535540890693665,2.535540890693665,2.6188192963600194,2.6188192963600194,1.6943979978561396,1.6943979978561396,0.16291258215904225,0.26326623439788793,1.2599094927310954,1.2599094927310954,-0.22437238068782248,0.2655314184965053,1.0299757891388053,0.5153166774020856,0.797410741837413,0.10829954989178464,-0.2947134850779968
-0.25416889602547527,0.3539301341387328,1.08,-0.1971916118063634,0.2618108160680922,1.0097317195836901,0.027172328788951844,-0.00374873808632048,-0.020319379978628538,-0.4000270119793645,-0.4966389245773674,-0.5147204804967106,0.8868811738372417,0.00011841220933945649,1.0004838995354315,-0.10059010452990687,-0.32357068484758555,-0.7106027859547667,-0.013474664062712374,-0.008199551343043548,0.004125435309967564,-0.0608590377238819,-0.00012146075308193193,-0.09217004160040342,1.2032392645417271e-05,-1.5648079395294188,-1.5648079395294188,2.566015720367432,2.566015720367432,2.6398271083831824,2.6398271083831824,1.6925839185714717,1.6925839185714717,0.12573058485984792,0.2260842370986936,1.305470544099809,1.305470544099809,-0.22436394059531525,0.2655595541544127,1.0300510995623187,0.5162257866248031,0.7964447482809307,0.10847350086275323,-0.29566907137863824
-0.2541696266763975,0.3539286285502041,1.08,-0.19724950938661995,0.26183638607702603,1.009847911209598,0.027074722505697674,-0.0037623546512627892,-0.02039274700410587,-0.4000349354504797,-0.4952136743401487,-0.5157595674788471,0.8862640492743591,0.0003345407178531165,0.9976105102174613,-0.10058146017145723,-0.33218840815269346,-0.7105918673544515,-0.02732940660450141,-0.015566753347246404,0.004503096254209669,-0.05454086367920547,9.572255736538799e-05,-0.24591247384089454,0.0004966912150263494,-1.6398441851139067,-1.6398441851139067,2.538230049610138,2.538230049610138,2.5969370961189306,2.5969370961189306,1.7513379096984858,1.7513379096984858,0.15170879244804372,0.25206244468688943,1.2340889990329753,1.2340889990329753,-0.22432423189231762,0.2655987407282888,1.0302406582137038,0.5196680221334641,0.7928857334986101,0.10904765619521362,-0.2989748635999274
-0.2541744872700997,0.35391861338960423,1.08,-0.19734145665017,0.2618642023233824,1.0100192545832203,0.02695270530133942,-0.003771448963304891,-0.020482228454002938,-0.4000797786154227,-0.49314810917399887,-0.5173664708402362,0.8855812547939932,0.0002949723502323539,0.9949060806944019,-0.10058303467679894,-0.3434043114871741,-0.7104200863304677,-0.03616123807350038,-0.011441377078271739,-0.0055559026925182005,-0.05397999545472123,-2.501297853982045e-05,-0.20488501127621206,0.006270398053023487,-1.670953506231308,-1.670953506231308,2.52122437953949,2.52122437953949,2.6639505028724706,2.6639505028724706,1.7539978861808772,1.7539978861808772,0.11828953504562367,0.21864318728446938,1.204817807674409,1.204817807674409,-0.22429416195150942,0.2656356512866873,1.0305014830372232,0.5240256260155419,0.788324676366309,0.1098451611481156,-0.3031095321551571
-0.2541794079668335,0.3539084755215176,1.08,-0.19742776225467484,0.26188908294302204,1.0101795013531527,0.026847013080497167,-0.003768918968029278,-0.02060089398474174,-0.40012356440063135,-0.49131580918387024,-0.5192384460477344,0.8852085903973186,-0.00013090373970963857,0.9921332848887062,-0.10059753303740451,-0.35116240334400345,-0.7100205504771891,-0.0324597910271166,-0.005269030995435909,-0.002142953005425254,-0.05888820530458575,-0.000590007750952278,-0.12089618243679429,0.002938331833344849,-1.675775122642517,-1.675775122642517,2.548458278179169,2.548458278179169,2.629562139511112,2.629562139511112,1.762510192394256,1.762510192394256,0.02539141058921804,0.12574506282806375,1.2304014205932627,1.2304014205932627,-0.224274775335172,0.2656580019110513,1.0307803953378945,0.5274552387712355,0.7846740623401449,0.11068023808434199,-0.30631270277444705
-0.25418290816782113,0.3539012649246285,1.08,-0.19744869268477852,0.2618871458518922,1.010209715351237,0.02670270547727832,-0.0037007190476062712,-0.020716130614749417,-0.4001549459324982,-0.49096380806948775,-0.5203111347824722,0.8849850910502925,-0.00011944478864214026,0.9894796536217401,-0.10060720748233294,-0.35377182535895557,-0.710064875289397,-0.011340414380784604,-0.002629987058841539,0.0005453955094902545,-0.04801313300252453,2.0953400908364697e-05,0.008793272910801057,-0.0027966986255206754,-1.6111200094223022,-1.6111200094223022,2.516536575555802,2.516536575555802,2.6279333293437994,2.6279333293437994,1.8118903875350947,1.8118903875350947,0.02539141058921804,0.12574506282806375,1.314855921268464,1.314855921268464,-0.22415139816205684,0.2655878648994985,1.0309258459659865,0.5292797029789318,0.7827321243823147,0.11107420193025547,-0.3079869139103796
-0.25418424692934477,0.353898507158473,1.08,-0.1974694697000463,0.2618926055190282,1.010247852598762,0.026665015139429316,-0.0036701659174117607,-0.0207253545703594,-0.40016581543436336,-0.4904883641425176,-0.5207171901473826,0.8847800187336778,-6.82426156076916e-05,0.9869109974011501,-0.10059957723822215,-0.3536421841660434,-0.7101047459400753,-0.007257783735870594,-0.004076533411817548,0.0009435531735961661,-0.05091780266418227,0.0001628844966965401,0.0001277874180908773,0.00013658276548436513,-1.6581502676010131,-1.6581502676010131,2.4462388575077063,2.4462388575077063,2.5516760170459785,2.5516760170459785,1.754257464408874,1.754257464408874,0.02539141058921804,0.12574506282806375,1.3794263362884531,1.3794263362884531,-0.22413448483947562,0.26556277143643997,1.0309732071691213,0.5300239902567123,0.7819081266442846,0.11120729529894391,-0.30875101410727657
-0.2541839778191653,0.3538990615020657,1.08,-0.1974894109792823,0.26190321610052403,1.0102904091630176,0.026638283574823562,-0.003664809588971474,-0.020741179192334203,-0.40016318896062536,-0.4899834686501414,-0.5210708437111322,0.8846033948725672,-4.157499838607214e-05,0.985271274852135,-0.10059673498876527,-0.35488260566258706,-0.7100963090344947,-0.006561603808220246,-0.003070360390358996,0.0001652865545730804,-0.01664523391763994,1.7653168435936181e-06,-0.041690009909135343,0.00013241235911815355,-1.5825078725814818,-1.5825078725814818,2.4771355688571934,2.4771355688571934,2.4993864893913305,2.4993864893913305,1.8332238078117364,1.8332238078117364,0.02539141058921804,0.12574506282806375,1.4062958121299753,1.4062958121299753,-0.22412769455410586,0.2655680256894955,1.0310315883553518,0.5308877946627105,0.7809552763884026,0.11137121977811121,-0.30961824423701756
-0.2541834708477174,0.3539001058284713,1.08,-0.19750768919364844,0.2619138411108506,1.0103304539699454,0.026608565006438434,-0.0036668138343981527,-0.02076512078202053,-0.4001586167116648,-0.48950465982768143,-0.5214224526799307,0.8844325173922496,-3.274067433650561e-05,0.9847999232328716,-0.1005960969945277,-0.35789314082778184,-0.7100800791742888,-0.0072724715716878776,-0.003608150173073017,6.836303725579548e-05,-0.003051477063295625,5.587484108651481e-06,-0.07184913023833057,0.0004606566745347845,-1.5884113013744354,-1.5884113013744354,2.439461833238602,2.439461833238602,2.4451651990413703,2.4451651990413703,1.7826990485191339,1.7826990485191339,0.02539141058921804,0.12574506282806375,1.4442810893058786,1.4442810893058786,-0.22411625420008688,0.26558065494524874,1.031095574751966,0.5319351646477449,0.7798163643512659,0.11155234415418244,-0.3106243599830137
-0.2541846659266195,0.3538976440672716,1.08,-0.1975186050441496,0.2619150110008054,1.0103486809702449,0.026593711021670907,-0.003661056945862551,-0.020769797181648952,-0.40016950279439434,-0.4893058932273527,-0.5215910588576811,0.8843530079616958,-4.2526010696490066e-05,0.9845766950409875,-0.10059717691465368,-0.3589837946944042,-0.7100724154053784,-0.00031785493782809373,-4.612382337542667e-05,-0.00012324129939185203,-0.005731715927023429,-1.260459564459716e-05,0.010694331982679472,5.718376333800182e-05,-1.542628437280655,-1.542628437280655,2.4427428424358375,2.4427428424358375,2.4807874143123665,2.4807874143123665,1.7587814927101129,1.7587814927101129,0.02539141058921804,0.12574506282806375,1.4779394507408152,1.4779394507408152,-0.2241123160658205,0.26557606794666794,1.0311184781518938,0.5323930681490152,0.7793210768021105,0.11162648982368772,-0.3110559547871082
-0.25418258209721084,0.35390193662275166,1.08,-0.19751813850342098,0.2619219845546307,1.0103556508091553,0.02658984014634788,-0.003663551295926548,-0.02077810081167053,-0.40014995860708047,-0.48921759513370133,-0.5216343533537684,0.8843363365426267,-3.261048477602524e-05,0.9845426550052684,-0.10059668031285121,-0.35960445383464307,-0.7100679050589177,-0.0017600804818387772,-0.0008459781367072522,0.00021124003368902026,0.0025716341247676838,1.411076030062452e-05,-0.02782249061093899,0.00011067671677042942,-1.5374960124492645,-1.5374960124492645,2.4426713466644294,2.4426713466644294,2.4999384582042734,2.4999384582042734,1.784196245670318,1.784196245670318,0.02539141058921804,0.12574506282806375,1.3943422436714183,1.3943422436714183,-0.22410797864976886,0.2655855358505573,1.0311337516208259,0.5325671212118018,0.7791288617280747,0.11166270360835634,-0.3112264751742069
-0.25418268868840316,0.35390171704674217,1.08,-0.19751454273131988,0.2619198707207444,1.0103477375786791,0.026598368383974613,-0.0036541845880858626,-0.020764279847097278,-0.4001514390517773,-0.4893300666990772,-0.5215462551256401,0.8843919391206941,-4.624448910200007e-05,0.9843076227030788,-0.10059830713550123,-0.357944089304703,-0.7100675947278489,0.004942094897799824,0.0028658387093345086,-0.00024929261827122027,-0.01150695512491007,-4.295582899846282e-05,0.07726601256232948,-6.043110547643698e-05,-1.4872641146183014,-1.4872641146183014,2.485833454132081,2.485833454132081,2.4431963860988657,2.4431963860988657,1.7294468462467187,1.7294468462467187,0.02539141058921804,0.12574506282806375,1.393345206975938,1.393345206975938,-0.2241129111152945,0.26557405530883027,1.0311120174257764,0.5321968361983339,0.7795302968237667,0.11160535760650028,-0.3108750360319386
-0.2541785571197827,0.3539102283980616,1.08,-0.19750791553104666,0.26193092981137495,1.0103496519733832,0.026601910006926244,-0.0036639236889879356,-0.02077783226916785,-0.4001134607265824,-0.489283364401622,-0.5215336436803643,0.8843914518150796,1.2860256413410267e-06,0.9834876395929245,-0.10059617675465783,-0.3574041788841866,-0.7100602552682219,-0.0038449664073574035,-0.0027194236058037014,0.0014599346019561052,-0.02033953254285908,4.07853963904243e-05,-0.032588864108967205,0.0005023769816665973,-1.4675303041934968,-1.4675303041934968,2.510819911956788,2.510819911956788,2.402170830965046,2.402170830965046,1.707200932502746,1.707200932502746,0.02539141058921804,0.12574506282806375,1.4276112258434306,1.4276112258434306,-0.2241098255379729,0.2655948535003629,1.031127484242551,0.5321817543270939,0.7795277489824475,0.11162939691387311,-0.3108986115638664
-0.25417470841441697,0.3539181577524293,1.08,-0.19752527817977478,0.2619526560688902,1.010400604727629,0.026546301613358553,-0.0036809448204772055,-0.020827305809140384,-0.4000787593688355,-0.48865090146728524,-0.5219519239005322,0.8839803466715727,0.0002370919201210818,0.982077831130666,-0.10059679622507424,-0.36304605026319126,-0.7100491350283433,-0.012538115448509515,-0.01360184125205567,0.0077046256778096145,-0.035205896375300125,-2.2084485288622666e-05,-0.18667242683653598,0.00010980172420784615,-1.4008416712284089,-1.4008416712284089,2.5122871875762947,2.5122871875762947,2.416931289434437,2.416931289434437,1.6872430026531213,1.6872430026531213,0.02539141058921804,0.12574506282806375,1.4508323848247537,1.4508323848247537,-0.22407157979313333,0.2656336008893674,1.0312279105367694,0.5341636400128934,0.7773582426620348,0.11193825836950141,-0.3128149525946158
-0.2541744847699059,0.35391861854091994,1.08,-0.19756912317965458,0.2619747090389341,1.010493242565007,0.026434017305130952,-0.0036954643614098837,-0.02089853368753447,-0.40007852047532044,-0.48753110943435224,-0.522794184597608,0.8831729495347667,0.0006046330635032536,0.9798830324545448,-0.10059516372631463,-0.373611843334767,-0.7100118225845694,-0.020423612708108326,-0.017532473202121708,0.006450990981328115,-0.05209765129078858,4.5543584907055286e-05,-0.22414970710673443,0.001824074379690165,-1.4852369606494904,-1.4852369606494904,2.5045576393604287,2.5045576393604287,2.4425924718380014,2.4425924718380014,1.6926792800426478,1.6926792800426478,0.02539141058921804,0.12574506282806375,1.4449747741222392,1.4449747741222392,-0.22400314048478553,0.265670173400344,1.0313917762525415,0.5379203122653309,0.7732229058505496,0.11249292481763501,-0.3164070438317947
-0.25417614398904387,0.35391520000615867,1.08,-0.19763141232989015,0.26199920987248215,1.0106176832727407,0.026311288645451847,-0.0037072861820560687,-0.020979267971103832,-0.4000934441731462,-0.486034338743865,-0.5239768932418657,0.8823060864378519,0.000824519998442291,0.976817276973286,-0.10059371944807566,-0.38446946885623434,-0.7098516664711835,-0.02650860761115934,-0.01691262902638173,0.002353005543462206,-0.06968086111517943,1.716032045905477e-05,-0.20779533238997755,0.004532344647327884,-1.4938489377498627,-1.4938489377498627,2.529462784528733,2.529462784528733,2.50415745377541,2.50415745377541,1.6694887578487392,1.6694887578487392,0.0675798761844634,0.1679335284233091,1.5256297171115885,1.5256297171115885,-0.223942700975342,0.2657064960545382,1.0315969512438445,0.5420653059716688,0.7685796139952247,0.11317874279866577,-0.32037658027906163
-0.25417779428650406,0.35391179998160727,1.08,-0.1977060910557507,0.26202975763089165,1.0107687760875415,0.026187231036618852,-0.003718230515447174,-0.02106743936847244,-0.4001084021952547,-0.48422697964648137,-0.5254387253973744,0.8814364871176771,0.0008598677782440896,0.9733939910600119,-0.10058602131854164,-0.39547362997088836,-0.7095420616182877,-0.031284138887708465,-0.017375489244763107,-0.0008433118353764861,-0.06772574436697804,6.763927880610828e-05,-0.22419416573158926,0.007714423977421403,-1.5120100855827332,-1.5120100855827332,2.4599905788898475,2.4599905788898475,2.469390958547596,2.469390958547596,1.710101300477981,1.710101300477981,0.10380738854408254,0.20416104078292824,1.5570747673511514,1.5570747673511514,-0.22389332209236956,0.2657479881463388,1.031836215456014,0.5463623033832116,0.7636809978818093,0.1139728324909205,-0.3244838368394215
-0.25418113999300473,0.35390490738501434,1.08,-0.19778509997877305,0.2620565569916586,1.0109231569510546,0.02609057747198215,-0.003720300898532647,-0.021140281486244916,-0.4001389470667064,-0.48239716843020286,-0.5270106688271302,0.8807553241437472,0.0006240274968512988,0.9693004244342017,-0.10058946299304596,-0.40282179755098935,-0.7090133692575035,-0.03141663996454696,-0.009694701417559242,-0.008532767646278248,-0.09260877424171701,-3.561836712328761e-05,-0.07600239038895854,0.013401375038380344,-1.4660945773124696,-1.4660945773124696,2.4730244457721717,2.4730244457721717,2.512567323446278,2.512567323446278,1.6446345984935755,1.6446345984935755,0.03750235915184011,0.13785601139068582,1.5796343624591835,1.5796343624591835,-0.2238756774507552,0.26577685789019123,1.0320634384372995,0.5498963260676909,0.7595846539409172,0.1147614753463764,-0.3278337808265583
-0.2541840219402427,0.3538989706162453,1.08,-0.19785581763213198,0.2620809380802045,1.0110623657946636,0.026061145329674157,-0.0037134938664893924,-0.02118225874122648,-0.40016455039330306,-0.4807536390603164,-0.5285422014695151,0.8805269086680059,-3.256236171489015e-05,0.9646532854313772,-0.10058935347178706,-0.40293802165355497,-0.7081677699270258,-0.029897808581608426,-0.00011752421708815023,-0.017143342969430753,-0.09325363734916377,2.408596896450078e-05,0.06284457929498319,0.020291825101040634,-1.4333149433135988,-1.4333149433135988,2.4959963023662572,2.4959963023662572,2.4772902190685313,2.4772902190685313,1.6950735747814174,1.6950735747814174,0.056176422834396264,0.15653007507324196,1.515391010046006,1.515391010046006,-0.22391696296180613,0.2657944319466939,1.03224462453589,0.55155889729306,0.7576210286900462,0.11545288502660472,-0.329338414161685
-0.2541844373386046,0.353898114933998,1.08,-0.19786218819660645,0.26208259702082665,1.0110743282504706,0.02599306713336838,-0.0036854147260442782,-0.02127640077602244,-0.40016717931686646,-0.4806539844331226,-0.529343714316584,0.8804478517126967,-0.00013572732388227545,0.9598564828881858,-0.10060760157506089,-0.3997241158209396,-0.7078451402006279,-0.007422282594327254,-0.004629619720626576,0.0018982092513347448,-0.09280185844916998,5.043460637330814e-05,0.06649757461461113,0.00020621678912166008,-1.5020026922225953,-1.5020026922225953,2.466602116823197,2.466602116823197,2.4958125770092052,2.4958125770092052,1.7222710192203516,1.7222710192203516,0.056176422834396264,0.15653007507324196,1.5838096797466286,1.5838096797466286,-0.22385525532997483,0.2657680117468709,1.032350729026493,0.5521383032284056,0.7569179680211955,0.11582043775871381,-0.3298546801124731
-0.2541827763954851,0.35390153637207405,1.08,-0.19788081020782466,0.2620973694839751,1.0111205151060396,0.025968959789947565,-0.003660893521323816,-0.021275271174650445,-0.4001518899256591,-0.4801007940159318,-0.5296857016824633,0.8802059147164214,-4.647726736184483e-05,0.9557306140612978,-0.10059695481398907,-0.39761338134661023,-0.7078374511643524,-0.007350912421420513,-0.004403007774603976,0.0011095326905026309,-0.07261355222844573,0.0001146819279111578,0.024931386153274608,0.0002737930693601272,-1.4673230051994324,-1.4673230051994324,2.5145837366580968,2.5145837366580968,2.552215427160267,2.552215427160267,1.7239540755748743,1.7239540755748743,0.06647465109825125,0.16682830333709694,1.6379323780536659,1.6379323780536659,-0.22384976999777223,0.2657582630052989,1.03239578628069,0.5526881040609962,0.7562165520706364,0.11595260214737249,-0.3304956581547071
-0.254178977356211,0.3539093626417508,1.08,-0.19790638280159326,0.26212289387213145,1.011189963926773,0.025922946492157234,-0.003663667489952782,-0.021312500408789292,-0.4001173104801062,-0.4792604468313721,-0.5302060937150753,0.879846545913831,6.094053691968895e-05,0.9524872390532657,-0.10059570892669616,-0.399788597967121,-0.7078289649156926,-0.013022826981574021,-0.009527019493012222,0.002510699130742389,-0.05766743365299106,8.571747463785321e-06,-0.0908381460251302,0.00013542679269408243,-1.4066117525100708,-1.4066117525100708,2.527768331766129,2.527768331766129,2.5475925743579904,2.5475925743579904,1.704782444238662,1.704782444238662,0.0920578944683074,0.1924115467071531,1.6289119601249702,1.6289119601249702,-0.2238293292937505,0.26578656136208423,1.0325024643355623,0.554161719054946,0.7544229869298273,0.11622417374166791,-0.3320281424277333
-0.2541820644653837,0.3539030029429549,1.08,-0.19793944866715846,0.2621282916421082,1.0112486908745577,0.025889347790530648,-0.0036540290006055742,-0.021329654591309533,-0.4001476373047149,-0.4785922286516327,-0.5307732630769435,0.8796204510830472,-4.7999859398012944e-05,0.950778443850961,-0.10059550828895593,-0.4014877927148947,-0.7077239633052305,-0.005798399279611017,-0.0011326366309994877,-0.0020756234994478975,-0.015253199509886102,-0.000323979474619426,0.002129648724926968,0.0008812997914066755,-1.434974581003189,-1.434974581003189,2.5366885960102086,2.5366885960102086,2.584503799676899,2.584503799676899,1.7863230049610133,1.7863230049610133,0.0920578944683074,0.1924115467071531,1.650266921520234,1.650266921520234,-0.2238287964576891,0.2657823206427138,1.0325783454658672,0.5552614171423845,0.7531006794957724,0.11645585757660956,-0.3331098293538237
-0.25418480388516534,0.35389735988869486,1.08,-0.19793572962310668,0.26211703373113565,1.011230021711512,0.025903935731801025,-0.0036344388561019847,-0.021301628423508356,-0.40017077256988487,-0.47885155873883056,-0.5306078961745285,0.8797421627001571,-7.570671621977111e-05,0.9511688928828349,-0.10060196230223901,-0.3993531206617717,-0.70776561996736,0.009983932314501402,0.005814274085879452,7.164493936661091e-05,0.028394639054598464,3.264904038092292e-06,0.07037249232368344,-0.0018832919467971583,-1.5046088635921477,-1.5046088635921477,2.516577404737473,2.516577404737473,2.566254073381428,2.566254073381428,1.841866141557693,1.841866141557693,0.0920578944683074,0.1924115467071531,1.5881049215793617,1.5881049215793617,-0.2238396653549077,0.26575147258723764,1.0325316501350204,0.5546148270342354,0.7538785701394659,0.11633315498472024,-0.33246968609116984
-0.2541808187931997,0.3539055690760946,1.08,-0.1979060021260525,0.2621163542925585,1.0111819657321992,0.025932171077355043,-0.0036398206583322934,-0.021286639425454057,-0.4001335681194539,-0.47941539581497733,-0.5301489552586744,0.879957877515378,-4.6252638140442625e-05,0.9534017455260272,-0.10057674866959726,-0.3986180879522462,-0.7078222798051399,0.008016106306314288,0.003377041573550517,0.00044430506660840286,0.059538731852623976,0.00018883662286064474,-0.021456405867728255,-0.0002033763756769583,-1.5184909999370575,-1.5184909999370575,2.4646929323673255,2.4646929323673255,2.6317923605442086,2.6317923605442086,1.7891359388828272,1.7891359388828272,0.16425464034080495,0.2646082925796507,1.4975526332855231,1.4975526332855231,-0.22383817320340754,0.26575617495089077,1.0324686051576533,0.5537084131790765,0.7549785178358899,0.11615436718763877,-0.3315457642080069
-0.2541811228432793,0.35390494271436607,1.08,-0.1978748778453595,0.26210019654615135,1.0111142922068115,0.0259707052674667,-0.0036344825877985265,-0.021250399592229963,-0.40013792725704433,-0.48023899949426846,-0.5295922381426614,0.88022443555888,-4.5751407685137544e-05,0.9558862556736046,-0.10056668963909211,-0.3964704955592608,-0.7078273872610402,0.013943046655016349,0.007344004382419855,-2.7465866294991412e-05,0.038561995371006984,7.571001784195487e-05,0.09466833602420403,-6.88941273136e-05,-1.4985433399677277,-1.4985433399677277,2.459872370958329,2.459872370958329,2.6554693281650583,2.6554693281650583,1.6966481566429132,1.6966481566429132,0.19681984066963185,0.2971734929084776,1.5571134805679328,1.5571134805679328,-0.2238455831128262,0.2657346791339499,1.0323646917990414,0.5524375039715268,0.7565263385909853,0.11591097922919988,-0.33022015098711827
-0.25418099314952347,0.3539052098908894,1.08,-0.1978320923615427,0.26207987511247594,1.011023606341175,0.02604145703717331,-0.0036262027525947316,-0.02119801198644833,-0.40013586961311476,-0.48131789268125325,-0.5288206991923794,0.8806748553082985,-4.7449690529959675e-05,0.9566982721861136,-0.10057345001237546,-0.3890421456323845,-0.7078323383509862,0.016022004187698953,0.009690506259076503,5.057420925325258e-05,-0.00289103357536587,-7.142756115288973e-05,0.18390912767228348,-0.00010448385382648482,-1.5733021676540375,-1.5733021676540375,2.5047487080097204,2.5047487080097204,2.7265067279338875,2.7265067279338875,1.6152650773525232,1.6152650773525232,0.17389562010765064,0.27424927234649643,1.475220304727555,1.475220304727555,-0.223873549398716,0.26570607786507067,1.0322216183276234,0.5500609425438345,0.7593222813574576,0.11553296020606332,-0.3278944458631748
-0.2541756897848416,0.35391613580266074,1.08,-0.19779640668151932,0.2620808610696596,1.010968290805104,0.026096354623255602,-0.0036303625476983847,-0.021172893612512844,-0.4000870879803506,-0.4819442182629369,-0.5282642239536681,0.8810222694233678,-2.1329002415371948e-05,0.9565065392772593,-0.10058822814293508,-0.3831487508011269,-0.7078351067273451,0.006507375419710178,0.0041183035580749355,0.0003588604499057699,-0.004541699978152011,-9.923391460526441e-05,0.06986078894267003,-4.581959582801988e-05,-1.4941942632198335,-1.4941942632198335,2.515490680932999,2.515490680932999,2.6889026403427163,2.6889026403427163,1.694420307874679,1.694420307874679,0.10930340170860278,0.20965705394744857,1.422139465808869,1.422139465808869,-0.22389276130477492,0.265711223617358,1.032141184417617,0.5482903869732342,0.7613602924370108,0.11528281636279814,-0.32621776301181427
-0.2541724351292906,0.35392284165082744,1.08,-0.1977874182148073,0.2620877350349556,1.0109618112950804,0.026111387833502864,-0.0036353380103067434,-0.02117228630680268,-0.4000590962577596,-0.4820031335506785,-0.5281593076251984,0.8811077581105097,-1.3134109233176039e-05,0.9557418550783969,-0.1005842917181806,-0.38103403889712395,-0.7078367644725837,-0.0013674290622410355,-0.00018191988407021537,8.478741481435194e-05,-0.02485864660988686,6.173325560779728e-05,0.02249132062617558,4.470250416269433e-06,-1.4781150043010713,-1.4781150043010713,2.574893039464951,2.574893039464951,2.721853744983677,2.721853744983677,1.6235372900962823,1.6235372900962823,0.14261315941810596,0.24296681165695175,1.3640980958938604,1.3640980958938604,-0.22389880604831017,0.2657230730452623,1.0321340976018831,0.5478319709871385,0.761868551524332,0.1152394525151886,-0.32581637519707735
-0.2541745390286464,0.35391850674809544,1.08,-0.19779188739710404,0.26208264044652435,1.0109631497736618,0.026122275726182004,-0.0036253408528244546,-0.021159483451285155,-0.4000791804052727,-0.4819949522119618,-0.5281723858725907,0.881149296248176,-3.0919044662903665e-05,0.9538110624247007,-0.10059131226780593,-0.3774325285612839,-0.7078398679199559,0.0007610362311277046,0.0016458001705004558,-0.0003289623205044376,-0.051369683980307744,-9.243511637629745e-05,0.10448618792459419,-0.00010624010020769255,-1.5149680197238924,-1.5149680197238924,2.588986545801163,2.588986545801163,2.7422379255294835,2.7422379255294835,1.6483756303787225,1.6483756303787225,0.10804463505744921,0.208398287296295,1.3946191906929022,1.3946191906929022,-0.22391416312328605,0.2657079812993488,1.032122633224947,0.5473680815316168,0.7623732651468742,0.1151962261337475,-0.32543051085329056
-0.2541724382870391,0.35392283514440337,1.08,-0.19779676321856973,0.262092259523065,1.0109816596831025,0.026124418973919705,-0.0036307567510334704,-0.02117266670401552,-0.4000587175010727,-0.48175368006405594,-0.5282984078459024,0.8811340038503311,-1.991132907805308e-05,0.9513205752736346,-0.10058734032054484,-0.374979353537233,-0.7078434245247989,-0.0057608272091205295,-0.0021598506485866506,0.00022298684323875025,-0.04801165228657791,4.980165272238137e-05,0.010021308955956931,-5.8561550047049063e-05,-1.5326833546161653,-1.5326833546161653,2.5952327311038976,2.5952327311038976,2.697371971607212,2.697371971607212,1.6717151999473565,1.6717151999473565,0.14215462088584888,0.24250827312469467,1.4626250505447393,1.4626250505447393,-0.22392118219248944,0.26572301627409844,1.032154326387118,0.5472924066502676,0.7624085529379776,0.1152423602346122,-0.32545878147245205
-0.25417078455250997,0.3539262426675645,1.08,-0.1978245254152395,0.2621114422145951,1.0110471555896139,0.026082500153143923,-0.0036395738478242623,-0.021212108731863077,-0.40004463408374247,-0.48095302070793505,-0.5288215555539207,0.8808650783161869,2.9306450060816586e-06,0.9495706633989734,-0.100597044147989,-0.37830257763898684,-0.7078417552256157,-0.014495918471536303,-0.007937356469950255,0.00016814370296561792,-0.023467435125308814,-6.908274438187394e-05,-0.1256852183094039,6.033077527079511e-05,-1.476620000600815,-1.476620000600815,2.5821436822414405,2.5821436822414405,2.657571434974674,2.657571434974674,1.7030997514724724,1.7030997514724724,0.07374280571937548,0.17409645795822126,1.4044078230857855,1.4044078230857855,-0.22390702556838343,0.26575101606241935,1.032259264321477,0.5486950951560277,0.760751142559931,0.11549438410706653,-0.32688291311294776
-0.2541752755983899,0.3539169891590989,1.08,-0.19786842767884294,0.26211724704461126,1.0111232946232274,0.02601932755731487,-0.0036368360148450463,-0.021246513755010188,-0.4000870811731655,-0.4800619748725117,-0.5295285575128587,0.8804685168750316,-2.3183293055225843e-05,0.9487979763241947,-0.10059764080055773,-0.384250370064581,-0.7078365780502754,-0.01240867375759804,-0.007390204213998238,-0.00034859605921052955,-0.009164482906768606,-4.724769702213552e-06,-0.1125047169211214,6.871433931949913e-05,-1.545710438489914,-1.545710438489914,2.5184285461902625,2.5184285461902625,2.684804272651676,2.684804272651676,1.729361391067504,1.729361391067504,0.08465514063835132,0.1850087928771971,1.3959286510944373,1.3959286510944373,-0.2238877552361578,0.2657540830594563,1.0323698083782376,0.5506987007226543,0.7584149757943034,0.11580202595017841,-0.3288275479626686
-0.254182298631042,0.35390252056075155,1.08,-0.19789223118277402,0.26210456251327857,1.011146764048649,0.025990460784759528,-0.003624466195484344,-0.02124853617770972,-0.40014993453812797,-0.47981671950514443,-0.5298400603454333,0.8802670070657339,-5.26214029431174e-05,0.9484613135514084,-0.10058409643838029,-0.38631068599404916,-0.7078358349000725,-0.0003309691723559281,-0.0002617860641323151,-0.0004979021118083747,-0.005285384611447151,7.724037439985598e-05,0.021126839390320132,-5.960965539540668e-05,-1.5577433347702028,-1.5577433347702028,2.44755187034607,2.44755187034607,2.704769372940067,2.704769372940067,1.7114102661609643,1.7114102661609643,0.14097542643547045,0.24132907867431624,1.3583471477031714,1.3583471477031714,-0.22388269196753355,0.2657290287087629,1.0323953002263586,0.5515113130833845,0.7574755036743834,0.11590844149027663,-0.32959272756779007
-0.25418552562869784,0.35389587319547466,1.08,-0.19787897634444102,0.26208699115357725,1.0111058975213636,0.02601941291191759,-0.00360874508889808,-0.02121465319313276,-0.40017793252255734,-0.4803329012416117,-0.5295457128877499,0.8804216851764018,-6.908148385235998e-05,0.9482142958828662,-0.1005603962653462,-0.38206984899519225,-0.7078412232174424,0.011455551483418898,0.0065631530500746636,-0.00013945505411481958,-0.004637950584025155,0.00016317908088128274,0.14346549955018903,-0.00010338549674155592,-1.5890798807144166,-1.5890798807144166,2.4061325550079355,2.4061325550079355,2.6729285597801242,2.6729285597801242,1.7081549823284141,1.7081549823284141,0.2169933187961577,0.31734697103500353,1.3412028610706337,1.3412028610706337,-0.2238983892563586,0.26569573624247533,1.0323205507144964,0.5504324967056797,0.7587436432398952,0.11573692258873094,-0.3285378443392672
-0.25418462106929485,0.353897736468342,1.08,-0.19783702423977712,0.26206974673094596,1.0110200143880685,0.02608889610083842,-0.0036015553304500347,-0.021167395279376278,-0.4001681255480583,-0.4813634976554417,-0.5288057448135007,0.88085396220079,-6.287513312886184e-05,0.9484426255575118,-0.10056483390745802,-0.3742275538690099,-0.7078458465380254,0.017014275885735366,0.009695492314391404,0.0002172111873821449,0.013108362415183443,-6.750105977999435e-05,0.16327806892188423,-9.110489185110928e-05,-1.5233209729194643,-1.5233209729194643,2.4473312497138986,2.4473312497138986,2.5822344660759007,2.5822344660759007,1.7459897220134728,1.7459897220134728,0.19230870485305773,0.2926623570919036,1.250990444421769,1.250990444421769,-0.22392592034061554,0.265671302061396,1.0321874096674448,0.5480819623553875,0.7614752214836165,0.11537752766734746,-0.3262662650604796
-0.254180468696292,0.35390629030249277,1.08,-0.19778963028385618,0.2620610736067989,1.0109353739136904,0.026153268924095613,-0.0036023004204495668,-0.02112849054150967,-0.4001305873872548,-0.48235757150175074,-0.5280517483649269,0.8812527725074676,-4.4399766209528665e-05,0.9496951404915782,-0.10055061936756494,-0.36848920036821503,-0.7078494838253153,0.013182035772282582,0.006740688267551125,0.0002330708057140309,0.03584683577089845,0.00012296603131711783,0.07882233615075218,-5.50798633285063e-05,-1.5529506623744966,-1.5529506623744966,2.4291569530963906,2.4291569530963906,2.5742759048938786,2.5742759048938786,1.7697892010211937,1.7697892010211937,0.2437423515319823,0.34409600377082816,1.180740004777909,1.180740004777909,-0.2239428992079518,0.2656633740272485,1.0320638644552,0.5459755985360879,0.7639144850803714,0.1150461996847506,-0.3242062263832208
-0.2541766506072411,0.35391415623261524,1.08,-0.19775936371028754,0.2620595642843926,1.0108859432021464,0.026181076025548505,-0.003608465368293734,-0.021111633609480762,-0.400096486259169,-0.48292404115782406,-0.5275946542324366,0.881464154952862,-2.873186387494158e-05,0.9525679704178933,-0.10055435375060724,-0.3687232143391397,-0.7078507814556038,0.005626415194241492,0.00197059079393577,0.00012627544769291187,0.07454110865062123,-6.32169759344736e-05,-0.06838172164277666,-2.6388186584226018e-05,-1.538487929105759,-1.538487929105759,2.4266710579395303,2.4266710579395303,2.599214524030689,2.599214524030689,1.7969478547573083,1.7969478547573083,0.21695305585861194,0.3173067080974578,1.136223906278611,1.136223906278611,-0.22394043973583605,0.2656680296526863,1.0319975768116272,0.5451363254118065,0.7649168843685411,0.11487574611255041,-0.32331425839192723
-0.2541784873140819,0.35391037221011706,1.08,-0.19773963423317664,0.26204364610925424,1.0108370439915668,0.026197308932083663,-0.0036042266039369997,-0.021085400633072293,-0.4001148184890631,-0.48352205804397,-0.5272168237482575,0.8816093563108334,-4.4910928598832765e-05,0.9561559019017789,-0.10055631914814116,-0.3702065612704987,-0.7078530408653626,0.009616749145334275,0.003969804193352538,-0.0002571535857013319,0.06897974234092608,-1.472424269521752e-05,-0.0034694928164822744,-4.6284741659607155e-05,-1.5204152524471286,-1.5204152524471286,2.4163004934787757,2.4163004934787757,2.6791058003902473,2.6791058003902473,1.7300096273422234,1.7300096273422234,0.22061757326126086,0.32097122550010676,1.0542225778102883,1.0542225778102883,-0.2239369431652603,0.26564787271319124,1.0319224446246391,0.5445867029206465,0.7656119691954255,0.11471560204046954,-0.3226514625338232
-0.25418146709559664,0.3539042335388279,1.08,-0.19770338237516533,0.2620157597209453,1.010748894760366,0.026246280715454262,-0.0035956890408036513,-0.021037056047845892,-0.40014121854673385,-0.48459327837725236,-0.5265130390095449,0.8819555622552072,-6.059220546550977e-05,0.9593740146341518,-0.10058142273157152,-0.36738063550726263,-0.7078570347877223,0.018039435144036532,0.008834854549375132,-0.00014261167688048925,0.06035812598344262,-0.0001725287151040718,0.10091288102502281,-0.00010218307310577743,-1.5326236307621006,-1.5326236307621006,2.4314403593540197,2.4314403593540197,2.6771786391735115,2.6771786391735115,1.7312315583229059,1.7312315583229059,0.1603130030632018,0.2606666553020477,1.1335708677768714,1.1335708677768714,-0.2239496630906196,0.26561144876174897,1.031785950808212,0.5428854416595632,0.7676047669517574,0.11437940793149973,-0.32089822378486094
-0.25418352083410967,0.3539000028593945,1.08,-0.19763910828067408,0.2619774658930328,1.0106055464045298,0.02633864459474078,-0.003583818696011487,-0.020959891341830295,-0.400159719278716,-0.4863285130923585,-0.525346744336062,0.8825214655935514,-6.660972638670987e-05,0.9621603241771467,-0.1005827567113924,-0.35912195486932486,-0.7078606775196329,0.028170804670791208,0.01369824344940358,-5.94381378970569e-05,0.05147947687459572,1.0241388866696574e-05,0.2221941433173332,-5.8945238031499925e-05,-1.4808758556842807,-1.4808758556842807,2.425596117973328,2.425596117973328,2.7416373670101204,2.7416373670101204,1.7384741902351373,1.7384741902351373,0.14913246512413014,0.24948611736297605,1.055599921941758,1.055599921941758,-0.22397775287541485,0.26556128458904427,1.0315654377463601,0.5396847728416675,0.7712566130989875,0.11382023114180373,-0.317723996098411
-0.25417878259595006,0.353909763878957,1.08,-0.19756801285467623,0.2619593218233162,1.0104744719636565,0.02643086241437781,-0.0035867117712969354,-0.02090264030791844,-0.4001146539632115,-0.4878505411951929,-0.5242106366588487,0.8830679337573729,-3.096602941641503e-05,0.9643730447851008,-0.1005860450710536,-0.3514314728059122,-0.7078592271313005,0.017033686264805364,0.00805971045420674,0.0005799972817882063,0.0382255822909495,-3.5116870395287075e-05,0.10369404972099275,5.2461008040196e-05,-1.4971783459186556,-1.4971783459186556,2.3978411436080935,2.3978411436080935,2.6634699583053627,2.6634699583053627,1.7086951255798333,1.7086951255798333,0.11798979520797719,0.2183434474468231,0.971968227624894,0.971968227624894,-0.22399887526905404,0.26554603359461315,1.031377112271575,0.5366232737514489,0.774685741449782,0.11331159845049019,-0.3147347227734395
-0.2541741949966074,0.3539192155821076,1.08,-0.19753519851478343,0.26195924493086464,1.010423311077042,0.02646446301236996,-0.003592790132906254,-0.020883540259282407,-0.4000748317096087,-0.48842458581992865,-0.5237336792755327,0.8832611517330536,8.091672818941578e-06,0.966046382396449,-0.10058521427000806,-0.3499902045815406,-0.70785295572563,0.003150854165127631,0.0007718483360973945,0.0002954923634126878,0.02884765398258318,4.4719773705780064e-05,-0.022454927744300083,0.0003936566095005438,-1.4571289122104647,-1.4571289122104647,2.352589571475983,2.352589571475983,2.6204378485679665,2.6204378485679665,1.7081497669219963,1.7081497669219963,0.12111061096191396,0.22146426320075988,1.0042564570903787,1.0042564570903787,-0.2239996615271534,0.2655520350637709,1.0313068513363244,0.5355929820395038,0.775843453355585,0.11312653681579476,-0.313702853259859
-0.25417417890854654,0.3539192487296357,1.08,-0.19753708426897626,0.26196021576499195,1.01042731761984,0.026452246201949275,-0.003601816117845047,-0.020895215353381014,-0.4000759089924417,-0.4883596614627259,-0.5238187204836464,0.8831896175846837,-8.277922838316756e-07,0.9675672990212656,-0.10058485182832208,-0.35347579640832866,-0.7077974589298762,-0.005481337565938561,-0.0032386685251772265,-0.0008081680638515555,0.030431931001993855,1.9175160098970138e-05,-0.10101176504970535,0.002608462793180569,-1.4518982231616977,-1.4518982231616977,2.393310940265656,2.393310940265656,2.6299555659294165,2.6299555659294165,1.730864775180816,1.730864775180816,0.09598054170608511,0.196334193944931,0.9999019265174874,0.9999019265174874,-0.22398933047092554,0.265562031882837,1.031322532973221,0.5361548969266945,0.775254616821775,0.11320289665647024,-0.3141708289874043
-0.25417578193948936,0.35391594593573855,1.08,-0.1975543239175987,0.26196304443786006,1.0104572752468588,0.026413416482884977,-0.003612313424042335,-0.02092322295017235,-0.4000902203155465,-0.4879935093414626,-0.5242104168031533,0.8829275610322072,-8.44945292092573e-06,0.9688183665113529,-0.10059250657176497,-0.35982635588516043,-0.7076041383665911,-0.009788398093879533,-0.006766637257230061,-2.3282998143802415e-05,0.019953698794792335,-6.391510491063685e-05,-0.14242811275347042,0.005102342449308669,-1.425741392374039,-1.425741392374039,2.4350445151329048,2.4350445151329048,2.605377870798115,2.605377870798115,1.706344956159591,1.706344956159591,0.03232776403427115,0.13268141627311705,1.0351894140243538,1.0351894140243538,-0.22396774040048367,0.2655753578619024,1.0313804981970311,0.5377013787024286,0.7735933097415368,0.11346674720059924,-0.3155248258764397
-0.25418009712212397,0.35390705578000337,1.08,-0.19756940274198334,0.26195545511497703,1.010472355764718,0.02638651925321922,-0.0036071107706745487,-0.020926915786587452,-0.4001296373006197,-0.4878344409638085,-0.5244964566535845,0.8827154338610836,-3.497420296460427e-05,0.9693022885676564,-0.1005954857335149,-0.3632326280573951,-0.7073930649053644,-0.0012396015898678064,-0.0011648399359660856,-0.0005331067495285824,0.0005934244766017222,-5.6349865556320945e-05,-0.0027735405233625388,0.002196201192549825,-1.4245851933956148,-1.4245851933956148,2.4477929949760444,2.4477929949760444,2.6578641712665596,2.6578641712665596,1.6924611151218407,1.6924611151218407,0.06737112283706656,0.16772477507591246,1.071923756599427,1.071923756599427,-0.22395592199520256,0.2655625658856516,1.0313992715513054,0.5387119307129072,0.7725192960591697,0.11365418369949021,-0.3163639035215926
-0.2541825973640958,0.35390190517320025,1.08,-0.19756443590328676,0.2619444064395088,1.010452393122243,0.026403403643621398,-0.0035934216018457255,-0.0209026627798492,-0.4001512627430198,-0.48808983231586517,-0.524354305786822,0.8827994292646025,-5.720868559132908e-05,0.9686750829850744,-0.10059789103511992,-0.36008948715614014,-0.7073715703485919,0.0068327412552945475,0.004096312843658781,-0.00029942970594261153,-0.024683909383629785,-4.498934730210148e-05,0.12309722000322205,-5.209561426523244e-05,-1.505346339941025,-1.505346339941025,2.4349289536476144,2.4349289536476144,2.6057749211788215,2.6057749211788215,1.6837048709392541,1.6837048709392541,0.06737112283706656,0.16772477507591246,1.0080447435379036,1.0080447435379036,-0.22396783954690816,0.2655378280413545,1.0313550559020923,0.5380335073646891,0.7732726832000943,0.11355597427580713,-0.3157124373154306
-0.25418096657645955,0.3539052646330122,1.08,-0.1975428378603672,0.26193955620602716,1.0104134283026507,0.02644991629447152,-0.003585179870978117,-0.02087431110355431,-0.40013506606724353,-0.4885487512670539,-0.5239888705185626,0.8830319051566287,-4.97296306388093e-05,0.9661839908123654,-0.10059773624655342,-0.3521421982449892,-0.707372956071801,0.006435667311631891,0.004478690606643024,0.0003419964184641665,-0.0715937487192071,2.0517424746275763e-05,0.18109188158322084,-7.669644595189209e-06,-1.4932597458362582,-1.4932597458362582,2.446255493164063,2.446255493164063,2.6483278691768684,2.6483278691768684,1.6117950141429895,1.6117950141429895,0.06737112283706656,0.16772477507591246,0.9921258628368386,0.9921258628368386,-0.2239927541548387,0.2655247360770053,1.031287739406205,0.536374049080634,0.7750637370445032,0.1133453761079879,-0.3142163406100863
-0.25417827991455005,0.3539107994910859,1.08,-0.19753348042381763,0.26194429669388797,1.0104041189662802,0.026480623975100898,-0.00358518191468038,-0.02086817899736637,-0.4001115493694172,-0.4886407576841566,-0.5238897748424313,0.8831216809136834,-1.9094068040656633e-05,0.9621548528363499,-0.10059357629580856,-0.3450325605317243,-0.7073384011410984,-0.0020696168326037943,-0.00045895512110055427,0.00048009262092156443,-0.08814227356364565,5.976105877874934e-05,0.11276592668240272,0.002045782097561465,-1.4491308748722078,-1.4491308748722078,2.3606872320175176,2.3606872320175176,2.6770008981227913,2.6770008981227913,1.6547320783138268,1.6547320783138268,0.06737112283706656,0.16772477507591246,1.082366484403611,1.082366484403611,-0.22401410439891853,0.26552947860856835,1.0312722979636466,0.5353509153829833,0.77612071859552,0.11327477288611837,-0.31337653612383626
-0.2541784700683445,0.353910407739413,1.08,-0.1975421815840066,0.26194786317631535,1.0104215899035025,0.026485114176158647,-0.0035841634471761585,-0.02087449524202345,-0.4001142459098856,-0.488426558860525,-0.5241311373960856,0.8830088398027601,-1.1887392982845086e-05,0.9578387820590712,-0.10059263757275348,-0.34073211677477444,-0.7071403026166316,-0.006745425788767407,-0.003712577398088473,-8.106145956599905e-06,-0.08498084538181638,6.595570773803526e-07,0.06541090209966562,0.0057973758643288945,-1.4519452393054963,-1.4519452393054963,2.368190515041352,2.368190515041352,2.6304246127605477,2.6304246127605477,1.6896793305873865,1.6896793305873865,0.06737112283706656,0.16772477507591246,1.0753977656364448,1.0753977656364448,-0.22402729576016525,0.2655320266234915,1.031296085145526,0.5353229319099533,0.776103375996944,0.11339973872089959,-0.31342209174770946
-0.2541800065280466,0.3539072424132549,1.08,-0.19755495040011112,0.26194875275577234,1.0104424384434958,0.026476866243181768,-0.0035802608897259613,-0.020880614270324838,-0.4001280897478098,-0.4881804203304176,-0.5244808535175178,0.8827990963717951,-1.9851542448363226e-05,0.954361423209321,-0.10059389516233748,-0.3387661111204225,-0.7068047290013034,-0.006696814074180625,-0.004358445522063739,-0.00019226476662669272,-0.05600033389480875,-2.55420873758394e-05,0.020145827454628062,0.007196534855839117,-1.4384202659130099,-1.4384202659130099,2.42183302640915,2.42183302640915,2.561299854516987,2.561299854516987,1.7524385154247277,1.7524385154247277,0.06737112283706656,0.16772477507591246,0.9994885504245765,0.9994885504245765,-0.22403181664329289,0.2655290136454983,1.0313230527138206,0.5358022395481061,0.7755642915975498,0.11362031096432848,-0.313857315719092
-0.2541817795004452,0.35390358997536403,1.08,-0.19756197499390965,0.26194603733055166,1.0104503671142848,0.026471216320100133,-0.0035731685074373853,-0.020877786052698966,-0.40014388170334536,-0.48809457093434877,-0.5247027636077238,0.8826460690640705,-3.701427123187288e-05,0.9524161562579148,-0.10059594536228672,-0.3377455957359916,-0.7065097087554624,-0.002111988453632333,-0.0016605031338648958,-0.0002683129196642975,-0.02375130680821838,-3.5198462293966655e-05,0.019930342349189376,0.004140418417430647,-1.4909964263439182,-1.4909964263439182,2.3959587693214424,2.3959587693214424,2.5966707170009653,2.5966707170009653,1.7735845506191248,1.7735845506191248,0.06737112283706656,0.16772477507591246,0.9752137482166298,0.9752137482166298,-0.22403319131400978,0.26551920583798905,1.0313281531669838,0.5361453793959001,0.7751973867180262,0.11378116178397857,-0.31411938972476317
-0.2541861676906451,0.35389455065606246,1.08,-0.19754999599130535,0.2619250618764779,1.010408538279456,0.02649903975599527,-0.0035521606994801114,-0.020836335482016688,-0.4001844810624125,-0.48863778777104455,-0.5244104254830955,0.8827854364836588,-7.638052646930833e-05,0.95239365175609,-0.1005990376818504,-0.3336330719930243,-0.7064571926562297,0.014190693723291615,0.006888815518374238,-0.000675730577896905,0.018179963354406914,-6.170443973226054e-05,0.13896220893450634,-4.5533634325292744e-05,-1.5470777153968813,-1.5470777153968813,2.36798741221428,2.36798741221428,2.5412609338760417,2.5412609338760417,1.848303216695785,1.848303216695785,0.07016289710998526,0.17051654934883118,0.9801064193248756,0.9801064193248756,-0.22404903574730062,0.265477222575958,1.0312448737614728,0.5350452614552189,0.7764231248220631,0.1136105129940076,-0.3130277156628437
-0.2541901874357151,0.3538862710996873,1.08,-0.1974869560856618,0.26188056737139603,1.0102616729641096,0.026593485733355515,-0.0035306530031876115,-0.020749801266181978,-0.40021992608618767,-0.4904394908275488,-0.5232400610622219,0.8833190697092207,-9.347626951376578e-05,0.9542152855619263,-0.10059902811577501,-0.3236722612397289,-0.7064587431302056,0.03162898138476703,0.014129179755999803,-9.637041596298725e-05,0.05303280014386116,1.4695550438778329e-05,0.25182288837752165,-1.6350534593662447e-05,-1.5592266976833347,-1.5592266976833347,2.318770653009415,2.318770653009415,2.603107762336735,2.603107762336735,1.824733537435531,1.824733537435531,0.08122243165969839,0.18157608389854432,0.9126082479953773,0.9126082479953773,-0.22408044181901732,0.26541122037458365,1.0310114742302916,0.5315950681168843,0.7802186667929192,0.1130185185314159,-0.30966486725272674
-0.2541885203723986,0.35388970469396025,1.08,-0.19738044542863853,0.2618346161160503,1.0100468820046142,0.02673468918590971,-0.0035166855082409687,-0.020641530990895385,-0.4002027438455125,-0.4930174193036109,-0.5214478970597379,0.8841100633711421,-7.72416226860808e-05,0.9571531276327659,-0.10059783358020169,-0.3100500066376189,-0.7064583752607964,0.038284417947231676,0.0165188756819198,0.0004367035219506842,0.06493966695978658,2.3411095448198902e-05,0.28171714554285,2.4393154405466252e-05,-1.4865184605121615,-1.4865184605121615,2.3414109051227574,2.3414109051227574,2.5855149507522626,2.5855149507522626,1.7622715055942528,1.7622715055942528,0.08122243165969839,0.18157608389854432,0.8559003770351418,0.8559003770351418,-0.22411513461454824,0.26535130162429127,1.0306884129955096,0.5265731978193717,0.7856433092931292,0.11216736936142646,-0.30480114690033394
-0.25418388224760685,0.35389925837199454,1.08,-0.1972625568777614,0.2617934189338121,1.0098211727555215,0.026879665605464342,-0.003505003472802526,-0.020529205761735003,-0.40016087066560385,-0.4957156042151402,-0.5195152025457666,0.8849164167224502,-5.535272436190917e-05,0.9612933738971069,-0.10059766753143802,-0.2974424555158465,-0.7064577982022011,0.038492036405906184,0.015486375022659848,0.00031334991660075253,0.09702112968767573,3.845421073027437e-06,0.22667806856455883,1.5985153982649575e-05,-1.4589376628398898,-1.4589376628398898,2.4022794067859654,2.4022794067859654,2.559938943386082,2.559938943386082,1.8129244625568384,1.8129244625568384,0.08122243165969839,0.18157608389854432,0.9497675478458413,0.9497675478458413,-0.22414222248322574,0.2652984224066146,1.0303503785172565,0.5214041202634221,0.7911289569411748,0.11126855634413219,-0.2997866328417404
-0.2541784149871021,0.35391052121669386,1.08,-0.19715859389480866,0.2617618622679018,1.009628481021544,0.02699278629330587,-0.00350195836488687,-0.020440123325826898,-0.4001118705917702,-0.49799212915229724,-0.51786703455041,0.8855372664088085,-2.5891689049427596e-05,0.966744291098579,-0.10058750606557795,-0.2903687815126061,-0.7064534142809605,0.027774268323471407,0.009993253657367519,0.0003484566446343314,0.11991617297606481,8.921374948014123e-05,0.07449655868806684,0.00011545444356572546,-1.4604218423366548,-1.4604218423366548,2.360161089897156,2.360161089897156,2.5245407938957256,2.5245407938957256,1.7857440352439875,1.7857440352439875,0.09699349880218497,0.1973471510410309,0.8741995275020608,0.8741995275020608,-0.22415138018811454,0.2652638206327887,1.0300686043473708,0.5174435465159467,0.7952908316714485,0.11053322965262466,-0.29588354866550975
-0.25417469025639605,0.3539181951644247,1.08,-0.1970928147844901,0.261742821486289,1.009508101200777,0.027052373784630573,-0.0035044969880478893,-0.02038768417131931,-0.40007909653896084,-0.49939985400349207,-0.5168295419833043,0.8859035303733377,-1.5665369988849996e-05,0.9727448951638513,-0.10059302720347323,-0.29009388524445423,-0.7064482247869377,0.01526407921949908,0.005047402396718254,-1.0870212437500902e-05,0.11716278323021587,-8.430742698355265e-05,-0.04077506507651457,8.351329179285584e-05,-1.481433665752411,-1.481433665752411,2.404533433914185,2.404533433914185,2.4491444766521497,2.4491444766521497,1.7368704319000239,1.7368704319000239,0.09015208959579459,0.19050574183464053,0.8075368404388436,0.8075368404388436,-0.22414518856912066,0.2652473184743369,1.0298957853720963,0.5154341458829962,0.7974250685878805,0.11009632055393934,-0.29380214676881505
-0.25417575560911193,0.35391600018437475,1.08,-0.19705425987998,0.2617204220108198,1.0094256621471709,0.027087161137518245,-0.0035005762074039604,-0.020344997077953897,-0.4000897785505298,-0.5003802792824306,-0.5161616001016587,0.8861202378588671,-3.069211245095772e-05,0.9772076921980841,-0.10059529407286814,-0.29045418461404526,-0.7064442818890128,0.011246336470407663,0.003626118231755591,-0.00012459038488783653,0.06140626787665287,-5.368509095849651e-06,0.013964802358576946,8.937088761462825e-05,-1.5480846405029298,-1.5480846405029298,2.35637286901474,2.35637286901474,2.4960049569606824,2.4960049569606824,1.6467523217201228,1.6467523217201228,0.09015208959579459,0.19050574183464053,0.8019789874553688,0.8019789874553688,-0.22414142101749823,0.26522099821822376,1.0297706592251248,0.5141845516981698,0.7987616072864698,0.10979735100441707,-0.2924699697960469
-0.25417827594729225,0.35391080766438227,1.08,-0.1970274927020583,0.26169870770452885,1.0093619342923847,0.027119086935901482,-0.0034943439155120104,-0.020309414320325736,-0.4001128001965006,-0.5011359619153928,-0.5156944657500234,0.8862548989590463,-3.508786311963187e-05,0.9787027457215827,-0.10058631218649826,-0.2881340671464796,-0.7064222873347046,0.007207332691625254,0.0020645262725317364,-1.1211971814865446e-05,0.0025164583392370088,8.910666166582949e-05,0.06800769378789856,0.0010525170364389532,-1.5792136907577516,-1.5792136907577516,2.2939062118530273,2.2939062118530273,2.5352017104625744,2.5352017104625744,1.626362264156341,1.626362264156341,0.10273064851760855,0.2030843007564545,0.9007434785366065,0.9007434785366065,-0.22414657963795978,0.26519305162004086,1.0296713486127105,0.5130042564110725,0.799981993864328,0.10956582770598428,-0.291291558058382
-0.2541770414517649,0.35391335099310606,1.08,-0.1970195947894412,0.26169914658212495,1.0093504883749744,0.027128364468436472,-0.003501754771417398,-0.02031459303177896,-0.40010078309406055,-0.5012402793627025,-0.5156827263054783,0.8862350247402648,-1.4242280772574363e-05,0.9777889860302365,-0.10059080760459034,-0.28706260005468126,-0.7062944295634344,-0.005753550573837014,-0.003098309824324136,0.0003260427189139243,-0.03658993978874283,-4.941685870788761e-05,-0.00832916913517694,0.004789245662508189,-1.5617260813713076,-1.5617260813713076,2.3361179709434508,2.3361179709434508,2.5712760865688367,2.5712760865688367,1.625031358003616,1.625031358003616,0.05539428472518911,0.15574793696403508,0.9469072043895729,0.9469072043895729,-0.22414795925787767,0.26520090135354235,1.0296650814067534,0.5128812420401916,0.800102487382958,0.1095965135216678,-0.29116566671022315
-0.2541759638983119,0.3539155710457664,1.08,-0.19704388657758184,0.26171466635393825,1.0094038055971457,0.027092856421840283,-0.0035145096384159857,-0.020355936639962824,-0.40009112530204893,-0.5005672084038257,-0.5163281221809165,0.8859069416131469,1.5065516541548598e-05,0.9750639805185545,-0.1005922637981066,-0.2898470660735632,-0.7059284532950268,-0.01916824774923243,-0.009334315887297655,0.00023512725408814567,-0.07086839959583806,-3.2590793772598865e-06,-0.08740969976570828,0.009771076225008802,-1.563453543186188,-1.563453543186188,2.4038887858390807,2.4038887858390807,2.541477042436604,2.541477042436604,1.6204381287097926,1.6204381287097926,0.05539428472518911,0.15574793696403508,0.8948822200298316,0.8948822200298316,-0.22413674299942213,0.26522917599235424,1.0297597422371085,0.5145649406607442,0.7984029157432182,0.11001937710711895,-0.2926968442544168
-0.2541772257275151,0.3539129713405075,1.08,-0.19709412796567471,0.26173468580311543,1.0095013337367216,0.0270291505892844,-0.0035209330327315436,-0.02040819630490409,-0.4001033201448832,-0.4993893099156208,-0.5174731421254313,0.8853541712669754,-1.3036728826716096e-05,0.9705980512991812,-0.10059222357290964,-0.29409043911144556,-0.7052783350465149,-0.025091453715445727,-0.01267206993708898,-0.0003727896069736231,-0.10680289919972728,-4.2133689596352126e-05,-0.08198307630748791,0.015214202035990118,-1.509532678127289,-1.509532678127289,2.375715661048889,2.375715661048889,2.5498782455921214,2.5498782455921214,1.6319311916828152,1.6319311916828152,0.05539428472518911,0.15574793696403508,0.8927025139331825,0.8927025139331825,-0.22412327855495912,0.265255618835847,1.0299095300416257,0.5173486591825819,0.7955788653002756,0.11072910332923946,-0.29520111721572745
-0.25418113015324867,0.3539049276554364,1.08,-0.19714139706019834,0.26174412193990726,1.009583198094519,0.02696933991829084,-0.003519444675036343,-0.02044732412685124,-0.40013890804135566,-0.49842859793275074,-0.5185774941845493,0.8847561915690075,-3.5378652515741315e-05,0.9654347296486209,-0.1005950395290169,-0.2968487733195658,-0.7044906809353824,-0.01920310668125338,-0.011155553520036426,-0.0002609814551765551,-0.1001810227860528,-2.7142141274066347e-05,-0.0355514017512598,0.01626494359413318,-1.491104853153229,-1.491104853153229,2.4119302749633786,2.4119302749633786,2.5439517319202465,2.5439517319202465,1.726572877168655,1.726572877168655,0.05539428472518911,0.15574793696403508,0.9646183073520668,0.9646183073520668,-0.22411073697848918,0.2652635666149436,1.0300305222213701,0.5199556094570464,0.7929202238599844,0.11144492232125189,-0.29749573455226835
-0.25418484636275485,0.3538972723899759,1.08,-0.1971626932100052,0.26174160464550633,1.0096128325184386,0.02694540032167117,-0.003511385466516248,-0.02045687606163038,-0.40017169240413775,-0.49810182835233785,-0.5192460757564612,0.8843219764434328,-5.2260997483655364e-05,0.960241972090786,-0.10059658706987287,-0.29525785088290546,-0.703691943147113,-0.007755452605304916,-0.005933097540084597,-0.00026449272779117695,-0.10624157525568949,-3.541634524535649e-05,0.09189821330565975,0.014821762531420889,-1.4730081915855409,-1.4730081915855409,2.3978851318359373,2.3978851318359373,2.602379149198536,2.602379149198536,1.7080290079116818,1.7080290079116818,0.05539428472518911,0.15574793696403508,1.0481274068355568,1.0481274068355568,-0.22410809353167638,0.2652529901120226,1.030069708580069,0.5212566843764265,0.7915958525647551,0.11194850418882271,-0.2985548653180151
-0.254184286911846,0.35389842479828454,1.08,-0.19715563786227566,0.26174011476613,1.0096005034101205,0.026961216646597036,-0.0034990019016563623,-0.02043981502986214,-0.40016528832751774,-0.49826121184527994,-0.5193858017542916,0.8841697835133872,-5.7066900097514154e-05,0.9557645055487793,-0.10059823803570404,-0.289610870824129,-0.703113361678251,0.0008466213972387393,-0.0006780401884406189,-1.954804583253524e-05,-0.07422206301000234,-2.999764262170559e-05,0.12526951464125793,0.008016754337372891,-1.436823856830597,-1.436823856830597,2.4296778321266173,2.4296778321266173,2.519410550594334,2.519410550594334,1.7747689366340633,1.7747689366340633,0.05539428472518911,0.15574793696403508,1.000452274084092,1.000452274084092,-0.2241168545088727,0.2652391166677864,1.0300403184399827,0.520998792732923,0.7918629758122612,0.11214658948995329,-0.29822211181325703
-0.254183171957604,0.35390072152727226,1.08,-0.19713719341818442,0.2617350178358707,1.009566996036525,0.02698984619499817,-0.003489011585557422,-0.020415013743849464,-0.40015591850134735,-0.49867411897988434,-0.519201713491596,0.8842000283559369,-5.601624898443422e-05,0.9536267231443306,-0.1005905337442286,-0.2844123350875629,-0.702862503118532,0.006342457440856386,0.001962854916120646,1.8721527674053035e-05,-0.014440659624116333,7.962667523611028e-05,0.08694583076083748,0.0027304291224047447,-1.433986806869507,-1.433986806869507,2.3775416791439055,2.3775416791439055,2.529103422164921,2.529103422164921,1.844385206699371,1.844385206699371,0.10059569358825673,0.20094934582710272,1.026677495241166,1.026677495241166,-0.2241270396131826,0.26522402942142814,1.0299820097803745,0.5200856723953902,0.7928021906591012,0.1121128197275098,-0.2973319618001268
-0.25418071341097787,0.35390578617092183,1.08,-0.19711813890655347,0.2617342736763613,1.0095372851215576,0.027007187324562948,-0.0034911577331436794,-0.020405713531840508,-0.4001333694925607,-0.4990184364333956,-0.5189678768301269,0.884272537108199,-3.7936636573687016e-05,0.9543644812493657,-0.10059394585643579,-0.28365603622270474,-0.702786128841866,0.0036411372284347147,0.001095227790240928,0.00015335821671865545,0.04029807177430217,-5.836917902319996e-05,-0.03276283270737018,0.00043989926413366676,-1.4279105544090271,-1.4279105544090271,2.375007778406143,2.375007778406143,2.525411343574528,2.525411343574528,1.842476367950439,1.842476367950439,0.03578289031982412,0.1361365425586701,1.1200784146785743,1.1200784146785743,-0.22412532623111642,0.265225431409505,1.0299429986533981,0.5195858056841894,0.79333276548433,0.11204603128168514,-0.29681543190090415
-0.2541784800525152,0.3539103871702383,1.08,-0.1971102226331501,0.2617381580226993,1.009529465813735,0.026994417216397337,-0.0035057371815430116,-0.020421439782462247,-0.40011319604077317,-0.4990992468361894,-0.5189310353575506,0.8842391731724062,-1.8442923433566413e-05,0.9578247890300294,-0.10059358288032365,-0.289457350753267,-0.702733051549059,-0.0022227865455325675,-0.0025628783809129537,0.00039864991120930636,0.0961052309209382,3.290558120410305e-05,-0.19201086906437814,0.002324509522925154,-1.3710252881050111,-1.3710252881050111,2.3279338657855986,2.3279338657855986,2.4707373559474988,2.4707373559474988,1.8416194438934321,1.8416194438934321,0.03578289031982412,0.1361365425586701,1.118086755275727,1.118086755275727,-0.22410463984954743,0.2652438952042423,1.0299509055961973,0.5202675724361441,0.7926838702780746,0.11210897841942835,-0.29733064394731723
-0.25417877474207956,0.3539097800592206,1.08,-0.19711403105952505,0.2617389870390982,1.009536133857516,0.026955196317119345,-0.0035219868269813492,-0.020446415971146603,-0.40011698952190544,-0.4990196295679383,-0.5191097118461278,0.8840607154758415,-1.7303707086739617e-05,0.9629226557981384,-0.10059365171495205,-0.2998669572485683,-0.7025510493230694,-0.00392179217685145,-0.004032053536080532,-0.00013951303053891844,0.1058827670245552,-1.5811055715106775e-05,-0.21549155046622262,0.004525107706210697,-1.4388979077339175,-1.4388979077339175,2.340525215864181,2.340525215864181,2.506555336713795,2.506555336713795,1.7527965307235713,1.7527965307235713,0.04491535902023306,0.14526901125907904,1.1394555091857916,1.1394555091857916,-0.2240692273766444,0.26526097386607955,1.0299825498286626,0.5219713974832894,0.7910214417726734,0.11232753013032934,-0.2986862314202695
-0.2541804416768204,0.35390634596491,1.08,-0.1971143562551353,0.26173337763940857,1.0095305837916966,0.026927021478875157,-0.0035277604609449398,-0.020453269126881057,-0.4001318006299193,-0.49909436526217643,-0.5191752155417151,0.883943893579315,-3.5433633884703236e-05,0.9675713075278278,-0.1005960231899061,-0.307961661489075,-0.7023901425036206,0.0007759283159147993,-0.0008584303028734302,-0.0002744233416567352,0.08115449023319342,-4.207979299304453e-05,-0.12155543800605804,0.0014419465928969231,-1.4368497729301455,-1.4368497729301455,2.382887357473373,2.382887357473373,2.523834949731831,2.523834949731831,1.7099154710769648,1.7099154710769648,0.04491535902023306,0.14526901125907904,1.1217274785041815,1.1217274785041815,-0.22404137773401045,0.2652611381003535,1.0299838529185776,0.5231523417950775,0.7898905004183514,0.11246272485112105,-0.2995609456224789
-0.2541813124830973,0.35390455204696647,1.08,-0.19710257885710408,0.26172464780294696,1.0095033326889515,0.026926326722113758,-0.003526341319868953,-0.020441411764683393,-0.40013925231642855,-0.4994360900420634,-0.518964767344311,0.8839986065656281,-5.3098488291750226e-05,0.971173056773386,-0.1005986576943311,-0.3113819773671195,-0.7023784246475151,0.0070337831496815086,0.0024131948335839423,-0.00015461927303207865,0.06402955927080808,-3.2362772690095426e-05,-0.030036627271053686,-2.548436030972802e-05,-1.4790162444114687,-1.4790162444114687,2.4393020570278163,2.4393020570278163,2.5983568489551585,2.5983568489551585,1.7254514813423152,1.7254514813423152,0.04491535902023306,0.14526901125907904,1.066302371025086,1.066302371025086,-0.22402890557921784,0.2652509891228159,1.029944744453635,0.5231794019282527,0.7899235653624741,0.11239804151234689,-0.2994507547948776
-0.254181503877856,0.35390415776601936,1.08,-0.1970732850338856,0.2617097655472361,1.0094429830452165,0.026957527129220837,-0.0035216000551708815,-0.020411006315052882,-0.40014112267553814,-0.5001760334450617,-0.5184659824313721,0.88418464229773,-5.5005586994633774e-05,0.9732001732748908,-0.10059793569053958,-0.30952227532831783,-0.7023781375117566,0.012603391837091348,0.00501708402451987,-7.772381173904936e-06,0.019335568427587928,1.6692484984599554e-05,0.09867964295116012,1.723413980902396e-05,-1.446208453178406,-1.446208453178406,2.4201121211051935,2.4201121211051935,2.539763915538792,2.539763915538792,1.6519549250602716,1.6519549250602716,0.05756940126419058,0.15792305350303656,1.056033122539521,1.056033122539521,-0.22403081216310644,0.26523136560240695,1.0298539893602694,0.5220433032169413,0.7911386284278215,0.11217353185984996,-0.29830782578701764
-0.25417920624304485,0.3539088911006439,1.08,-0.19703476376940882,0.26169901755142094,1.009373240491122,0.02700868035626658,-0.003517002508557243,-0.02037509848551422,-0.4001193042317211,-0.5010046782212298,-0.5178565043207002,0.8844381604800126,-3.94017955834198e-05,0.9733056023444818,-0.1005967237552286,-0.3037878635912264,-0.7023763002486028,0.011055075361298565,0.004746544216999759,0.00033027332431946805,-0.011125436083397392,1.998466590546525e-05,0.12375393449379896,4.732799411370135e-05,-1.3730567216873173,-1.3730567216873173,2.440247738361358,2.440247738361358,2.570805025100712,2.570805025100712,1.663314223289489,1.663314223289489,0.05756940126419058,0.15792305350303656,1.1296004772186286,1.1296004772186286,-0.2240434441256754,0.2652160200599782,1.0297483389766362,0.5202147624940032,0.7930272983597941,0.11188259353027613,-0.2965916219390108
-0.254175625344878,0.3539162685690459,1.08,-0.1970139945853412,0.2617013295077609,1.0093443798937494,0.027033049700078388,-0.0035214399638071603,-0.02036634551052874,-0.40008760117694137,-0.501324027346531,-0.5175917939995618,0.8845388174350876,-1.221327273373381e-05,0.9732028241873057,-0.1005935815209504,-0.3015572218260025,-0.7023562499070536,0.00044829001773477844,-0.00018715313117274345,0.0002968875971306639,0.004383323091049913,3.357297556820978e-05,-0.01133349198563945,0.001106509378079484,-1.3805756986141209,-1.3805756986141209,2.386830389499664,2.386830389499664,2.53642799854279,2.53642799854279,1.7521391987800592,1.7521391987800592,0.05756940126419058,0.15792305350303656,1.0455021798610693,1.0455021798610693,-0.22404704428541958,0.2652227694715681,1.029710725404278,0.5194597975620986,0.7937976942955816,0.11177708410412798,-0.2958929244117552
-0.25417482162024324,0.35391792450842663,1.08,-0.19701888494409914,0.261706484781158,1.0093572818202483,0.027013207351874624,-0.0035352286789796517,-0.020389218353771277,-0.4000810790200492,-0.5011533121883301,-0.5177891940741692,0.8844034561298592,-5.80536912973041e-07,0.9745267022846716,-0.10059284728971946,-0.30618371413709833,-0.7022151963651656,-0.007875679266132002,-0.005284137876131394,0.00027277209404187575,0.04657281517521427,1.1583155032073897e-05,-0.16721304815809496,0.004934001731959465,-1.3950787127017978,-1.3950787127017978,2.4172534465789792,2.4172534465789792,2.5004056572914166,2.5004056572914166,1.8315007567405694,1.8315007567405694,0.05756940126419058,0.15792305350303656,1.0440953671932227,1.0440953671932227,-0.22403209229597376,0.26524171346013764,1.0297465001740196,0.5204373795140322,0.7928238885433561,0.11194826066136992,-0.29672007464014527
-0.2541770898656328,0.3539132512486781,1.08,-0.19703726993185022,0.2617075581764695,1.009386184409375,0.026966235085588458,-0.0035470518895354686,-0.02041865458670311,-0.4001024454387035,-0.5008085744229224,-0.5182379365776337,0.8841038729497566,-1.2859158618801435e-05,0.9769983301903618,-0.10059419346915302,-0.3148773497514097,-0.7019013295034229,-0.008952356764734883,-0.006284050241271101,-0.0003376589306945663,0.051284139673167764,-3.14541649971788e-05,-0.17536740341180568,0.007148774668801094,-1.4547009170055394,-1.4547009170055394,2.456140255928039,2.456140255928039,2.4411700129509013,2.4411700129509013,1.7652716994285578,1.7652716994285578,0.05756940126419058,0.15792305350303656,1.1269217431545264,1.1269217431545264,-0.22400350501743868,0.265254610066005,1.029804838996078,0.5224418487405591,0.7908287162951525,0.11229587935144403,-0.29838581006508025
-0.25418002534818757,0.35390720364176903,1.08,-0.19704810442745277,0.2617026586096861,1.0093972909696947,0.02693685602145912,-0.003547704031359289,-0.02042721149568205,-0.4001281800290999,-0.5006865593252188,-0.5185133387610263,0.8838948323473933,-3.524265586207156e-05,0.9785704887130486,-0.10059667227790244,-0.3200414419244473,-0.7016128224988628,-0.0026025810433198122,-0.0022602169242681653,-0.0002200503635873453,0.012326235698907735,-3.16829732876636e-05,-0.04509645791697301,0.003986524526970061,-1.4594318330287939,-1.4594318330287939,2.472824895381927,2.472824895381927,2.3886094629764596,2.3886094629764596,1.6925291597843164,1.6925291597843164,0.05756940126419058,0.15792305350303656,1.2023440182209022,1.2023440182209022,-0.2239849604489119,0.2652503626410454,1.0298245024653767,0.5236854094376447,0.7896016983614735,0.11252930482653023,-0.2993658388027284
-0.25417922180649266,0.35390885903770347,1.08,-0.1970522609933456,0.2617074568978965,1.0094087205104052,0.02691693529141026,-0.003556968508048708,-0.02044596565174528,-0.4001203423275513,-0.5005411712373931,-0.5187197610408198,0.8837413103348418,-2.4582761478141596e-05,0.9793836558230229,-0.1005954491584301,-0.3239217404912267,-0.7014133533777805,-0.0055563555133308325,-0.003878682786238583,0.00018634693360598592,0.019919756431725437,2.660200703810458e-05,-0.09834643983051036,0.0043947589378470165,-1.4697841346263891,-1.4697841346263891,2.4582104027271265,2.4582104027271265,2.391354066133503,2.391354066133503,1.7723812639713281,1.7723812639713281,0.07823682308197012,0.1785904753208161,1.2044924437999733,1.2044924437999733,-0.22396919628475587,0.2652644254059452,1.0298546861621505,0.5246374964924575,0.7886427312833522,0.11271885701219081,-0.30015429189323023
-0.2541787993643666,0.35390972933327375,1.08,-0.1970664121309068,0.26171578769816417,1.0094390590582334,0.02687767555236309,-0.003570292878627812,-0.02047846082013738,-0.4001168902289015,-0.5001676796704394,-0.5191329460724073,0.8834699835160782,-1.6675608427576118e-05,0.9806038507297089,-0.10059461557458858,-0.33064995838182354,-0.7011369643405259,-0.010091602977576749,-0.006526315409742683,1.1320177116193348e-05,0.02798249481555192,-1.3096789339763303e-06,-0.15711477006113367,0.006405068839190237,-1.4888137876987464,-1.4888137876987464,2.4626370251178735,2.4626370251178735,2.3870578408241307,2.3870578408241307,1.76446304321289,1.76446304321289,0.07823682308197012,0.1785904753208161,1.2387541830539712,1.2387541830539712,-0.2239440876832699,0.265286080576792,1.0299175198783708,0.5263541650281957,0.7868931014973711,0.11303945803319865,-0.3016166784196126
-0.2541815319928764,0.35390409984808496,1.08,-0.19708345679549905,0.26171460592915835,1.0094635747986358,0.026841584822259457,-0.003572659977521264,-0.020496154824907853,-0.4001420391139766,-0.49988452371197195,-0.5195493196304708,0.8831864636446592,-2.992672822114972e-05,0.9810444389012817,-0.10059524013171274,-0.3356488190825722,-0.7008034701355689,-0.006685190557542826,-0.004698140131078091,-0.00019489865968086225,-0.006768392230572169,-1.2124728118588134e-05,-0.05847474271369836,0.0065859634007674845,-1.522807282209397,-1.522807282209397,2.41361020207405,2.41361020207405,2.4467635512352026,2.4467635512352026,1.6802656888961787,1.6802656888961787,0.07823682308197012,0.1785904753208161,1.325200504064561,1.325200504064561,-0.2239250416177585,0.2652872659066796,1.0299597296235437,0.5278665655405621,0.7853517036061963,0.1133443377908403,-0.30287398653237413
-0.25418367008237036,0.35389969541730987,1.08,-0.19708714205335073,0.26170899704992384,1.00946312120141,0.026837297258820086,-0.0035633894028098134,-0.020487776663460355,-0.40016092798173536,-0.4999044975266138,-0.5196529537416562,0.8831034571573162,-5.053784386725287e-05,0.9803381585986454,-0.10059128923944786,-0.3351981593890362,-0.7006265093880155,0.0019041655494920753,0.001000621442574588,-0.00029791277500364796,-0.021104242316096457,4.738934863440804e-05,0.06272360660316734,0.0006017946471203393,-1.5428106963634498,-1.5428106963634498,2.4434841930866233,2.4434841930866233,2.400078839063648,2.400078839063648,1.7281317949295039,1.7281317949295039,0.10748411893844595,0.20783777117729194,1.3831209361553203,1.3831209361553203,-0.22392443931217082,0.26527238645273366,1.0299508978648704,0.5280516848046168,0.7851738606829901,0.11342703418658343,-0.3029814096455582
-0.25418389314982137,0.3538992359142643,1.08,-0.19706952566048558,0.2616996732772387,1.009426456301141,0.026873660695079404,-0.0035474644850993498,-0.020453854506103042,-0.40016228330116776,-0.5003683459669975,-0.5193151660686776,0.8832911145637328,-6.383627333977225e-05,0.9788692324943984,-0.10059954772514322,-0.32884848557318613,-0.700625339438157,0.011262921211673375,0.0058086894094417545,-0.00014502103589033837,-0.03687653498103195,-8.817112910533312e-05,0.18345780521635252,-0.00010761575477263521,-1.5342751085758217,-1.5342751085758217,2.491805559396743,2.491805559396743,2.3932800889015233,2.3932800889015233,1.7177838444709772,1.7177838444709772,0.07658522605895987,0.17693887829780586,1.4416351974010477,1.4416351974010477,-0.22394318635556498,0.26524713776233805,1.029880310807244,0.5266116264392398,0.786673021810482,0.11322591597760356,-0.3016714166201635
-0.2541788326992615,0.35390966065797214,1.08,-0.19704179742106087,0.2617037243977053,1.009388908717375,0.026913483620119916,-0.003547036774676271,-0.02043685160765052,-0.40011559735594726,-0.5007948520973851,-0.5189406878899235,0.883477543014202,-3.5018233669678214e-05,0.9774646517638307,-0.10059154087265686,-0.32328460077705584,-0.7006270178441533,0.003634246278751888,0.0018520687715242018,0.00048488848422944424,-0.019804116899186944,0.0001012213684410048,0.05931844729629047,2.2980760122399774e-05,-1.5375083506107339,-1.5375083506107339,2.509591168165206,2.509591168165206,2.4040511846542394,2.4040511846542394,1.7629560947418208,1.7629560947418208,0.10137666940689077,0.20173032164573676,1.4435707867145549,1.4435707867145549,-0.2239552810411808,0.26525076117238156,1.0298257603250256,0.5252299939535751,0.7880932782726828,0.11304962805917826,-0.3004367151142225
-0.2541742308529339,0.3539191417044729,1.08,-0.1970425748977733,0.26172002729050503,1.0094075776312568,0.026899519379945752,-0.003562797761193115,-0.020466357456253137,-0.4000744350148949,-0.5005381002240447,-0.519081018813571,0.8833429762996591,8.331876436402012e-05,0.9760789718166564,-0.10058223383774978,-0.32445364364386736,-0.7006227013536581,-0.008493597133109276,-0.00729616605832437,0.004398704812454195,-0.03464857981032886,6.248863677030593e-05,-0.09751422290059196,0.00010474302009025049,-1.51495687365532,-1.51495687365532,2.5504103720188134,2.5504103720188134,2.4021292984485663,2.4021292984485663,1.6834120333194729,1.6834120333194729,0.1439360308647155,0.24428968310356147,1.3564485192298898,1.3564485192298898,-0.22394209427771905,0.26528282505169815,1.02987393508751,0.5258691666864337,0.7874008346666224,0.11317475876153421,-0.3010863980223799
-0.2541722634699787,0.35392319534920036,1.08,-0.19708272408640182,0.26174632139430526,1.0094965796838875,0.026812208784904867,-0.003581629601102032,-0.020535318343663178,-0.40005800180789153,-0.499437200983384,-0.5198431653353782,0.8827487316672742,0.0003787301016663957,0.9734504088993591,-0.10058735407408557,-0.3323007439718563,-0.7006168504025937,-0.021008823996759567,-0.015204234525640072,0.006341920728879859,-0.06913427582069764,-3.388070087038176e-05,-0.19499595188534105,0.00015247286922629696,-1.5823910415172586,-1.5823910415172586,2.520654815435409,2.520654815435409,2.453535872697834,2.453535872697834,1.6146352827548978,1.6146352827548978,0.0949187207221984,0.19527237296104438,1.4308119893074045,1.4308119893074045,-0.22389493287130668,0.2653279509954073,1.0300318980275507,0.528950444996785,0.7841287400498733,0.11364823493481696,-0.3040355644685374
-0.2541756254715885,0.35391626830798256,1.08,-0.19715427600682225,0.2617694165075501,1.009630076298282,0.026712815657302602,-0.0035886955176800406,-0.02060677489042151,-0.40008941489612315,-0.4978243569370574,-0.5210829643835496,0.8820965894175428,0.00045949585915498867,0.9690212722501412,-0.10059132754851695,-0.33909576748914244,-0.7004749107669964,-0.02803177594279024,-0.011086631931522928,-0.002063879844566918,-0.10628409238110328,-5.144191004424151e-05,-0.09229753453228191,0.005144143110027318,-1.5739459693431863,-1.5739459693431863,2.5188708126544945,2.5188708126544945,2.4393551766872443,2.4393551766872443,1.6218186795711513,1.6218186795711513,0.048288105726241974,0.14864175796508797,1.333567762374879,1.333567762374879,-0.22386709166412486,0.26535811202523013,1.0302368511887035,0.5324156460979714,0.7803834609036304,0.11427018524593752,-0.30737201971228734
-0.25418003975731973,0.3539071739574404,1.08,-0.197233191678586,0.2617924523516415,1.0097752589304008,0.026662784212092977,-0.0035836114983085476,-0.02065754159191302,-0.40012929371340433,-0.49608885615064235,-0.5225259231566672,0.8817887957767245,4.5244007016034525e-05,0.9637452175259791,-0.10058356110489716,-0.3399574412725821,-0.7000358366164637,-0.029571002283016786,-0.001343756177033187,-0.013810368792272305,-0.1049105552075319,8.497218863461887e-05,0.048976473086835975,0.012388851073693889,-1.5077820003032694,-1.5077820003032694,2.5343925178050988,2.5343925178050988,2.369523924589161,2.369523924589161,1.7075979650020596,1.7075979650020596,0.11452699780464162,0.2148806500434876,1.3955825805664073,1.3955825805664073,-0.22389597589067897,0.26537606384995005,1.0304328005223138,0.5344661856139942,0.7781030943679019,0.11487939514598544,-0.3093609470201698
-0.25418405343137296,0.3538989057471418,1.08,-0.19724047171393352,0.2617821055853204,1.0097751485596533,0.026615513268172714,-0.003541285397007432,-0.020740383293143205,-0.4001649788071859,-0.496166084463643,-0.5232952871855615,0.8818202959851791,-0.00014209086554124506,0.958799479495325,-0.10059958390777432,-0.33444661992039576,-0.6998408303030169,-0.0019436188022615342,0.0007585073202602847,0.0006835119784439476,-0.09370760184326013,-0.00010263307602345337,0.16647160121847782,-0.0018443835802361174,-1.4631174981594095,-1.4631174981594095,2.4767244756221762,2.4767244756221762,2.336235314607624,2.336235314607624,1.7631844937801358,1.7631844937801358,0.10856659889221182,0.2089202511310578,1.3859306275844585,1.3859306275844585,-0.22385598498210624,0.2653233909823278,1.0305155318527965,0.5344966936001121,0.7780294469836131,0.11512938276431522,-0.309400532289828
-0.2541824108955787,0.3539022892962675,1.08,-0.19723814990088662,0.26178665885263824,1.0097765437329576,0.026623609193675818,-0.003507224662024022,-0.020711467739516154,-0.40014826046938246,-0.49614209464012465,-0.5232486290517213,0.8818186243115415,-6.812206175966277e-05,0.9553000183159432,-0.10059937928956596,-0.3286595105540431,-0.6998688985886529,0.0014789744140234664,-1.2296797654035845e-06,0.001215919157469261,-0.0474904805671384,9.548499275973257e-05,0.07902690824587605,4.805315638677226e-05,-1.4032971322536478,-1.4032971322536478,2.4884536087512963,2.4884536087512963,2.3948817312717474,2.3948817312717474,1.8011103570461269,1.8011103570461269,0.08916202068328848,0.18951567292213448,1.2982591569423687,1.2982591569423687,-0.22386175909456243,0.26529388351466227,1.0304880114724737,0.5337582894325791,0.7787851664329626,0.11505049086456837,-0.3088027486241208
-0.2541810875027602,0.35390501551776965,1.08,-0.19723296863256448,0.2617887205077882,1.0097708699087642,0.026636335765578417,-0.003494657735726159,-0.020693490709671636,-0.40013692772466175,-0.4962159436947853,-0.5231530705235868,0.881854053488688,-4.335484193218289e-05,0.9537923032549838,-0.10059732754620006,-0.3253983982878854,-0.6998663561971569,0.0027276122313479928,0.001410113487907178,8.512300563446577e-05,-0.014838407985271687,-1.0256932276246339e-05,0.05402532869042046,1.7240547579075762e-05,-1.4448548376560222,-1.4448548376560222,2.491305631399154,2.491305631399154,2.3379991769790687,2.3379991769790687,1.760046130418777,1.760046130418777,0.08916202068328848,0.18951567292213448,1.28614258170128,1.28614258170128,-0.2238693043981429,0.26528337824351433,1.0304643606184358,0.5332183303270865,0.7793486188561448,0.1149890817066567,-0.3083365913713019
-0.2541784257577421,0.35391049902722416,1.08,-0.1972308146098834,0.26179688052951955,1.0097764336837274,0.026631939714022723,-0.003501711809582031,-0.02070509806341647,-0.4001128218449945,-0.49613337516146283,-0.5231829222861912,0.8818321878459832,-2.307655798405957e-05,0.9541405909337483,-0.10059638905614005,-0.32676613398933657,-0.6998618206125807,-0.0035867075734728657,-0.002149669378242429,0.0003004565295730837,0.026104598913703803,2.402562323885328e-05,-0.08939734953414749,0.00014091482007096636,-1.5069611132144938,-1.5069611132144938,2.502136677503585,2.502136677503585,2.3698748707771338,2.3698748707771338,1.7986180603504178,1.7986180603504178,0.08916202068328848,0.18951567292213448,1.229441446065904,1.229441446065904,-0.22386275432390612,0.2652985923391016,1.0304815317471439,0.5334561702414784,0.7790919916662589,0.11502923345642935,-0.3085586790275448
-0.2541784895104775,0.35391036768515116,1.08,-0.19723882788106842,0.26180054964008387,1.0097926536045088,0.0265999624258568,-0.0035100558246104474,-0.02072497501752535,-0.4001143106980417,-0.4959464657423788,-0.5233474945064056,0.8817020237839921,-2.9085675947096107e-05,0.9573403942546483,-0.10058425122928509,-0.3338054815368479,-0.6998587724550759,-0.0017705814982249006,-0.002114345710607877,-0.0003537247771880615,0.09718599791872883,5.800853725223736e-05,-0.17414611536444505,-1.8350908967474376e-06,-1.4862108528614053,-1.4862108528614053,2.5307879030704488,2.5307879030704488,2.354959952831272,2.354959952831272,1.8720702707767485,1.8720702707767485,0.12922983646392813,0.22958348870277412,1.257291525602342,1.257291525602342,-0.22383879030692522,0.2653106054646943,1.030517628622034,0.534641210149048,0.7778591979117,0.11515655656925017,-0.3095687518365535
-0.2541796205783756,0.3539080375141758,1.08,-0.19723613071272939,0.26179532869786115,1.0097828677485323,0.026575531061172608,-0.003511772727334661,-0.02072557958941257,-0.4001244218211213,-0.4960800750200422,-0.5232879966985098,0.8816637894576272,-5.103670648480103e-05,0.9627849016878453,-0.10058493581592166,-0.34178746852612424,-0.699862819106694,0.004126389697178969,0.0004157231094799641,-0.00033514590614573843,0.11889060053837881,-1.486344317180482e-05,-0.14669535789419927,-0.00012177208121136165,-1.5374434530735024,-1.5374434530735024,2.477561265230178,2.477561265230178,2.441590392589573,2.441590392589573,1.8004725277423856,1.8004725277423856,0.1286285686492919,0.22898222088813788,1.2529248356819167,1.2529248356819167,-0.223811661773902,0.2653071014251958,1.0305084473379449,0.5354936991710902,0.7770246406201924,0.11518121020687688,-0.3101813902096679
-0.254180334202803,0.35390656737089804,1.08,-0.19721875234899539,0.2617844249508401,1.0097445170164066,0.026571185759334565,-0.003514912295943917,-0.020715515202614387,-0.40013057170982047,-0.4965457505278224,-0.5230069942337825,0.88171145885757,-5.453317351451382e-05,0.9679899464981733,-0.10057586281373385,-0.3473843535006781,-0.6998662928916594,0.006351358070066639,0.0015378589569942684,5.464366108395812e-05,0.0911069428584705,9.585020208612507e-05,-0.08524143355214721,-3.996819560749333e-05,-1.5870748221874245,-1.5870748221874245,2.423177057504653,2.423177057504653,2.440092521905903,2.440092521905903,1.7019100189208982,1.7019100189208982,0.17394240379333487,0.2742960560321809,1.251466786861421,1.251466786861421,-0.22378993810832995,0.265299337246784,1.030460032219021,0.5356776505939446,0.7769152140260747,0.11510573970862886,-0.310165880707566
-0.2541814921112251,0.3539041820057052,1.08,-0.19719443935864378,0.2617686179987447,1.009690335800927,0.026590666822926712,-0.003512595260765694,-0.02069144378312493,-0.4001413930286837,-0.49720692792563664,-0.5225818569857156,0.8818710081718886,-6.001595520152076e-05,0.9712885079036101,-0.10058198540967164,-0.3481368456565971,-0.6998700663197529,0.010678575352431628,0.004524413160294462,-0.0001071858846620414,0.043104583527693495,-6.300115185462398e-05,0.04663318678681646,-8.007369708327953e-05,-1.6365864455699928,-1.6365864455699928,2.4261046826839436,2.4261046826839436,2.4473467767238657,2.4473467767238657,1.6575297236442563,1.6575297236442563,0.15867791652679433,0.2590315687656404,1.2585067510604873,1.2585067510604873,-0.2237851061815705,0.2652812132595104,1.030381779584052,0.5349860926380077,0.7777269143694192,0.11492881876635785,-0.30938987372942395
-0.2541814880325103,0.35390419040800714,1.08,-0.1971599387781371,0.26175188455017606,1.009619747995627,0.0266409284006075,-0.0035037495207915215,-0.02065109407254906,-0.4001406752017198,-0.4980565175000898,-0.5219868523698412,0.8821637191453358,-6.259241648506505e-05,0.9718200225135563,-0.10059168715566034,-0.3425258225025012,-0.6998756693207692,0.013099120313916083,0.006741261500891758,-3.28698698561934e-05,-0.016839669879868586,-8.151806724974843e-05,0.16985699665789628,-0.00012758328911371654,-1.6728547453880318,-1.6728547453880318,2.5024681985378256,2.5024681985378256,2.467137962579731,2.467137962579731,1.6234684944152828,1.6234684944152828,0.11005379438400259,0.21040744662284863,1.2436592638492598,1.2436592638492598,-0.2238008671787446,0.2652556340709676,1.030270842068176,0.5331604217433317,0.7797142994278228,0.11463163219339273,-0.3076445430280395
-0.25417691166505896,0.35391361838605945,1.08,-0.19713197898187357,0.2617541445177542,1.0095797097920192,0.026686501784771832,-0.0035033733191165983,-0.020631722388795737,-0.40009850922405255,-0.49850293503775245,-0.5215951119980085,0.8823862272103656,-3.5970281813724635e-05,0.9698704792257236,-0.1005910887855703,-0.3357296639332596,-0.6998786187177738,0.0023368734000351987,0.001935365362951549,0.0005137388223976671,-0.05834749680136138,5.153477838330223e-05,0.11012010670454095,1.7958497874921805e-05,-1.6240226626396188,-1.6240226626396188,2.527775639295577,2.527775639295577,2.4388407170772592,2.4388407170772592,1.620475590229034,1.620475590229034,0.11707826137542715,0.2174319136142732,1.1736874401569382,1.1736874401569382,-0.2238184807666454,0.2652575178368708,1.030211432180815,0.5315840156682705,0.781371246386471,0.11443568524724565,-0.30623827903846673
-0.2541755140655154,0.3539164978396345,1.08,-0.1971367328665075,0.2617612871401622,1.0095946362757173,0.02669284148257864,-0.003506852518849135,-0.020642117327063447,-0.40008740225730405,-0.4983032577414098,-0.5217198849812965,0.8823661326779504,-1.8852697869783847e-05,0.9667567447089483,-0.10058896321437003,-0.33225170228662226,-0.6998738668288517,-0.006308360935552198,-0.002139086474717233,9.773090542767321e-05,-0.06531084916660454,1.6938575729649813e-05,0.03991090031003605,0.000123563153297291,-1.607265794277192,-1.607265794277192,2.534465092420577,2.534465092420577,2.4436956703662913,2.4436956703662913,1.6839305400848383,1.6839305400848383,0.10495787143707266,0.2053115236759187,1.2465421378612533,1.2465421378612533,-0.22382957434908615,0.26526813965901136,1.0302367536027808,0.5313919705429979,0.781523199108868,0.11447184396818003,-0.3061703118128778
-0.254179254450549,0.35390879178629064,1.08,-0.19715263339178174,0.261756065042885,1.0096131588426123,0.02669719472197629,-0.00349206381812045,-0.02063341541450181,-0.40012201435992495,-0.4980971775958024,-0.5219107453993131,0.8823247131546444,-4.211855474685964e-05,0.9627857199659928,-0.10058457357850861,-0.32705676693105634,-0.6998720660562138,-0.001188525432123972,0.0005340019277107069,-0.00035966563491451653,-0.09268652398804295,5.6826656462508716e-05,0.1524873687200517,8.336461583612842e-06,-1.6208440899848946,-1.6208440899848946,2.549945467710494,2.549945467710494,2.4694603979587595,2.4694603979587595,1.6536311626434321,1.6536311626434321,0.1382013726234435,0.23855502486228955,1.3369817793369307,1.3369817793369307,-0.22384982811375803,0.26524812886100546,1.030246574257114,0.5310607532625513,0.7818218157482086,0.11448473334180104,-0.3059777289216369
-0.2541762553415389,0.3539149705881983,1.08,-0.1971612165395346,0.26177060622839154,1.0096419171931346,0.02670121754803903,-0.0034935970217964685,-0.020648566233882892,-0.40009242705368486,-0.49773015010826116,-0.5221160815784138,0.8822996084368862,-3.1494472606873735e-05,0.9587566931370669,-0.100579763790867,-0.3228544047156118,-0.6998745121361692,-0.006973097935501291,-0.0018246560217054977,0.00018768788963529785,-0.06935890510017703,2.2443500297049457e-05,0.035204821614250974,-8.146934001414328e-05,-1.597899568080903,-1.597899568080903,2.6091467559337604,2.6091467559337604,2.4073352992534676,2.4073352992534676,1.7373978972434994,1.7373978972434994,0.17385242462158193,0.27420607686042797,1.3628598988056198,1.3628598988056198,-0.22386243408757364,0.265264203250188,1.0302904834270175,0.5309079878284924,0.7819123898121334,0.11455274187837644,-0.30598593504657384
-0.2541724464335413,0.353922818358839,1.08,-0.19719151719613776,0.2617984886089145,1.0097182221844494,0.02666788658885122,-0.003500179099284184,-0.02068942261327278,-0.40005889957561597,-0.4967944308683601,-0.5226888478167198,0.8821025066145666,-2.174264904580254e-05,0.9554138840167519,-0.10058562779227137,-0.32364658490923126,-0.6998779550694553,-0.01481910198410914,-0.005677148452940705,2.105760753992913e-05,-0.06510396005920806,-7.505378876262198e-05,-0.050212717653698134,-8.139507469800617e-05,-1.592175829410554,-1.592175829410554,2.6147824585437762,2.6147824585437762,2.3791629195213355,2.3791629195213355,1.6789701938629147,1.6789701938629147,0.13824171900749196,0.238595371246338,1.3385679662227645,1.3385679662227645,-0.22385940378498898,0.2652986677081987,1.0304076447977222,0.5320837540564286,0.7805872544222467,0.11481418832676502,-0.3072264947259965
-0.25417368171518484,0.3539202731431911,1.08,-0.19724534734083018,0.26182034162598444,1.0098241094723575,0.02660177284947718,-0.0035042347154315423,-0.02074143703711817,-0.4000718841117069,-0.4955191752812965,-0.523581817218334,0.881711429416736,-1.697920758220929e-05,0.9525013893174433,-0.10059568026497329,-0.32827005137763277,-0.6998740415855919,-0.019566274489164464,-0.009005816146000684,-4.721692800010934e-05,-0.05082672485108819,-8.048564433586687e-05,-0.12035973096536272,0.00010426587406146442,-1.5603567361831674,-1.5603567361831674,2.5325678408145893,2.5325678408145893,2.307702928781513,2.307702928781513,1.7062055587768552,1.7062055587768552,0.09118171215057363,0.19153536438941968,1.4023983061313643,1.4023983061313643,-0.22384712019030736,0.265324576341416,1.0305655465094756,0.534328935349091,0.7781146451067574,0.11521340485355094,-0.30944475962785917
-0.25418059299741425,0.3539060342320161,1.08,-0.19729301189782106,0.2618195768261271,1.009896230892894,0.026549703141294484,-0.003496002048060054,-0.020767687500293563,-0.40013502349566143,-0.49469250029408446,-0.5242772049272811,0.8813861602154758,-4.621645763786428e-05,0.9501814252303031,-0.10059211164385799,-0.3310169801917534,-0.699870530061708,-0.008488049815127534,-0.003957246785272204,-0.0003894544458412698,-0.04258136629178561,5.639902183149724e-05,-0.007598737247781621,6.890683346097297e-05,-1.5502664685249337,-1.5502664685249337,2.4784188747405995,2.4784188747405995,2.3812527239322696,2.3812527239322696,1.7097850322723387,1.7097850322723387,0.1102191734313964,0.21057282567024244,1.3966642022132887,1.3966642022132887,-0.22384271503911554,0.26531557887418716,1.0306639183931876,0.535954813636489,0.7763188472333618,0.1154883018144412,-0.31103687452480216
-0.2541805560793796,0.3539061102861105,1.08,-0.19731997915652932,0.2618327948708577,1.0099519826365166,0.0265135399319871,-0.0035040857811355353,-0.020805608857838997,-0.4001319691190554,-0.4940095187548531,-0.5247732755690164,0.8811561500422265,-2.9469254548216725e-05,0.9482693202610526,-0.10058925757357189,-0.3334893595281524,-0.6998649647129221,-0.011663382149148712,-0.005412437141688684,0.0003167005414891973,-0.03333935411831222,2.8105775862542442e-05,-0.07708980999591737,0.00011823831440682641,-1.5399058222770698,-1.5399058222770698,2.5297448873519888,2.5297448873519888,2.2955370843410527,2.2955370843410527,1.6965346992015837,1.6965346992015837,0.10721264362335196,0.207566295862198,1.4168211698532118,1.4168211698532118,-0.22383351908851642,0.26533688065199323,1.0307575914943556,0.5372276426313177,0.774892468268406,0.11572310559693133,-0.31230799772771783
-0.25418048883124106,0.35390624882280175,1.08,-0.1973404904690122,0.2618429839232911,1.00999459496212,0.026489325963592186,-0.0035020499299894814,-0.02082484890182812,-0.4001316493772501,-0.49352742319921333,-0.5250988665390584,0.8810479346576287,-4.8034194616115915e-05,0.9471284240879183,-0.10060388138588393,-0.33466515262372426,-0.6998725999129332,-0.001727470577660083,-4.504621449290963e-06,-0.0003142136961717131,-0.013413941330594167,-0.00011464544634181962,0.011401850643614278,-0.00047004630195474615,-1.5002685666084297,-1.5002685666084297,2.591501796245574,2.591501796245574,2.345269757509235,2.345269757509235,1.7290112793445587,1.7290112793445587,0.04770496368408195,0.14805861592292796,1.4731182813644423,1.4731182813644423,-0.22382981643260438,0.26534503385328057,1.0308194438639482,0.5379891763713364,0.7740329344802386,0.1158640887320937,-0.3130753509771784
-0.25417906549820635,0.3539091810557671,1.08,-0.1973427646769974,0.26184900868611116,1.0100046685749846,0.026477414862324328,-0.003504507063980422,-0.020834267917170246,-0.4001188165938957,-0.49341087377002696,-0.5251670806145128,0.8809987730122255,-3.749421782205303e-05,0.9479201446754413,-0.10060084576562589,-0.33691506814297667,-0.6998766954991261,-0.0009775960893642903,-0.0012383305122717768,0.00015822657910001412,0.041758902322533605,5.726244275854463e-05,-0.08316773702518951,-3.6579566329073067e-06,-1.5094237864017495,-1.5094237864017495,2.533502113819121,2.533502113819121,2.3227983653545414,2.3227983653545414,1.821618241071701,1.821618241071701,0.04770496368408195,0.14805861592292796,1.5642604470253005,1.5642604470253005,-0.22382017953932173,0.2653535157500916,1.0308389364921549,0.5384063592344053,0.773583129626872,0.11591669732318896,-0.3134502403481784
-0.2541790170216199,0.3539092809248999,1.08,-0.1973347741842375,0.26184529769120274,1.0099883392571354,0.02647827531074956,-0.0034985413946448385,-0.020821153732681896,-0.4001184461913403,-0.4936265567377311,-0.52499408021717,0.8810727100259098,-5.23305280594647e-05,0.950395969072717,-0.10060312189824686,-0.3387773078449086,-0.6999159204055432,0.007430183987402797,0.0037897336057499727,-0.00024578708127955657,0.05602649472413684,-5.063257525344608e-05,-0.005479728567201295,-0.0020950965170072177,-1.49113935828209,-1.49113935828209,2.5572171211242662,2.5572171211242662,2.3583687722682987,2.3583687722682987,1.7471299350261689,1.7471299350261689,0.04770496368408195,0.14805861592292796,1.5382275819778457,1.5382275819778457,-0.22381304949498707,0.2653438390858476,1.0308094929898173,0.5382983131542586,0.7737414374995444,0.11584368839892753,-0.31327201249002523
-0.25417709871240224,0.3539132330221778,1.08,-0.19731311337913804,0.2618414163255347,1.0099508482571171,0.026497421339408356,-0.003498874273362207,-0.020804959068462026,-0.40010066905609465,-0.49407317539519313,-0.5246312690303492,0.8812366714265683,-4.2987118076078564e-05,0.9526582492853108,-0.10060117771473823,-0.3387886087761878,-0.6999720881790514,0.006344275133269244,0.002648991190376307,0.0002753892817531089,0.03600874391904468,4.589717501934259e-05,0.002273839602191797,-0.0002091235488504628,-1.5225795567035683,-1.5225795567035683,2.5265436887741077,2.5265436887741077,2.4116355121135746,2.4116355121135746,1.663707846403122,1.663707846403122,0.04770496368408195,0.14805861592292796,1.5368399083614364,1.5368399083614364,-0.2238105347185464,0.2653402905988969,1.0307558073255791,0.5376132781479179,0.7745246589156496,0.11568508298421556,-0.31257075593468625
-0.25417352905918655,0.35392058767682694,1.08,-0.19730863926659317,0.261851587687117,1.00995507358971,0.026481480918863265,-0.003517281143068929,-0.02083087239775283,-0.4000688978200995,-0.4939891296235648,-0.5246658635451924,0.8811214644667508,6.330908530958481e-05,0.9532553305567794,-0.10059789657078966,-0.34204748768881715,-0.699970937935046,-0.006372441185733459,-0.006755335757259317,0.003512102067018579,-0.007972490185189241,5.434910180734741e-05,-0.11126998405075153,0.00011573466586849664,-1.5666653573513039,-1.5666653573513039,2.503514856100081,2.503514856100081,2.4485775530338323,2.4485775530338323,1.5719258964061738,1.5719258964061738,0.07837379455566398,0.17872744679451,1.5361620068550124,1.5361620068550124,-0.22379012018545644,0.26536886883018596,1.0307859459874629,0.538295345378561,0.7737838782610953,0.11577249880563628,-0.31319859419750484
-0.25417370155334723,0.3539202322685638,1.08,-0.19733773379142855,0.2618651120255626,1.0100145247483423,0.02641828460782994,-0.003530442732829653,-0.020878642406997328,-0.4000712275319714,-0.4932552209820874,-0.5252188459518041,0.8806476211766097,0.0002551948775637297,0.9510940879087906,-0.10059522947252127,-0.347348169028185,-0.6999380886183046,-0.015236247442769262,-0.011640333656092041,0.003998895762530317,-0.07519347759282194,3.308146098517628e-05,-0.1002253214798677,0.0013274928521331561,-1.5084955155849464,-1.5084955155849464,2.4738845288753497,2.4738845288753497,2.448322236537937,2.448322236537937,1.514149683713913,1.514149683713913,0.07837379455566398,0.17872744679451,1.4522001862525953,1.4522001862525953,-0.2237560183992585,0.26539555475839227,1.0308931671553396,0.5404713761680119,0.771362173260383,0.11610511781693106,-0.3152946095682433
-0.25417537722945216,0.3539167797658877,1.08,-0.19738950937747463,0.26188444826454244,1.0101153891017942,0.0263312768073537,-0.0035390866504773633,-0.020940167070749638,-0.40008671585680006,-0.4920344754747401,-0.5261778457230022,0.8799621999135063,0.00043490019554530814,0.9464249640298301,-0.10059318821623879,-0.35277879090471603,-0.699782603282172,-0.02261496411749842,-0.015148273528558057,0.0029127379354550735,-0.10930406480502113,3.177823397934639e-05,-0.11224820961888109,0.004945335000936809,-1.5140002131462105,-1.5140002131462105,2.401944631338118,2.401944631338118,2.504771196842197,2.504771196842197,1.5964070856571198,1.5964070856571198,0.08483033657073967,0.18518398880958567,1.4422115266323103,1.4422115266323103,-0.22372078618482832,0.2654235349150198,1.0310555561725439,0.5434413503223898,0.7680034904859805,0.11662799889352882,-0.31818241188855717
-0.2541803688064426,0.35390649608427843,1.08,-0.19744965025921676,0.2618963867699112,1.0102213506875788,0.026269307787374657,-0.0035355015137716883,-0.020983714519725583,-0.40013248145718866,-0.4907785051110044,-0.5273236012705027,0.8794288422312093,0.00030823145590787814,0.9409887236202864,-0.10059010352712007,-0.354630011172041,-0.699337521105201,-0.023033710701318495,-0.006174186278202016,-0.007269077704140616,-0.10835179266581385,3.876869426251689e-05,0.02628868618939434,0.012716773130558327,-1.477135062217713,-1.477135062217713,2.4286739408969864,2.4286739408969864,2.427407878637317,2.427407878637317,1.6684873402118683,1.6684873402118683,0.08483033657073967,0.18518398880958567,1.4903052628040327,1.4903052628040327,-0.22371895804659142,0.2654318882836829,1.0312050652073044,0.5457556668169036,0.7653537726839916,0.11719055655666916,-0.32039152334223225
-0.2541854714566264,0.3538959847817006,1.08,-0.1974763744551441,0.26189172598564026,1.0102575715852322,0.026257491391188936,-0.0035148399679482134,-0.02102583278930803,-0.4001780229101897,-0.4904314958992282,-0.5282658955978108,0.8794073150992648,-0.0001363354684806678,0.9364538355889513,-0.10059969463071783,-0.3500070260140184,-0.6986412190739233,-0.007373488028166347,0.0027707597095001863,-0.0017510396515820353,-0.07962510984948691,-0.0005764498061377638,0.14450425314961532,0.006296975566699813,-1.4774529635906226,-1.4774529635906226,2.435741752386092,2.435741752386092,2.483091372251514,2.483091372251514,1.7509647905826569,1.7509647905826569,0.08483033657073967,0.18518398880958567,1.401774746179582,1.401774746179582,-0.22373386584633304,0.26540656595358847,1.0312834043745402,0.546000060639822,0.7650678370048848,0.1176105009541143,-0.3205041475976563
-0.2541862370576599,0.35389440777286324,1.08,-0.19745419824921898,0.26187831425155234,1.0102085222230381,0.026277577189886936,-0.003465747702034172,-0.020994252568342864,-0.4001830454416303,-0.4910101475512588,-0.5280225911693983,0.8795877754643591,-0.00011158870758603445,0.9338033242918057,-0.10060585925135727,-0.34182763985007447,-0.6986311378758561,0.012483415202058768,0.005642250025113243,0.0011688490156667871,-0.02699417652829044,0.00017059992672221723,0.17474034256054216,-0.0010000011434662564,-1.4353223264217383,-1.4353223264217383,2.4803000867366776,2.4803000867366776,2.4868801653385195,2.4868801653385195,1.793828421831131,1.793828421831131,0.08965509414672844,0.19000874638557444,1.380976647138597,1.380976647138597,-0.2237317754391059,0.2653440619535865,1.031202774791381,0.544437826462502,0.766820092444682,0.11742912406477357,-0.319037301520208
-0.2541829553406926,0.3539011677499888,1.08,-0.1974100815808927,0.26186823927399366,1.0101293485643221,0.026344144571779443,-0.0034468173077683573,-0.02093646248477543,-0.4001526821442987,-0.49196656850067505,-0.5272774004424464,0.87995202957169,-6.473664131625398e-05,0.9331912800014239,-0.10060098768256229,-0.3331967748749075,-0.6986480551099665,0.01626044415009541,0.008262231147680843,0.0006058861297709586,0.0004068071348792599,4.092585745951574e-05,0.16797238136454407,-0.0001015013289311964,-1.472044330835343,-1.472044330835343,2.5128551661968217,2.5128551661968217,2.41423565745354,2.41423565745354,1.7286374032497405,1.7286374032497405,0.08965509414672844,0.19000874638557444,1.353649884462358,1.353649884462358,-0.22375422615267215,0.265315056581762,1.0310658110490976,0.5420387931212072,0.7695074462356086,0.11707068736692733,-0.31677545848612154
-0.25417767680116204,0.35391204202648585,1.08,-0.1973666095135591,0.26186538376857643,1.0100592412023723,0.026396200326204156,-0.0034470145530475227,-0.02090351344414043,-0.40010524306942286,-0.4927874218409764,-0.5266177425146665,0.8802691335462006,-3.2272319659957696e-05,0.9346761408200943,-0.10059872112101446,-0.3291729858665281,-0.6986506073682623,0.010357393313066827,0.00463335458564829,0.0003147563471837579,0.05617764271934528,1.928047088044312e-05,0.010993782258678114,-4.2886053490018014e-05,-1.4719289481639868,-1.4719289481639868,2.497103804349898,2.497103804349898,2.373900067806247,2.373900067806247,1.7963423430919645,1.7963423430919645,0.08965509414672844,0.19000874638557444,1.3936676561832442,1.3936676561832442,-0.22376280983976327,0.26531239832162395,1.0309627546465128,0.5403135606334857,0.7714470470958944,0.11679595383834132,-0.31510222926787007
-0.25417740366218333,0.35391260475358866,1.08,-0.1973342929652691,0.26185064212384346,1.0099934344804118,0.0264313807009382,-0.003441729592311815,-0.020867208163816597,-0.4001045246276887,-0.49358414789041216,-0.5260602123427611,0.8805109753936547,-3.5600344776239945e-05,0.9376920010590587,-0.10059863108947409,-0.3280286295398664,-0.6986529341430685,0.012240256099887272,0.005284995826096669,-0.00013196666383699705,0.06379766547265356,-2.0797232127502722e-06,0.030410394504378886,-4.624990618756411e-05,-1.4695781409740454,-1.4695781409740454,2.447061842679976,2.447061842679976,2.3058540701866184,2.3058540701866184,1.7114310801029202,1.7114310801029202,0.08965509414672844,0.19000874638557444,1.425796920061113,1.425796920061113,-0.2237656736662073,0.2652923717161553,1.0308606426442284,0.5391018830746277,0.7728419438970198,0.1165528853800965,-0.3138469600433316
-0.2541754359172792,0.3539166588500006,1.08,-0.19730436130748424,0.2618429178291068,1.0099390572319231,0.02645434347810638,-0.003447187412323083,-0.020848902043384188,-0.4000858692780988,-0.49421359675697185,-0.5256106619867792,0.8806751760745222,-2.325229514441571e-05,0.9411186368554625,-0.10058195613729384,-0.3292585328055989,-0.6986530982763507,0.005793927389949608,0.001797568892584234,0.00020392372178787885,0.07075012954672852,0.00012797353865897526,-0.061685625482430596,1.796834249881435e-05,-1.4431188642978674,-1.4431188642978674,2.4247976958751667,2.4247976958751667,2.3589951992034948,2.3589951992034948,1.712492102384567,1.712492102384567,0.1592327404022216,0.2595863926410676,1.4392833530902878,1.4392833530902878,-0.22375870478559062,0.2652901052414299,1.0307879592753073,0.5384042525704288,0.7736673877214033,0.11638806891351844,-0.31307100058133797
-0.2541739503440834,0.35391971966073277,1.08,-0.19729509441481222,0.2618435570453428,1.0099255409707328,0.026449574475626486,-0.003457693320542743,-0.020854894126002277,-0.4000730474311346,-0.4943576438530227,-0.5255069365797161,0.8806832011003594,-1.379427726269551e-05,0.9437555746573522,-0.100573423097892,-0.3328753911782231,-0.6986511820736877,-0.0009863150929386875,-0.0011599419473767069,0.00016699790204131052,0.03679981950505752,7.638844841500332e-05,-0.07787695908364987,8.196673041239644e-05,-1.4440409541130073,-1.4440409541130073,2.4807983577251425,2.4807983577251425,2.4317688345909154,2.4317688345909154,1.6231923878192898,1.6231923878192898,0.16531893491744987,0.2656725871562959,1.5326735079288498,1.5326735079288498,-0.2237446688904387,0.26530125036588553,1.0307804350967351,0.5386806206292694,0.7734049805607437,0.11638527317548406,-0.3132449412044332
-0.25417474864639084,0.3539180748602783,1.08,-0.19730250741066785,0.2618443944886762,1.0099378229190354,0.026429169938513686,-0.003467353795536199,-0.020872709310127524,-0.4000809399855888,-0.4942014599848535,-0.525669609646644,0.880554142216601,-6.8628960162882935e-06,0.9446877654887154,-0.10055440088327156,-0.33646708748229326,-0.6986282707444572,-0.005484970442644847,-0.003557016564967793,0.00011730625150634027,0.0011610514612558356,0.00014563596393526995,-0.06596116486295635,0.0013356416464626257,-1.4342388868331917,-1.4342388868331917,2.4656486332416523,2.4656486332416523,2.4876772761344945,2.4876772761344945,1.5932512998580928,1.5932512998580928,0.23118569135665884,0.33153934359550485,1.5210509598255173,1.5210509598255173,-0.22373167734918153,0.2653117482842124,1.030810532229163,0.5394764925662483,0.7725463381366782,0.11649175782970378,-0.31395372231871055
-0.25417623329807115,0.3539150160039948,1.08,-0.19732142357148977,0.26184844216168457,1.0099712673938395,0.02639904495999329,-0.003474415267334219,-0.020897104934048727,-0.4000941221464926,-0.4937926961390685,-0.5260382517861172,0.8803381245126487,-5.074310199358303e-06,0.9441925606924733,-0.10055966770159401,-0.33979143268464257,-0.6985127860454707,-0.00884771885250801,-0.005084967972623504,-6.199272486815859e-06,-0.0200543119064657,-7.559331159668302e-05,-0.06555405486269589,0.0029674633313892186,-1.4241002440452584,-1.4241002440452584,2.5002768576145162,2.5002768576145162,2.530573761463169,2.530573761463169,1.629209947586059,1.629209947586059,0.19344425678253163,0.29379790902137765,1.515585988759996,1.515585988759996,-0.22372046853148306,0.2653228574290188,1.0308683723278882,0.5406288076173746,0.7712766043442295,0.11669850189156666,-0.3150148434942628
-0.25417983909910136,0.3539075873353679,1.08,-0.1973396689806865,0.26184483146266235,1.0099953500568037,0.026377149754480578,-0.0034697004529781195,-0.02090445616224379,-0.4001270363308703,-0.4935198331585017,-0.5263319525688496,0.8801725647571074,-2.6493991682364683e-05,0.9434995397959614,-0.10056321157473395,-0.34137890273387145,-0.6984177747294738,-0.002866259866893048,-0.0014276368540232106,-0.00035489395934914483,-0.008589605769018772,-5.135384364843266e-05,-0.007975071194623673,0.00043665137236036,-1.455537199974061,-1.455537199974061,2.4680223405361166,2.4680223405361166,2.535831773281101,2.535831773281101,1.7151594400405878,1.7151594400405878,0.2043014097213744,0.3046550619602204,1.4736804783344284,1.4736804783344284,-0.22371681873516708,0.2653145319156405,1.0308998062190475,0.5413828748507755,0.770445247703726,0.11683952882224316,-0.3157011682171129
-0.2541801023646392,0.3539070449798868,1.08,-0.19734533496016096,0.2618466716187031,1.0100060662950103,0.026372538340035168,-0.003469336447854743,-0.020909635442609042,-0.40012801929722114,-0.4933921878236269,-0.5264199668774109,0.8801484752488103,-2.7317683266292584e-05,0.942921854884343,-0.10057848260434084,-0.34130557958316654,-0.6984101539700297,-0.0012699193891060067,-0.00028967614503997384,8.14353579389231e-05,-0.013826132990642531,-0.00010916669576309643,0.007159336897720875,8.414706662266318e-05,-1.4305370092391976,-1.4305370092391976,2.4705138623714435,2.4705138623714435,2.550357365608219,2.550357365608219,1.6571871876716608,1.6571871876716608,0.15635307312011706,0.2567067253589631,1.393622881174089,1.393622881174089,-0.22371787330019613,0.26531600806655786,1.0309157017376194,0.5415378772638395,0.7702630042341706,0.11687438930041019,-0.31586707476782194
-0.254182359867986,0.3539023944128252,1.08,-0.197335921775888,0.2618342974988893,1.0099780952648698,0.026396026713982168,-0.0034520011663307093,-0.02087700867854614,-0.40014969549733026,-0.49376578555926665,-0.5261762965024886,0.8802882940715019,-5.280001228051961e-05,0.9427806173924398,-0.10058637503995523,-0.33768502816195267,-0.6984121864300886,0.011411278406331379,0.005989210757740829,-0.0005112558655856388,0.00450888746863247,-8.209098410943954e-05,0.13185200625243784,-9.578855794130913e-05,-1.3943742990493782,-1.3943742990493782,2.4436328113079058,2.4436328113079058,2.4971246242523226,2.4971246242523226,1.7356907963752741,1.7356907963752741,0.12678920507431019,0.22714285731315623,1.4495957195758833,1.4495957195758833,-0.22373194848987016,0.26528629866522,1.030855103943416,0.5405956154024851,0.771315573087293,0.11672481558878206,-0.31496664068817537
-0.25418199823412624,0.35390313938008167,1.08,-0.1972902448149561,0.2618133746158975,1.0098852406125065,0.026466858651236908,-0.003438778759181027,-0.020820293315917393,-0.40014466003385324,-0.49489378162029307,-0.5253790755558406,0.8806952980221647,-5.3075489923477956e-05,0.9432093832648485,-0.10059047895906699,-0.32962298184736033,-0.6984160198448653,0.0188726661003116,0.009390672278900938,0.00022216645089892024,0.013116640338631759,-2.5776549854691027e-05,0.17880790366311614,-6.0744123606813864e-05,-1.3666586160659797,-1.3666586160659797,2.5041105806827533,2.5041105806827533,2.5329989552497896,2.5329989552497896,1.7266332864761347,1.7266332864761347,0.12505656361579884,0.22541021585464488,1.4770633280277266,1.4770633280277266,-0.223757103466193,0.2652521533750785,1.030705533928424,0.5380745151420193,0.7741108888682273,0.11633344613939703,-0.31256147747228175
-0.2541780028817233,0.35391137023253844,1.08,-0.1972354893238427,0.2618006121207992,1.00978762178848,0.026545676255067874,-0.003432671186772873,-0.020767659572108466,-0.4001081881987458,-0.4960510705871865,-0.5244983714183304,0.8811411533126674,-3.461106780663087e-05,0.9434862327497439,-0.10059731189279364,-0.3209883775259432,-0.698418380237766,0.01601953978582173,0.008062707041687996,0.0002708149463406078,0.00025421289519782323,-6.134109790488603e-05,0.16506776197516015,-4.571464507054392e-05,-1.4337123394012459,-1.4337123394012459,2.5116597950458512,2.5116597950458512,2.514323300123218,2.514323300123218,1.6663584053516383,1.6663584053516383,0.053292535543441655,0.1536461877822877,1.3993387758731854,1.3993387758731854,-0.22378116557891056,0.26523328330757207,1.0305552813605885,0.5353449441729431,0.7770967311157027,0.11592165373266305,-0.30998166306032143
-0.25417356111549816,0.353920521627656,1.08,-0.1971995782356229,0.26179854513084727,1.0097305740130254,0.02659208680713626,-0.003431913095633732,-0.020738110069298044,-0.40006869048593224,-0.49670797518276216,-0.5239552536429658,0.8814072458655466,-1.9918134056823013e-05,0.9442534805369058,-0.10059858300142509,-0.31686344662197,-0.6984207882189154,0.006636187680857513,0.003065598871492743,7.422214686275176e-05,0.028634331326270038,-1.719612653898313e-05,0.019817447503750647,-5.665774935246808e-05,-1.4961020708084114,-1.4961020708084114,2.5253165304660783,2.5253165304660783,2.4283663451671633,2.4283663451671633,1.7455738604068751,1.7455738604068751,0.07820597767829883,0.17855962991714489,1.4550247728824628,1.4550247728824628,-0.22379166504275916,0.265230458226481,1.0304686840823234,0.5337739544808705,0.7788059623868013,0.11567962801117371,-0.30848802591319235
-0.2541720480857034,0.35392363914338765,1.08,-0.1971920110476034,0.26180010623060046,1.0097207270229294,0.026592433011415673,-0.0034392290792691904,-0.020740910790062683,-0.4000562600778413,-0.49680671116413494,-0.5238682706007115,0.8814311218481746,-1.3690449282643859e-05,0.9459151720282076,-0.10059795849010736,-0.31893340257186453,-0.698420150418571,-0.0017362745202054036,-0.001364053504027643,4.2464033795955196e-05,0.03727046833537662,1.1712121958338521e-05,-0.08289608127520869,5.3590311449865464e-05,-1.511410367488862,-1.511410367488862,2.5305976569652544,2.5305976569652544,2.39688079953194,2.39688079953194,1.716812294721603,1.716812294721603,0.07820597767829883,0.17855962991714489,1.4124472200870526,1.4124472200870526,-0.22378444405901907,0.26523933530986965,1.030461637812992,0.5338441516413714,0.7787531200036553,0.1156650508309417,-0.3085054227386495
-0.2541718130393344,0.35392412345334634,1.08,-0.1972077742372181,0.2618085694966502,1.0097539409093828,0.026546234513783185,-0.003458504067079482,-0.02078082715261509,-0.4000538342070365,-0.4963827996955757,-0.5241971956213796,0.8811800940237907,4.421837012690606e-05,0.9480798566912304,-0.10058954202952278,-0.3271039935231318,-0.6984142515497099,-0.011035272724378537,-0.008546126750003257,0.0023577209562682176,0.04878078439855746,6.66235514700891e-05,-0.2375075839862645,0.00012886144159397157,-1.4720933794975288,-1.4720933794975288,2.5114157080650314,2.5114157080650314,2.4455642282962833,2.4455642282962833,1.7060206592082972,1.7060206592082972,0.10296958565711964,0.20332323789596568,1.3888367593288433,1.3888367593288433,-0.2237540087510013,0.2652670735637297,1.0305347680619978,0.5355857739938954,0.7768995218508132,0.11588631371255859,-0.31007317513363264
-0.25417458942599,0.3539184029112834,1.08,-0.19724618602749786,0.2618176093696651,1.009822423639325,0.02646940708839912,-0.003474234212757943,-0.020832162996424985,-0.4000801801261735,-0.49555666663003695,-0.524881126312607,0.8807885496103932,1.834812505780287e-05,0.9510654906684023,-0.10059209302521033,-0.33913861661086886,-0.6983220912076898,-0.015694652911335358,-0.006584569451065214,-0.0032442999785617793,0.06757043773634057,-3.0440530773960482e-05,-0.23805220879910927,0.0035885970737706617,-1.459027564525605,-1.459027564525605,2.523903119564055,2.523903119564055,2.4804003059864077,2.4804003059864077,1.7441227257251735,1.7441227257251735,0.0822924780845641,0.18264613032341015,1.3124459803104411,1.3124459803104411,-0.22371559311589698,0.265291843582423,1.03065458663575,0.5383804542217486,0.7739013432353876,0.11627324616104212,-0.31257595825274265
-0.2541800242388362,0.35390720592715014,1.08,-0.1972786667233466,0.26181458015424725,1.0098688234288178,0.026415677273438576,-0.0034750558338373927,-0.020857568708575913,-0.40012921551093567,-0.4950307722367712,-0.5253852588025518,0.8805334108894086,-6.219417944993304e-05,0.9535434689168191,-0.1005927792826101,-0.34733827288904734,-0.6982591388888838,-0.004357483312736243,-0.003255181492393521,-5.219919057871283e-05,0.03273112047962459,1.4704154941016653e-05,-0.0962801749542685,3.53897339478294e-05,-1.4958495020866402,-1.4958495020866402,2.515449827909468,2.515449827909468,2.544100278615955,2.544100278615955,1.6521483361721034,1.6521483361721034,0.1001364755630492,0.20049012780189526,1.3914871275424967,1.3914871275424967,-0.22369434399678517,0.26528963598808464,1.0307263921373937,0.5402328829589241,0.7719111323522346,0.11652337240585262,-0.31420365943723044
-0.2541818236949611,0.3539034989336916,1.08,-0.19727906557029523,0.26180855137036063,1.0098628759900743,0.02640916067078583,-0.0034692365840091055,-0.02085132660038891,-0.40014391461542537,-0.49512220895812886,-0.5253555630045253,0.8805166090123466,-6.0225857872127014e-05,0.9545721593094356,-0.10059221780096719,-0.3485738128290499,-0.6982617162880166,0.0046872521434051205,0.0021597455746510718,2.7235454344648546e-05,0.00933443791850908,-9.997209807744763e-07,0.03810605199749819,-0.00010195878590837554,-1.4442935824394234,-1.4442935824394234,2.516118603944777,2.516118603944777,2.580312973260883,2.580312973260883,1.6809215605258938,1.6809215605258938,0.12164259433746326,0.22199624657630931,1.4537607729434976,1.4537607729434976,-0.22368822624108106,0.26527778795436974,1.0307142025904632,0.5403808146673482,0.7717721234634275,0.1165143362556563,-0.3142940884444199
-0.254178902553242,0.35390951674758847,1.08,-0.19725903738805461,0.26180893084305135,1.009832645796527,0.026437505117481608,-0.00346495505828881,-0.020832507305776904,-0.4001162922202133,-0.49548651925434267,-0.5250251965444543,0.8807102091106935,-5.3254014366960504e-05,0.954622911101484,-0.10059423573126378,-0.3451725294164497,-0.6983035935914556,0.007702375132385448,0.0047515740693696564,0.00018657085553206717,-0.00430003167366324,-2.7550908208128276e-05,0.0876607156042218,-0.0016250262927425358,-1.487588846683503,-1.487588846683503,2.5540422022342666,2.5540422022342666,2.544331806898121,2.544331806898121,1.6600164473056789,1.6600164473056789,0.1068672466278075,0.20722089886665354,1.438090866804124,1.438090866804124,-0.22369654250553622,0.26527388590134016,1.0306651531023039,0.5393497846656728,0.7729058315442171,0.1163554016556606,-0.3133365696046104
-0.25417338487640717,0.3539208847531831,1.08,-0.19724606402290984,0.261821716080154,1.0098266985416204,0.026446829219269913,-0.0034773228427025793,-0.020843455988464488,-0.40006688131737717,-0.49553268450426313,-0.5249034231375782,0.8807801132724206,-2.145606630531496e-05,0.9547690059766611,-0.10058552832234856,-0.34491888066673115,-0.698337362716893,-0.0025383065456073633,-0.001488519124302104,0.0005364567401320783,0.009482079953297114,0.00010759728750024595,-0.05791869628454118,-1.395206682981745e-05,-1.5000955164432535,-1.5000955164432535,2.5796847522258743,2.5796847522258743,2.497230738401417,2.497230738401417,1.7371169507503506,1.7371169507503506,0.15247575521469103,0.2528294074535371,1.3838399469852458,1.3838399469852458,-0.22369289324217975,0.26529903892285656,1.030670154530085,0.5391181798000967,0.7731479026993984,0.11632874035665242,-0.31314778129117715
-0.2541739044487053,0.3539198142232394,1.08,-0.19726041305694664,0.2618268833570992,1.0098542648946232,0.026419584777936267,-0.003485908298898055,-0.020866749373002147,-0.40007363452235617,-0.4951939832885948,-0.5251738410817692,0.8806115453772296,-1.0835964590167466e-05,0.9550096657864411,-0.10057264602152427,-0.34852377923181854,-0.698331328317732,-0.007360910969056413,-0.004226556108726624,1.4702775946883664e-05,0.0006464847430868464,9.346494356132914e-05,-0.08078631080764044,0.00016554232394626412,-1.4687032639980324,-1.4687032639980324,2.5372405946254717,2.5372405946254717,2.45321546196938,2.45321546196938,1.686376571655273,1.686376571655273,0.17147807359695422,0.2718317258358003,1.427834051847459,1.427834051847459,-0.2236799978348829,0.26531279165599725,1.0307210142676253,0.5401129679381149,0.7720538214267283,0.11647512549611863,-0.3140770985381292
-0.25417341081016775,0.35392083131880253,1.08,-0.19728506503257207,0.26184055508400844,1.0099068956482122,0.02638261843733883,-0.0034928375171901505,-0.02089872144553273,-0.40006781059625485,-0.4945531714016521,-0.5256027065914866,0.8804220389966689,-1.4847289660677968e-05,0.9544853557033703,-0.1005842373291292,-0.3522903285825294,-0.6983314709415022,-0.009563021461976143,-0.004121912886624874,-9.278356581300762e-05,-0.020530324843657535,-0.00011976372507143102,-0.06993158487487372,-6.388610236216686e-05,-1.470779466629029,-1.470779466629029,2.607838767766951,2.607838767766951,2.4974733650684398,2.4974733650684398,1.6462727904319758,1.6462727904319758,0.14478409767150865,0.24513774991035472,1.5039525449275981,1.5039525449275981,-0.2236676834699109,0.2653333926011986,1.030805617093745,0.5413911632376487,0.7706222784152601,0.1166823740674835,-0.3153127589556677
-0.25417050838181704,0.3539268117303618,1.08,-0.19731674563832577,0.2618659668238568,1.00998320632908,0.026338839647306295,-0.003499756450414504,-0.02094043863587247,-0.4000413512999082,-0.49362841851610473,-0.5261230330404697,0.8802485084263593,-2.7317050864658107e-05,0.9534218265859344,-0.10059222669102424,-0.3559847103650575,-0.6984619855637806,-0.010858717633653103,-0.003183537283480549,-0.00021230811822760734,-0.022074482430353967,-7.32891414982831e-05,-0.0751456682964399,-0.0053698380335993725,-1.5519412159919745,-1.5519412159919745,2.665397828817366,2.665397828817366,2.5632990300655405,2.5632990300655405,1.6692838549613949,1.6692838549613949,0.12807226657867418,0.22842591881752025,1.5454792439937601,1.5454792439937601,-0.22365558528563206,0.2653657232742713,1.0309236449649524,0.5427804637207823,0.7690276871084485,0.11689922345556547,-0.3167338886497133
-0.25417046610702176,0.3539268988398976,1.08,-0.1973588610836195,0.2618865518776317,1.0100704698447138,0.02627851282111293,-0.003506655287047078,-0.02098788892169412,-0.4000424699394541,-0.4925845788753723,-0.526790293294907,0.8799347179380048,-2.023379868599553e-05,0.9523253598565491,-0.10058616766591975,-0.36151610409649515,-0.6985903502159669,-0.015328483138608889,-0.00813298153177029,0.00010091927235742694,-0.02211933701138334,8.927942838923971e-05,-0.1330669690126038,-0.0002716973099133905,-1.501562416553498,-1.501562416553498,2.584544599056242,2.584544599056242,2.63041819930077,2.63041819930077,1.6617813646793362,1.6617813646793362,0.14081333160400378,0.24116698384284985,1.550368458032609,1.550368458032609,-0.22363737390473243,0.2653932071646788,1.031058358766408,0.5446962536751683,0.7668355635239605,0.11717505926322294,-0.3186521853585611
-0.2541759219440396,0.3539156574840637,1.08,-0.19740324857598254,0.2618892338126968,1.0101418246028355,0.026221671972032096,-0.0035036254943003886,-0.021019608726647432,-0.40009273804734435,-0.49174600323519496,-0.5274707074991093,0.8795681136476978,-2.9497555255912313e-05,0.9505285597934501,-0.10058271220962416,-0.3656069031509044,-0.6985903137376983,-0.011991634255095569,-0.006235592153310414,-0.000121810878942912,-0.048488746732510885,4.1912242187977777e-05,-0.04472917563429163,6.68749843771614e-05,-1.5668757081031806,-1.5668757081031806,2.539583182334898,2.539583182334898,2.5679794967174567,2.5679794967174567,1.6464960873126981,1.6464960873126981,0.13416105389595018,0.23451470613479625,1.5148034632205971,1.5148034632205971,-0.22362492054801464,0.2653928593069972,1.031161433329483,0.5464946834702606,0.7647795843332937,0.11745745007123479,-0.32040520555773966
-0.25418019714216644,0.3539068497287293,1.08,-0.19742756204881254,0.26188625812595084,1.010176091436831,0.026202256202553814,-0.003495915364214508,-0.0210290909907338,-0.40012982944961306,-0.4913614126393488,-0.5277979472429186,0.8794408931302723,-4.8355050444484636e-05,0.9483779151445628,-0.10060038407983571,-0.36498546438929363,-0.6985921712273875,-0.0018724605878990648,-0.00011631415566828069,-0.00021935555944128894,-0.037937493512666405,-0.0001379968405054623,0.050943503632018806,-9.97126460418912e-05,-1.5179529428482061,-1.5179529428482061,2.569265365600584,2.569265365600584,2.649042385816578,2.649042385816578,1.7216632187366483,1.7216632187366483,0.0791833388805388,0.17953699111938487,1.4340116083621988,1.4340116083621988,-0.22362981825136635,0.26538217349016535,1.0312051824275648,0.5470134837758247,0.7641576668032957,0.11756203245344696,-0.3209649160867796
-0.25418108475943735,0.3539050211691672,1.08,-0.19742059288198346,0.261879807265851,1.0101582524151242,0.02623024140186786,-0.0034787442331046248,-0.02100132174755842,-0.400137340562651,-0.4916017425433168,-0.5275889801355119,0.8796169936165139,-6.373144322740456e-05,0.946651416239808,-0.10060367044748122,-0.3591630604795966,-0.69866533718252,0.009945700703649571,0.007106789100482741,-0.00024299769644926868,-0.03177744602086884,-3.639953513320835e-05,0.1764114213419196,-0.0034202030580411115,-1.4854977607727056,-1.4854977607727056,2.5834940552711467,2.5834940552711467,2.595213019847874,2.595213019847874,1.7256437361240384,1.7256437361240384,0.0791833388805388,0.17953699111938487,1.4697531044483194,1.4697531044483194,-0.22365083428385132,0.2653585514989556,1.0311595741626827,0.5458627164946884,0.7654305983192597,0.1174021971543,-0.3199478363749355
-0.2541770201171123,0.353913394947752,1.08,-0.19739659204704907,0.26188220684589275,1.0101238540030586,0.02627462772313338,-0.0034742707146545038,-0.02097816914053907,-0.40009919409077904,-0.492001332911106,-0.5271197096485292,0.8799540074239259,-4.871355890393581e-05,0.9461507143575864,-0.10060346311543027,-0.35324620287683184,-0.6988969442195628,0.008345965328368642,0.006071534058580483,0.00030727989758198924,0.008172784366938038,1.174219224172111e-05,0.07600387987576368,-0.0056014286389935485,-1.5166996061801916,-1.5166996061801916,2.5663207769393903,2.5663207769393903,2.524766618013386,2.524766618013386,1.783267933130264,1.783267933130264,0.0791833388805388,0.17953699111938487,1.4325464308261882,1.4325464308261882,-0.22367121977018245,0.26535647756054725,1.0311020231435977,0.5441574723277284,0.7673100125765725,0.11711569224575752,-0.31845235835119046
-0.2541733222120802,0.35392101386800545,1.08,-0.1973842301587609,0.2618889900305433,1.0101122259179578,0.02628604189914413,-0.0034812390219998712,-0.020979271658772225,-0.4000667919291708,-0.49212884240149435,-0.5268594071981515,0.8801357189661867,-3.192794203792338e-05,0.9480396988057107,-0.10060214764245655,-0.3537797889884179,-0.6991472787945291,0.002251367298684307,0.0012178025399254163,0.00022737579374687024,0.06473832035392274,2.7668539943733513e-05,-0.08748012880049379,-0.0038281061255452296,-1.5334121942520147,-1.5334121942520147,2.547728002071379,2.547728002071379,2.4772811472415963,2.4772811472415963,1.8200659930706022,1.8200659930706022,0.0791833388805388,0.17953699111938487,1.3702666401863108,1.3702666401863108,-0.22367027205790502,0.26537022905254315,1.03109149757673,0.543644941096671,0.7678748495069857,0.11695646777620097,-0.3180244930189113
-0.2541755650780955,0.35391639273755576,1.08,-0.19737931440597503,0.2618788506413662,1.0100935450274091,0.02628236738407494,-0.003477202500407839,-0.020967134193192072,-0.40008876472751376,-0.4923679706511253,-0.5266759747558551,0.8802010410870127,-4.462413774286688e-05,0.9514269270688069,-0.10059411571756216,-0.3569669376778274,-0.6992909125159006,0.00551007003502698,0.0021475640491273925,-0.00028610669105499155,0.06993963655697119,6.466993537214813e-05,-0.046407381709518546,-0.002238192179880279,-1.5609078109264378,-1.5609078109264378,2.5018546938896162,2.5018546938896162,2.479939919710163,2.479939919710163,1.7405889511108397,1.7405889511108397,0.09928433775901781,0.19963798999786386,1.3854158282279978,1.3854158282279978,-0.22366168179004997,0.265356053141774,1.0310606792206012,0.5436281620643534,0.7679385497299196,0.11684548646348947,-0.31794014773594037
-0.2541750676881454,0.353917417523684,1.08,-0.1973677700113285,0.26187496695357265,1.0100715121894142,0.026280137473884302,-0.003484928318572278,-0.0209673876767118,-0.4000829055035901,-0.49261888259741626,-0.5265025388347625,0.880233176377096,-3.449615687251879e-05,0.9544468764867828,-0.10057625281512823,-0.36041067333067756,-0.6993326491145447,0.0011589588027420025,-0.0004327749877176267,0.0002580161650610479,0.05226860670169894,0.00012359503422325994,-0.08254016132872596,-6.907647470986732e-05,-1.5391692101955419,-1.5391692101955419,2.490047448873518,2.490047448873518,2.543396347761158,2.543396347761158,1.6823800861835478,1.6823800861835478,0.168566881418228,0.2689205336570741,1.3972326755523692,1.3972326755523692,-0.2236479074852128,0.26535989527214493,1.031038899866126,0.543734285311503,0.7678657495862098,0.11679584565531365,-0.3179527449588343
-0.2541781092643277,0.35391115106327486,1.08,-0.19735763695574643,0.2618595335282598,1.010039036641226,0.02628870104628614,-0.003477854286312587,-0.020946494327326093,-0.40011165280399175,-0.49302925130920217,-0.5262635979459263,0.8803280446000941,-5.612951357380029e-05,0.956863815340127,-0.10057708382497385,-0.3612458263320508,-0.6993609591169012,0.008534281212334691,0.004129461132311232,-0.00037543378746459613,0.04445624266841287,-3.433891436714835e-05,0.03112194464580597,-0.0012290251424166084,-1.6106390416622167,-1.6106390416622167,2.5251326858997327,2.5251326858997327,2.5250354170799296,2.5250354170799296,1.7134796917438506,1.7134796917438506,0.18548656582832324,0.2858402180671693,1.466857600212098,1.466857600212098,-0.22364633800203257,0.2653373878145724,1.030985530968552,0.5433556915374218,0.7683368522055853,0.11667690595733576,-0.31750523402445785
-0.31498644,0.41614122,0.95572559,-0.23080879,0.36672512,0.87658621,-0.09691831110694707,0.1232193293901182,-0.15660492221214029,0.0,0.0,-0.05364067077636725,-0.20109710021972654,0.11691943145751951,1.1779613586425777,1.3663156076049803,0.0,-0.10035403411865262,-0.00383503979639003,-0.0536905571494582,0.0038350397963897525,0.0,-0.04602047755668036,0.0,0.0,0.0,0.0,-0.003067961575770717,-0.004601942363656925,3.9914253564886453,3.9914253564886453,2.497320722677824,2.4973207226778236,6.24177517231688,6.255580999407853,0.0015339807878858025,-0.0015339807878858025,-0.13389047889305294,0.2435057906098818,1.0331911322121403,-0.002389673749616459,0.6414246089368305,-0.3176358491722195,0.6983381901559211
-0.31498644,0.41614122,0.95572559,-0.23080879,0.36672512,0.87658621,-0.09670940756016924,0.12802243395032223,-0.15165463682899227,0.0,0.0,-0.05325717559814458,-0.2033980712890625,0.11653593627929687,1.1794953393554684,1.3663156076049803,-0.0015266343776789704,-0.1007375292968753,0.0038355576085509734,0.0,0.0,0.0038355576085509734,0.0038355576085509734,-0.0,0.0,0.0,0.0,-0.027611654181940892,-0.004601942363656925,3.9883573949128737,3.983755452549217,2.497320722677824,2.4973207226778236,6.24177517231688,6.252513037832081,0.0,-0.0015339807878858025,-0.13409938243983077,0.2387026860496778,1.0282408468289923,-0.008583577784750392,0.6400871950396865,-0.32381282067648254,0.6966778036540131
-0.31498644,0.41614122,0.95572559,-0.23080879,0.36672512,0.87658621,-0.09594147458805738,0.12855195442399614,-0.15087424232404334,0.0,0.0,-0.05325717559814458,-0.2041650616455078,0.11653593627929687,1.1802623297119137,1.3663156076049803,0.047560750834661825,-0.1007375292968753,0.0038351206042357014,0.0038351206042357014,0.0,0.007670241208471403,0.0,0.45563672,-0.0038351206042357014,0.0,0.0,-0.027611654181940892,-0.004601942363656925,3.9852894333371025,3.9822214717613313,2.497320722677824,2.4973207226778236,6.24177517231688,6.254047018619968,0.0,-0.0015339807878858025,-0.13486731541194263,0.23817316557600388,1.0274604523240434,-0.010263517735333115,0.6399648763596683,-0.3240964340987211,0.6966355708935229
-0.31498644,0.41614122,0.95572559,-0.23080879,0.36672512,0.87658621,-0.09568344335103765,0.12873087118394647,-0.15062849491942198,0.0,0.0,-0.05364067077636725,-0.20531554718017575,0.11653593627929687,1.1806458248901364,1.3659321124267576,0.11965784786528699,-0.1007375292968753,0.0,-0.007670295593260623,0.0,0.0,-0.003835147796630589,0.28777056,0.0,0.0,0.0,-0.027611654181940892,-0.004601942363656925,3.9822214717613313,3.9822214717613313,2.497320722677824,2.4973207226778236,6.24177517231688,6.252513037832081,0.0,0.0,-0.13512534664896236,0.23799424881605355,1.027214704919422,-0.010829489857490873,0.6398931832084997,-0.32410635324351633,0.6966882430613486
-0.31498644,0.41614122,0.95572559,-0.23080879,0.36672512,0.87658621,-0.09377761044639224,0.1252889928404599,-0.1451032744035491,0.0,0.0,-0.00953872528076194,-0.184990302734375,0.10579807128906249,1.1568691238403317,1.3475243438720703,0.1871530025322552,-0.27982977752685567,0.1380241652901197,0.03834004591392233,-0.04217405050531473,-0.15719418824708395,-0.06901208264505874,0.31175144,-0.30672036731137864,0.2270291566070749,0.22089323345553247,0.22549517581918987,-0.0030679615757712823,3.9346680673368764,3.950007875215733,2.3163109897073184,2.313243028131547,6.208027594983396,6.215697498922827,-0.2270291566070748,-0.23776702212227452,-0.13703117955360777,0.2414361271595401,1.0216894844035491,-0.06509968095280282,0.5811215189881203,-0.36167037841019706,0.7261228195625089
-0.31498644,0.41614122,0.95572559,-0.23080879,0.36672512,0.87658621,-0.09193533447465854,0.12332978806327238,-0.1382568718045981,0.0,0.0,0.019223413085937446,-0.1746359329223633,0.10503108093261718,1.1223545578002927,1.3728350256347657,0.24697825325979528,-0.3350530831909184,0.15339902389700208,0.065194585156225,0.0,-0.1725739018841279,0.16106897509185242,0.26378967999999997,-0.28378819420945317,0.3221359654559846,0.31600004230444156,0.31906800388021317,-0.0030679615757712823,3.9346680673368764,3.950007875215733,2.2334760271614935,2.2304080655857224,6.2678528457109355,6.2739887688624805,-0.3666214083046686,-0.37889325460775325,-0.13887345552534147,0.24339533193672763,1.0148430818045981,-0.09298521668295426,0.555869766797675,-0.38726517555878004,0.7296493922687456
-0.31498644,0.41614122,0.95572559,-0.23080879,0.36672512,0.87658621,-0.09720164127354017,0.1134461771229815,-0.14684335820162875,0.0,0.0,0.03302923950195291,-0.1474077752685547,0.1046475857543945,1.0889904772949217,1.3762864822387695,0.23163844538093858,-0.37877153350830106,0.03068941308051388,0.18030030184802542,-0.003836176635064513,-0.1611194186727051,-0.0959044158766106,-0.38369408,-0.2378429513739909,0.3313398501832985,0.3267379078196413,0.4019029664260385,-0.0015339807878856394,3.9346680673368764,3.950007875215733,2.147573103039898,2.1429711606762405,6.266318864923051,6.2724547880745956,-0.40957287036546663,-0.4218447166685513,-0.13360714872645985,0.2532789428770185,1.0234295682016288,-0.09471307231171354,0.5368298773948663,-0.4001448701354478,0.7367002101084094
-0.31498644,0.41614122,0.95572559,-0.23080879,0.36672512,0.87658621,-0.10185998435372526,0.1045817857372347,-0.15288104332515073,0.0,0.0,0.03302923950195291,-0.13551942474365236,0.10234661468505857,1.04833998840332,1.325665118713379,0.16414329071397038,-0.3918103695678714,-0.00383656478916101,0.011509694367482476,-0.011509694367482753,-0.19566480424720709,-0.2225207577713297,-0.26378967999999997,-0.057548471837415155,0.2577087723647877,0.25157284921324496,0.47246608266877743,0.0015339807878856394,3.936202048124762,3.950007875215733,2.0586022173425302,2.0540002749788737,6.166610113710483,6.174280017649915,-0.4601942363656928,-0.47400006345666323,-0.12894880564627476,0.2621433342627653,1.0294672533251508,-0.08392281339423147,0.5688360508781105,-0.40968260428021974,0.7081967751716818
-0.31498644,0.41614122,0.95572559,-0.23080879,0.36672512,0.87658621,-0.10959411475036354,0.11494626561141097,-0.14173776933776006,0.0,0.0,0.011937004699706932,-0.13551942474365236,0.10119612915039061,1.0264807632446287,1.2800291925048828,0.11045396313797307,-0.40254823455810573,-0.12659662383698975,0.02301756797036147,0.0,-0.038362613283937634,-0.2225031570468294,-0.2398088,-0.049871397269118926,0.18561167533416256,0.17947575218261935,0.5230874486690036,0.0015339807878856394,3.936202048124762,3.950007875215733,2.024854640009046,2.018718716857504,6.076105247225231,6.079173208801004,-0.4693981210930067,-0.48473792897186296,-0.12121467524963647,0.25177885438858905,1.01832397933776,-0.08387575341650261,0.5935132702762067,-0.434410717290539,0.6723051276749091
-0.31498644,0.41614122,0.95572559,-0.23080879,0.36672512,0.87658621,-0.1166616927170632,0.1341267776682553,-0.12887883784107756,0.0,0.0,-0.0060872686767579065,-0.13360194885253907,0.0942932159423828,1.0119079464721676,1.2769612310791016,0.050628712410432986,-0.4029317297363284,-0.04602133817545322,-0.007670223029242296,-0.06136178423393837,-0.14189912604098318,0.07670223029242573,-0.31175144,0.0,0.16106798272799233,0.15800002115222078,0.5890486225480869,0.0015339807878856394,3.905522432367049,3.9193282594580205,1.9941750242513336,1.9895730818876765,6.065367381710031,6.0745712664373475,-0.4709321018808925,-0.48473792897186296,-0.11414709728293682,0.23259834233174473,1.0054650478410776,-0.08454748841788992,0.6135345775049038,-0.46060865782225846,0.6358197140285001
-0.31498644,0.41614122,0.95572559,-0.23080879,0.36672512,0.87658621,-0.12005955842602292,0.14233130936651925,-0.1274105589572102,0.0,0.0,-0.0060872686767579065,-0.11250971405029296,0.07703593292236327,0.9977186248779293,1.307640845336914,0.06290055871351807,-0.42210648864746103,0.0,0.13424012192599732,-0.08054407315559825,-0.0115062961650859,0.15725271425616733,0.26378967999999997,-0.15341728220113646,0.23930100291016,0.23623304133438872,0.6826214506091102,0.0015339807878856394,3.8272894121848813,3.844163200851624,1.9941750242513336,1.9880391010997909,6.1282605940133426,6.137464478740659,-0.5062136600022615,-0.5215534678811178,-0.11074923157397709,0.22439381063348077,1.0039967689572102,-0.070334033071662,0.6378331285048273,-0.46596863365334734,0.6091758829967348
-0.31498644,0.41614122,0.95572559,-0.23080879,0.36672512,0.87658621,-0.11925995028314543,0.13334843374097738,-0.1369960681357706,0.0,0.0,0.019990403442382787,-0.09486893585205078,0.06399709686279295,0.9977186248779293,1.3225971572875976,0.14420154047145717,-0.42287347900390637,0.18405969371181477,0.03451119257096527,-0.057518654284942114,0.0,0.04601492342795536,0.38369408,-0.0038345769523296133,0.33440781175906975,0.3298058693954129,0.7746602978822494,0.0015339807878856394,3.761328238305799,3.778202026972542,1.9972429858271048,1.995709005039219,6.1635421521347125,6.174280017649915,-0.5062136600022615,-0.5215534678811178,-0.11154883971685459,0.23337668625902264,1.0135822781357706,-0.06075295093468251,0.6358832514817325,-0.46349455846137716,0.614112663698153
-0.31498644,0.41614122,0.95572559,-0.23080879,0.36672512,0.87658621,-0.11088968898345988,0.11634454214514861,-0.14343634110462122,0.0,0.0,0.04798555145263661,-0.06610679748535156,0.03983690063476561,0.9739419238281246,1.3214466717529296,0.16874523307762734,-0.4389802764892581,0.0843715867893787,0.19942375059307496,-0.14189766869122641,-0.1687431735787574,-0.02301043276074025,-0.0,-0.1610730293251773,0.3850291777592959,0.37889325460775325,0.8682331259432727,0.0030679615757712823,3.6953670644267165,3.7122408530934585,1.9220779272207085,1.9174759848570513,6.162008171346827,6.168144094498372,-0.5384272565478607,-0.5553010452146019,-0.11991910101654013,0.2503805778548514,1.0200225511046213,-0.06748960644826946,0.6125985958207292,-0.4538697837156717,0.6435606675751852
-0.31498644,0.41614122,0.95572559,-0.23080879,0.36672512,0.87658621,-0.10029701043097008,0.10183945331637956,-0.14533531868763416,0.0,0.0,0.04913603698730462,-0.04463106750488281,0.021045636901855458,0.9271555120849606,1.324514633178711,0.13192969416837208,-0.48883464965820345,0.0038391090382309326,0.0614257446116927,-0.08446039884107746,-0.27641585075261826,0.09597772595577109,-0.31175144,-0.28793317786731104,0.3850291777592959,0.37889325460775325,0.9618059540042969,0.026077673394055898,3.6340078329112906,3.6539495831538042,1.8269711183717987,1.820835195220256,6.166610113710483,6.1758139984378,-0.6258641614573417,-0.6412039693361979,-0.13051177956902993,0.26488566668362046,1.0219215286876342,-0.07120050675377217,0.6165069488205704,-0.45118912289938173,0.6413096329163029
-0.31498644,0.41614122,0.95572559,-0.23080879,0.36672512,0.87658621,-0.10251218478522298,0.10415643766198673,-0.145321904369894,0.0,0.0,0.04875254180908195,-0.028524270019531256,0.019511656188964832,0.8734661871337888,1.3344855078125,0.1043180399864303,-0.5268006723022465,0.0,0.0958753918396921,0.0038350156735876867,-0.23777097176243628,-0.007670031347175651,-0.02398088,-0.15340062694350856,0.38656315854718154,0.38349519697140977,1.0446409165501223,0.05982525072754,3.6079301595172346,3.6278719097597483,1.7333982903107745,1.7287963479471176,6.191153806316654,6.198823710256084,-0.6826214506091102,-0.6994952392758522,-0.12829660521477704,0.2625686823380133,1.021908114369894,-0.06574862064550453,0.640971748207951,-0.4688314029461191,0.6041766732455255
-0.31498644,0.41614122,0.95572559,-0.23080879,0.36672512,0.87658621,-0.11474498516412737,0.10884865398540017,-0.14994756915426055,0.0,0.0,0.04875254180908195,0.0013883538818359326,0.017977675476074206,0.8412525921630858,1.299970941772461,0.05523065477408995,-0.5413734890747075,0.0,0.16107700483040643,-0.015340667126705381,-0.12272533701364305,-0.2416155072456096,-0.33573232,-0.049857168161794294,0.3942330624866098,0.3911651009108379,1.1351457830353748,0.11044661672776616,3.572648601395865,3.5910563708504935,1.6705050780074633,1.6643691548559205,6.1221246708618,6.126726613225459,-0.7071651432152812,-0.7255729126699082,-0.11606380483587264,0.25787646601459985,1.0265337791542606,-0.05010858537311618,0.656190872011225,-0.48419356841460204,0.5765928003946869
-0.31498644,0.41614122,0.95572559,-0.23080879,0.36672512,0.87658621,-0.11620077220604189,0.10817321076747144,-0.14607103849860892,0.0,0.0,0.05143700805664042,0.02478155975341796,-0.0034980545043945405,0.7983011322021483,1.284247639465332,0.02608501980426281,-0.5682181515502931,0.023008084251882232,0.13421382480265437,-0.13804850551130166,-0.2607582881880127,0.007669361417294817,-0.0,-0.2109074389755986,0.4433204476989503,0.43871850533529333,1.2302525918842848,0.18867963690993386,3.503619465941011,3.525095196971411,1.5938060386131812,1.5861361346737528,6.08684311274043,6.09451301667986,-0.7608544707912781,-0.7761942786701344,-0.11460801779395813,0.2585519092325286,1.022657248498609,-0.045544491809350524,0.681998521983837,-0.4884991291485918,0.5423765445691368
-0.31498644,0.41614122,0.95572559,-0.23080879,0.36672512,0.87658621,-0.11216250912715256,0.11011420559586638,-0.1410541114970959,0.0,0.0,0.07329623321533196,0.05584466918945312,-0.02267281341552735,0.7495972445678709,1.314160263366699,0.050628712410432986,-0.6146210681152344,0.14573536850916832,0.15724079233883861,-0.06903254297802663,-0.2492841829762077,0.2147679114871931,0.21582791999999998,-0.19942734638096438,0.5016117176386047,0.493941813699176,1.325359400733194,0.2730485802436441,3.462201984668099,3.480609754122727,1.4971652489763858,1.491029325824843,6.151270305831627,6.157406228983172,-0.8375535101855602,-0.8544272988523023,-0.11864628087284745,0.25661091440413364,1.017640321497096,-0.044381428121450114,0.7038995129224326,-0.4968332102071842,0.5056802604222222
-0.31498644,0.41614122,0.95572559,-0.23080879,0.36672512,0.87658621,-0.11102371207416986,0.10080373746129329,-0.1496231764081103,0.0,0.0,0.09822341979980465,0.09266020629882811,-0.023056308593750005,0.6997428713989255,1.355577742614746,0.06750250107717504,-0.6629414605712891,0.1150533891607453,0.19942587454528835,0.0,-0.27229302101376024,0.1955907615732619,-0.0,-0.264622795069706,0.5798447378207724,0.5737088146692297,1.420466209582104,0.3512816004258118,3.456066061516556,3.4775417925469556,1.3989904785517049,1.3959225169759333,6.238707210741109,6.244843133892653,-0.9219224535192705,-0.9372622613981267,-0.11978507792583015,0.26592138253870673,1.0262093864081103,-0.04075424930454589,0.7085073875704748,-0.5014848027547543,0.49484276849087033
-0.31498644,0.41614122,0.95572559,-0.23080879,0.36672512,0.87658621,-0.11791027650380162,0.08811019252245494,-0.16629883797504663,0.0,0.0,0.1170146835327146,0.1260242868041992,-0.023056308593750005,0.6487380126953124,1.361330170288086,0.08437628974391709,-0.7116453482055665,0.08053877142977926,0.19175897959471602,0.0,-0.2838032898001791,-0.0460221551027291,0.19184704,-0.25312185306502116,0.6488738732756263,0.6396699885483121,1.5125050568552423,0.43871850533529333,3.456066061516556,3.47600781175907,1.3023496889149093,1.2977477465512524,6.254047018619966,6.261716922559396,-1.0108933392166382,-1.0231651855197228,-0.1128985134961984,0.27861492747754507,1.0428850479750467,-0.027630169699640883,0.7133933136104591,-0.5007341631584892,0.48946077643078384
-0.31498644,0.41614122,0.95572559,-0.23080879,0.36672512,0.87658621,-0.12186187731950296,0.08342293283046309,-0.17150138381744273,0.0,0.0,0.13158750030517563,0.1505679782104492,-0.023056308593750005,0.5969661636352537,1.3206796813964843,0.08897823210757405,-0.7622667117309572,0.08436478086893621,0.12271240853663329,0.0,-0.2492595798400365,-0.24542481707326658,-0.14388528,-0.2722681564406516,0.722504951094137,0.7163690279425943,1.6030099233404949,0.5092816215780328,3.456066061516556,3.474473830971185,1.214912784005428,1.2103108416417707,6.172746036862026,6.178881960013571,-1.0967962633382333,-1.1090681096413189,-0.10894691268049705,0.2833021871695369,1.0480875938174428,-0.026887927766122286,0.7174834794674662,-0.5111676183657611,0.47244276051811546
-0.31498644,0.41614122,0.95572559,-0.23080879,0.36672512,0.87658621,-0.11972903217054634,0.08687917147602475,-0.16093284756497683,0.0,0.0,0.1553642013549803,0.17050972747802734,-0.023823298950195318,0.5578496554565429,1.284247639465332,0.10278405919854494,-0.8094366186523438,0.1342397258692122,0.11506262217361038,-0.007670841478240673,-0.17642935399953522,-0.17259393326041694,0.31175144,-0.24546692730370154,0.8145437983672755,0.8068738944278468,1.6950487706136341,0.5261554102447749,3.456066061516556,3.474473830971185,1.1397477253990314,1.1351457830353744,6.091445055104087,6.09451301667986,-1.1842331682477152,-1.1934370529750291,-0.11107975782945367,0.27984594852397526,1.0375190575649769,-0.04541691015318129,0.7231442567407173,-0.5321360138517188,0.4379851036017742
-0.31498644,0.41614122,0.95572559,-0.23080879,0.36672512,0.87658621,-0.11195145369031803,0.08549791844583393,-0.15120234955247247,0.0,0.0,0.1848933300781248,0.20349031280517577,-0.0257407748413086,0.5175826617431638,1.2811796780395506,0.1733471754412843,-0.8608249725341799,0.1380426128887053,0.14571164693807934,-0.011503551074058916,-0.19172585123431554,0.07669034049372445,0.3597132,-0.2990923279255293,0.9019807032767571,0.8943107993373287,1.793223541038314,0.5261554102447749,3.456066061516556,3.474473830971185,1.055378782065321,1.0492428589137783,6.083775151164659,6.092979035891975,-1.2762720155208536,-1.2824079386723959,-0.11885733630968198,0.2812272015541661,1.0277885595524725,-0.07084073957284152,0.7234456220918862,-0.5485813846077924,0.4131180048783326
-0.31498644,0.41614122,0.95572559,-0.23080879,0.36672512,0.87658621,-0.10777431526897732,0.07804174588687629,-0.1527038055431854,0.0,0.0,0.20406808898925766,0.2383883740234375,-0.027274755554199222,0.46772828857421866,1.3126262826538087,0.25618213798710876,-0.9183492492675782,0.05752163994142342,0.16873014382817575,0.0,-0.2415908877539788,0.14188671185551213,0.40767496,-0.2876081997071149,0.966407896367954,0.9587379924285253,1.8867963690993381,0.5261554102447749,3.472939850183298,3.4944155812136977,0.95720401164064,0.9541360500648688,6.151270305831627,6.157406228983172,-1.3729128051576494,-1.3744467859455343,-0.12303447473102269,0.2886833741131237,1.0292900155431854,-0.08737160768846707,0.7087111322187932,-0.5672287397206781,0.4103002438141855
-0.31498644,0.41614122,0.95572559,-0.23080879,0.36672512,0.87658621,-0.11333352470937577,0.07530967307248482,-0.16276563360272422,0.0,0.0,0.205985564880371,0.2652330364990234,-0.026124270019531257,0.407136050415039,1.3225971572875976,0.3482209852602476,-0.9731890597534183,0.0,0.1303427771196886,0.011500833275266633,-0.3181897206157093,0.0,0.45563672,-0.2990216651569353,1.0108933392166375,1.0016894544893233,1.9788352163724774,0.5261554102447749,3.502085485153126,3.525095196971411,0.8605632220038446,0.8574952604280734,6.171212056074141,6.178881960013571,-1.463417671642902,-1.4680196140065584,-0.11747526529062424,0.2914154469275152,1.0393518436027243,-0.08523485299616287,0.6920287998274857,-0.5891599068612905,0.4083157652984366
-0.31498644,0.41614122,0.95572559,-0.23080879,0.36672512,0.87658621,-0.12363475671002747,0.08705260085293004,-0.16510015063237338,0.0,0.0,0.21557294433593732,0.2916942037963867,-0.025357279663085944,0.34309235565185525,1.2980534658813476,0.4433277941091571,-1.0211259570312503,0.07286382811026847,0.13422284125575681,0.007669876643186111,-0.341309510621781,-0.18407703943646667,0.45563672,-0.23776617593876917,1.073786551519949,1.064582666792635,2.0632041597061868,0.5276893910326605,3.508221408304668,3.5296971393350676,0.7654564131549351,0.7608544707912781,6.123658651649686,6.125192632437573,-1.5523885573402687,-1.5569904997039261,-0.10717403328997255,0.27967251914707,1.0416863606323734,-0.08290224414118776,0.6694222762143994,-0.6252755479227224,0.3924684996203217
-0.31498644,0.41614122,0.95572559,-0.23080879,0.36672512,0.87658621,-0.12180362960512484,0.10122076539626251,-0.15395961171042083,0.0,0.0,0.24740304412841785,0.3338786734008789,-0.02459028930664063,0.2993739053344724,1.246281616821289,0.5322986798065243,-1.091689069824219,0.11889680742383794,0.17259213980879734,0.003835380884639938,-0.07287223680815924,-0.1265675691931181,0.43165583999999996,-0.2339582339630358,1.1474176293384597,1.1382137446111456,2.182854661161267,0.5276893910326605,3.5818524861231786,3.601794236365693,0.674951546669682,0.6688156235181393,6.010144073346148,6.014746015709807,-1.6321555583103224,-1.6413594430376364,-0.10900516039487518,0.2655043546037375,1.0305458217104209,0.11138643824559649,-0.6293923364745762,0.679373562506086,-0.3604301745551045
-0.31498644,0.41614122,0.95572559,-0.23080879,0.36672512,0.87658621,-0.11087281940959717,0.09536548341017198,-0.14978553310933107,0.0,0.0,0.25353896697998035,0.36839323944091795,-0.019988347167968754,0.25565545501708975,1.2677573468017578,0.6228035462917774,-1.146145385131836,0.0,0.20710399769668955,0.04602311059926441,-0.233950812212927,0.12272829493137176,0.45563672,-0.2684681451623721,1.1642914180052018,1.1550875332778876,2.2718255468586346,0.6059224112148283,3.6462796792143757,3.6692893910326614,0.5936505649117434,0.5875146417602006,6.054629516194832,6.062299420134263,-1.7195924632198043,-1.7303303287350031,-0.11993597059040284,0.27135963658982803,1.026371743109331,0.1416565838787759,-0.6023813727259886,0.7002065787588685,-0.3560629735023702
-0.31498644,0.41614122,0.95572559,-0.23080879,0.36672512,0.87658621,-0.11684332328242955,0.09875743635876794,-0.15826501156095218,0.0,0.0,0.25353896697998035,0.4136456704711914,0.00723981048583984,0.1946797216796874,1.2554855010986328,0.6596190852010326,-1.2029026715087894,0.0,0.2454400802395352,0.14189504638848122,-0.32597510656813117,-0.11505003761228184,-0.0,-0.24927508149327807,1.1612234564294304,1.1550875332778876,2.3684663364954304,0.9127185687919565,3.6815612373357456,3.7030369683661455,0.5031456984264904,0.49394181369917645,6.023949900437119,6.025483881225007,-1.8146992720687134,-1.8254371375839131,-0.11396546671757046,0.2679676836412321,1.0348512215609522,0.1382499407180531,-0.5840102943971068,0.7244308073355609,-0.339144416602731
-0.31498644,0.41614122,0.95572559,-0.23080879,0.36672512,0.87658621,-0.1238335436211602,0.09975912657858904,-0.1621328834078689,0.0,0.0,0.25353896697998035,0.4569806256103515,0.010307771911621084,0.14060690155029287,1.2363107421875,0.6197355847160058,-1.2562085012817383,0.0,0.18407495939672586,-0.0115046849622954,-0.19941453934645195,-0.07669789974863657,-0.38369408,-0.2646077541327905,1.1520195717021167,1.1489516101263453,2.465107126132226,1.2302525918842842,3.6815612373357456,3.7030369683661455,0.41570879351700896,0.4080388895775804,5.9809984383763215,5.984066399952095,-1.9098060809176243,-1.9190099656449373,-0.10697524637883982,0.266965993421411,1.038719093407869,0.1376491506679611,-0.6032530431825286,0.7293089585920229,-0.2919707521804644
-0.31498644,0.41614122,0.95572559,-0.23080879,0.36672512,0.87658621,-0.11389154429585938,0.09480084336496097,-0.15838149992268347,0.0,0.0,0.25353896697998035,0.49264567718505853,0.009157286376953115,0.09765544158935535,1.2110000604248046,0.5660462571400084,-1.3133492828369144,0.0,0.16109121064973897,0.0038355050154699954,-0.22629479591272905,-0.17259772569615162,-0.19184704,-0.2454723209900797,1.107534128853433,1.1029321864897756,2.544874127102279,1.363708920430335,3.6646874486690035,3.6876971604872884,0.32673790781964174,0.3175340230923278,5.921173187648781,5.922707168436668,-2.000310947402877,-2.00951483213019,-0.11691724570414064,0.27192427663503904,1.0349677099226835,0.15397292466881923,-0.645205891515248,0.710945516034656,-0.23357690222528613
-0.31498644,0.41614122,0.95572559,-0.23080879,0.36672512,0.87658621,-0.10014165265600886,0.08968494581660869,-0.15378523661548715,0.0,0.0,0.25353896697998035,0.5129709216308593,0.0060893249511718706,0.04856805877685533,1.1711165618896484,0.4924151793214975,-1.3639706463623047,0.0,0.09597471292605313,-0.026872919619294767,-0.24185627657365338,-0.22650032250548435,-0.40767496,-0.2303393110225266,1.0507768397016641,1.0461748973380072,2.612369281769247,1.3698448435818775,3.5833864669110644,3.6063961787293497,0.2638446955163305,0.25617479157690193,5.832202301951414,5.838338225102959,-2.086213871524473,-2.0969517370396717,-0.13066713734399116,0.27704017418339133,1.0303714466154872,0.17953064719827658,-0.6748935563440391,0.6926612953895817,-0.1802990964788512
-0.31498644,0.41614122,0.95572559,-0.23080879,0.36672512,0.87658621,-0.08266305674049293,0.08782510744969463,-0.14426513169818211,0.0,0.0,0.25353896697998035,0.547868982849121,-0.0069495111083984415,0.017888444519042812,1.1473398608398437,0.457133621200128,-1.414975505065918,0.0,0.1879297257790669,-0.08054131104817139,-0.14574141999193013,-0.07287070999596507,-0.0,-0.23395333209230715,0.9909515889741243,0.9832816850346955,2.6936702635271867,1.3698448435818775,3.488279658062155,3.5128233506683255,0.1932815792735907,0.18561167533416256,5.769309089648103,5.7723770512238755,-2.175184757221839,-2.182854661161268,-0.14814573325950708,0.2789000125503054,1.0208513416981821,-0.21040718927855248,0.7042773214003285,-0.6672695407214164,0.12030639752942407
-0.31498644,0.41614122,0.95572559,-0.23080879,0.36672512,0.87658621,-0.06440987463511996,0.08294033785652394,-0.141634716497815,0.0,0.0,0.252771976623535,0.5597573333740233,-0.025357279663085944,-0.022378549194336017,1.1300825778198242,0.4939491601093833,-1.4567764794921878,-0.007670164043224314,0.003835082021612157,-0.07286655841062831,-0.15340328086447963,-0.06519639436740222,0.31175144,-0.2070944291670476,0.9127185687919566,0.9035146840646426,2.7320197832243274,1.371378824369763,3.396240810789016,3.4177165418194155,0.1135145783035374,0.10584467436410927,5.7309595699509615,5.734027531526735,-2.2549517581918934,-2.2672236044949776,-0.16639891536488005,0.2837847821434761,1.018220926497815,-0.24261676024241866,0.707125839358702,-0.6586880636488397,0.08508930465849439
-0.31498644,0.41614122,0.95572559,-0.23080879,0.36672512,0.87658621,-0.04992696230936741,0.09296428280262847,-0.13389041267666346,0.0,0.0,0.23014576110839835,0.5593738381958007,-0.026891260375976566,-0.059961076660156376,1.1366019958496092,0.6258715078675485,-1.4586939553833012,-0.118887161029225,-0.0038350697106203048,0.0,-0.18024827639914767,0.1380625095823243,0.45563672,0.0,0.8835729338221293,0.8774370106705867,2.7289518216485558,1.371378824369763,3.3532893487282185,3.3762990605465033,0.04141748127291223,0.03528155812136946,5.743231416254047,5.749367339405591,-2.285631373949606,-2.299437201040576,-0.1808818276906326,0.27376083719737154,1.0104766226766635,-0.26976907658876287,0.6829385410259692,-0.6763033411993457,0.05859509519036788
-0.31498644,0.41614122,0.95572559,-0.23080879,0.36672512,0.87658621,-0.05977766468532755,0.11526783889696951,-0.12996493777164797,0.0,0.0,0.227077799682617,0.5229417962646483,-0.02650776519775391,-0.08182030181884792,1.1734175329589842,0.7209783167164581,-1.4575434698486331,0.0,-0.2109269335739968,0.0,-0.06519559765014465,0.14189630076796006,0.45563672,0.011505105467672977,0.9234564343071561,0.9157865303677273,2.6476508398906162,1.371378824369763,3.359425271879761,3.3839689644859314,0.04908738521234035,0.03681553890925526,5.826066378799871,5.829134340375644,-2.2641556429192065,-2.2810294315859485,-0.17103112531467246,0.2514572811030305,1.006551147771648,0.25778810591125706,-0.6552164001424563,0.7084186202481937,-0.048783398002728864
-0.31498644,0.41614122,0.95572559,-0.23080879,0.36672512,0.87658621,-0.075275440544908,0.14418053885812804,-0.12781954813411656,0.0,0.0,0.227077799682617,0.49609713378906245,-0.02650776519775391,-0.08182030181884792,1.2156020025634766,0.8145511447774822,-1.4510240518188477,0.0,-0.168759822257657,0.0,0.0,0.2493042828806298,0.43165583999999996,0.01150635151756794,0.9372622613981269,0.9295923574586986,2.554078011829592,1.3698448435818775,3.359425271879761,3.3839689644859314,0.09357282806102418,0.0813009817579391,5.915037264497238,5.918105226073012,-2.2457478734645786,-2.2626216621313207,-0.155533349455092,0.22254458114187198,1.0044057581341166,0.23620421059810598,-0.6124553463429038,0.7524301682855213,-0.054358637635074356
-0.31498644,0.41614122,0.95572559,-0.23080879,0.36672512,0.87658621,-0.09054407630921449,0.1640239718899667,-0.13247614782468664,0.0,0.0,0.22669430450439432,0.48612625915527347,-0.02650776519775391,-0.08488826324462906,1.2554855010986328,0.9111919344142776,-1.4510240518188477,0.0,0.026852769595255423,0.0,-0.03068887953743255,0.22633048658857477,0.43165583999999996,0.0,0.9587379924285258,0.952602069276983,2.5249323768597662,1.3698448435818775,3.359425271879761,3.3839689644859314,0.06289321230331124,0.05522330836388312,6.0070761117703775,6.0132120349219225,-2.2457478734645786,-2.261087681343435,-0.14026471369078553,0.2027011481100333,1.0090623578246867,0.21370395743879192,-0.5697354835245872,0.7902028608458176,-0.07288028607990825
-0.31498644,0.41614122,0.95572559,-0.23080879,0.36672512,0.87658621,-0.10281430867013278,0.17834532844107015,-0.14044716840048366,0.0,0.0,0.22746129486083966,0.5252427673339843,-0.026891260375976566,-0.11940282928466817,1.3003544369506836,1.0093667048389587,-1.4510240518188477,0.003835003631475801,0.2185952069941129,0.0,-0.14573013799607598,0.1802451706793582,0.45563672,0.0,0.9909515889741243,0.9848156658225813,2.613903262557132,1.371378824369763,3.359425271879761,3.3839689644859314,-0.0337475773334841,-0.03988350048502687,6.103716901407172,6.108318843770832,-2.2457478734645786,-2.261087681343435,-0.12799448132986724,0.18837979155892987,1.0170333784004837,0.1943460671164476,-0.5292004904667831,0.8214128660684,-0.08635595256484721
-0.31498644,0.41614122,0.95572559,-0.23080879,0.36672512,0.87658621,-0.1093185512815035,0.18214318356296982,-0.15154199459866102,0.0,0.0,0.227077799682617,0.5509369442749023,-0.026891260375976566,-0.16657273620605484,1.3471408486938476,1.1075414752636399,-1.4510240518188477,-0.003836382023808999,0.10358231464283965,0.0,-0.29540141583328183,0.26087397761900305,0.50359848,0.0,1.0200972239439514,1.0154952815802938,2.6936702635271867,1.3698448435818775,3.359425271879761,3.3839689644859314,-0.12885438618239364,-0.13805827090970757,6.200357691043967,6.206493614195512,-2.2457478734645786,-2.261087681343435,-0.12149023871849651,0.1845819364370302,1.028128204598661,0.17449173851584143,-0.507967560603514,0.8392846431052058,-0.08439714694231043
-0.31498644,0.41614122,0.95572559,-0.23080879,0.36672512,0.87658621,-0.11550551915459842,0.1955001012444826,-0.16019126416829066,0.0,0.0,0.227077799682617,0.5766311212158203,-0.026891260375976566,-0.21796109008789077,1.3908592990112303,1.1965123609610069,-1.4510240518188477,0.0,0.15340977492079128,0.0,-0.21093844051608787,0.23778515112722623,0.45563672,0.0,1.0246991663076084,1.0200972239439512,2.7550294950426117,1.372912805157649,3.359425271879761,3.3839689644859314,-0.21935925266764666,-0.2285631373949606,6.296998480680763,6.296998480680765,-2.2457478734645786,-2.261087681343435,-0.1153032708454016,0.1712250187555174,1.0367774741682907,0.1541116573659158,-0.47977249289115653,0.8607128863877525,-0.07239668041422595
-0.31498644,0.41614122,0.95572559,-0.23080879,0.36672512,0.87658621,-0.11872635911445509,0.20959275810892855,-0.16729685923380366,0.0,0.0,0.227077799682617,0.6053932595825194,-0.026891260375976566,-0.25554361755371113,1.4322767782592774,1.2701434387795176,-1.4510240518188477,0.0,0.16111458852626842,0.0,-0.19563914321046885,0.18413095831573723,0.31175144,0.0,1.0062913968529807,1.0001554737014375,2.8255926112853516,1.4127963056426756,3.359425271879761,3.3839689644859314,-0.29912625363769996,-0.3098641191528997,6.387503347166016,6.390571308741789,-2.2457478734645786,-2.261087681343435,-0.11208243088554493,0.15713236189107146,1.0438830692338037,0.13769111031383807,-0.4532993185575122,0.8789396407824659,-0.05500903377653051
-0.31498644,0.41614122,0.95572559,-0.23080879,0.36672512,0.87658621,-0.12061567224551009,0.2186264393600555,-0.17516625257051677,0.0,0.0,0.227077799682617,0.6211165618896484,-0.026891260375976566,-0.29082517395019547,1.479446685180664,1.3130949008403157,-1.4510240518188477,0.0,0.034520580560790326,0.0,-0.13424670218085114,0.21863034355167021,0.1199044,0.0038356200623101593,1.0354370318228079,1.0277671278833793,2.8593401886188357,1.5324468070977555,3.359425271879761,3.3839689644859314,-0.3712233506683251,-0.37889325460775325,6.484144136802811,6.487212098378585,-2.2457478734645786,-2.261087681343435,-0.11019311775448992,0.14809868063994452,1.0517524625705168,0.12383669704839848,-0.43304760273192283,0.8918703548171065,-0.04124944158029959
-0.31498644,0.41614122,0.95572559,-0.23080879,0.36672512,0.87658621,-0.1226492746275937,0.23077783635748023,-0.18192274615146886,0.0,0.0,0.227077799682617,0.6272524847412109,-0.026891260375976566,-0.3276407110595705,1.5208641644287109,1.3176968432039726,-1.4510240518188477,0.0,0.046027501514610214,0.0,-0.18411000605843864,0.1994525065633091,-0.07194264,0.0,1.0584467436410925,1.0523108204895495,2.8716120349219203,1.6152817696435802,3.359425271879761,3.3839689644859314,-0.43258258218375056,-0.44025248612317913,6.57618298407595,6.577716964863837,-2.2457478734645786,-2.261087681343435,-0.10815951537240631,0.1359472836425198,1.058508956151469,0.10644768999573792,-0.41934089173005923,0.9012456250989821,-0.024050552125783213
-0.31498644,0.41614122,0.95572559,-0.23080879,0.36672512,0.87658621,-0.12283577638979462,0.2435435217155396,-0.18486920054698663,0.0,0.0,0.23206323699951148,0.6387573400878905,-0.026891260375976566,-0.34643197479248056,1.5638156243896484,1.3038910161130017,-1.4510240518188477,0.04985288605735383,0.0038348373890273882,0.0,-0.007669674778053666,0.2032463816184449,-0.0,0.0,1.0967962633382335,1.0875923786109194,2.8976897083159763,1.6183497312193513,3.359425271879761,3.3839689644859314,-0.4448544284868361,-0.45405831321415,6.665153869773317,6.665153869773318,-2.2457478734645786,-2.261087681343435,-0.10797301361020539,0.12318159828446042,1.0614554105469867,0.09021560190976764,-0.4175865987753621,0.90414270078377,-0.0029247760107895516
-0.31498644,0.41614122,0.95572559,-0.23080879,0.36672512,0.87658621,-0.12351910886113718,0.24762654137189483,-0.1898354599104367,0.0,0.0,0.24778653930664052,0.6391408352661132,-0.026891260375976566,-0.3468154699707032,1.5971797048950194,1.277813342718946,-1.4510240518188477,0.06133565538319161,0.0,0.0,-0.0038334784614496146,0.16100609538087715,-0.33573232,0.0,1.1443496677626883,1.1366797638232597,2.8976897083159763,1.6183497312193513,3.359425271879761,3.3839689644859314,-0.39883500485026646,-0.40803888957758083,6.746454851531256,6.746454851531258,-2.2457478734645786,-2.261087681343435,-0.10728968113886284,0.11909857862810518,1.0664216699104367,0.07240740016048992,-0.426010685000181,0.9017754556862935,0.008549397022772244
-0.31498644,0.41614122,0.95572559,-0.23080879,0.36672512,0.87658621,-0.12474474734719146,0.24479843636085197,-0.19470106094014594,0.0,0.0,0.262742851257324,0.6391408352661132,-0.026891260375976566,-0.3468154699707032,1.6320777661132813,1.2041822649004352,-1.4510240518188477,0.08056882135666987,0.0,0.0,0.0,0.17648408487651804,-0.3597132,0.0,1.2087768608538854,1.2026409377023421,2.8961557275280914,1.6183497312193513,3.359425271879761,3.3839689644859314,-0.3390097541227268,-0.34821363885004075,6.818551948561881,6.818551948561883,-2.2457478734645786,-2.261087681343435,-0.10606404265280855,0.12192668363914803,1.071287270940146,0.0580755937002269,-0.4357483298238085,0.8981744509540884,0.005768372859758842
-0.31498644,0.41614122,0.95572559,-0.23080879,0.36672512,0.87658621,-0.12589761081446774,0.23911572521494107,-0.19765010428329421,0.0,0.0,0.2811506198120115,0.6387573400878905,-0.026891260375976566,-0.34643197479248056,1.6408981552124022,1.124415263930382,-1.4514075469970704,0.09203533346617138,-0.007669611122181318,0.0,0.003834805561090659,-0.011504416683271977,-0.43165583999999996,-0.003834805561090659,1.2931458041875956,1.2885438618239382,2.8854178620128916,1.6183497312193513,3.359425271879761,3.3839689644859314,-0.26691265709210166,-0.27765052260730094,6.835425737228624,6.835425737228626,-2.2457478734645786,-2.261087681343435,-0.10491117918553228,0.12760939478505895,1.0742363142832942,0.0401837088347981,-0.4663548803261044,0.8836695876841619,0.005143436828461134
-0.31498644,0.41614122,0.95572559,-0.23080879,0.36672512,0.87658621,-0.12397487877625171,0.22763117490315296,-0.19574592749535202,0.0,0.0,0.310679748535156,0.6303204461669921,-0.026891260375976566,-0.34413100372314465,1.6129030072021484,1.041580301384557,-1.4510240518188477,0.10350419781310513,-0.011500466423677731,0.0,0.015333955231571788,-0.17250699635517597,-0.38369408,0.0,1.372912805157649,1.3667768820061061,2.863942130982492,1.6183497312193513,3.359425271879761,3.3839689644859314,-0.21015536794033274,-0.22089323345553247,6.777134467288969,6.77713446728897,-2.2457478734645786,-2.261087681343435,-0.1068339112237483,0.13909394509684705,1.072332137495352,0.03601136106139192,-0.5001102571411743,0.8652117213098115,0.0012609063437823435
-0.31498644,0.41614122,0.95572559,-0.23080879,0.36672512,0.87658621,-0.11684650329733295,0.20843373393649783,-0.1871199639277904,0.0,0.0,0.3283205267333982,0.6307039413452148,-0.026891260375976566,-0.3395290615844728,1.6044661132812499,1.01243466641473,-1.4510240518188477,0.08055536843264571,0.0038359699253642933,0.0,0.0038359699253642933,0.019179849626819245,-0.0,0.0,1.4296700943094176,1.4235341711578746,2.865476111770377,1.6183497312193513,3.359425271879761,3.3839689644859314,-0.1932815792735907,-0.20401944478879042,6.761794659410112,6.760260678622229,-2.2457478734645786,-2.261087681343435,-0.11396228670266706,0.15829138606350218,1.0637061739277904,0.05226748968766358,-0.532273783003687,0.8449046958937682,-0.00942254240388607
-0.31498644,0.41614122,0.95572559,-0.23080879,0.36672512,0.87658621,-0.11348017858741613,0.19597726619450187,-0.18741241534436737,0.0,0.0,0.3356069351196287,0.6303204461669921,-0.026891260375976566,-0.3395290615844728,1.6474175732421874,0.9863569930206739,-1.4510240518188477,0.0,-0.003835107027359171,-0.003835107027359032,0.0,0.15723938812171934,-0.19184704,0.0,1.4434759214003883,1.437339998248846,2.865476111770377,1.6183497312193513,3.359425271879761,3.3839689644859314,-0.23930100291015988,-0.2485048876374738,6.849231564319594,6.849231564319597,-2.2457478734645786,-2.261087681343435,-0.11732861141258388,0.17074785380549815,1.0639986253443674,0.055252194915385223,-0.5467370317822053,0.8352461948323641,-0.019738466330308294
-0.31498644,0.41614122,0.95572559,-0.23080879,0.36672512,0.87658621,-0.11698417056274882,0.19758959136689244,-0.1921347777376271,0.0,0.0,0.3356069351196287,0.6330049124145507,-0.026891260375976566,-0.3487329458618166,1.679247673034668,0.9894249545964455,-1.4514075469970704,0.0,0.026853543748109627,0.0,-0.09206929285066205,0.18030236516587972,0.19184704,0.0,1.423534171157875,1.418932228794218,2.8716120349219203,1.6183497312193513,3.359425271879761,3.3839689644859314,-0.3282718886075271,-0.337475773334841,6.919794680562333,6.919794680562335,-2.2457478734645786,-2.261087681343435,-0.1138246194372512,0.16913552863310757,1.0687209877376271,0.038997608567859395,-0.5586262675399563,0.8282990002817775,-0.01834791194040846
-0.31498644,0.41614122,0.95572559,-0.23080879,0.36672512,0.87658621,-0.11988597027725148,0.20665068542346257,-0.1984252132169112,0.0,0.0,0.3356069351196287,0.6414418063354491,-0.026891260375976566,-0.3782620745849611,1.690369033203125,1.046182243748214,-1.4514075469970704,0.0,0.026848569479416457,0.0,-0.12273631762019015,-0.003835509925631081,0.28777056,0.0,1.4051264017032474,1.3989904785517044,2.8976897083159763,1.6183497312193513,3.359425271879761,3.3839689644859314,-0.3865631585471814,-0.39269908169872414,6.945872353956389,6.945872353956391,-2.2457478734645786,-2.261087681343435,-0.11092281972274853,0.16007443457653744,1.0750114232169112,0.025329298070734307,-0.5416187351082395,0.8401015501160656,-0.015393437938883701
-0.31498644,0.41614122,0.95572559,-0.23080879,0.36672512,0.87658621,-0.11753608178414923,0.2170441376588447,-0.19835656859805584,0.0,0.0,0.3356069351196287,0.659466079711914,-0.026891260375976566,-0.3993543093872072,1.698038936767578,1.0753278787180411,-1.4514075469970704,0.0,0.09588725808557204,0.0,-0.09972274840899506,0.07670980646845808,0.07194264,-0.003835490323423015,1.4127963056426756,1.4066603824911326,2.936039228013117,1.6183497312193513,3.359425271879761,3.3839689644859314,-0.4540583132141496,-0.46172821715357815,6.965814104198903,6.9658141041989055,-2.2457478734645786,-2.261087681343435,-0.11327270821585078,0.14968098234115532,1.0749427785980559,0.023903289148846707,-0.5209192303848161,0.8532679244556785,-0.002374295317785713
-0.31498644,0.41614122,0.95572559,-0.23080879,0.36672512,0.87658621,-0.11420195314819095,0.2191737767957594,-0.19775472892646018,0.0,0.0,0.3356069351196287,0.668286468811035,-0.026891260375976566,-0.4238980007934572,1.7333204931640624,1.0998715713242118,-1.4514075469970704,0.0,0.0,0.0,-0.06903119611284221,0.1725779902821044,0.16786616,-0.0038350664507135796,1.4649516524307873,1.4588157292792445,2.9636508821950596,1.6183497312193513,3.359425271879761,3.3839689644859314,-0.4893398713355195,-0.49547579448706225,7.037911201229528,7.03791120122953,-2.2457478734645786,-2.261087681343435,-0.11660683685180906,0.14755134320424063,1.0743409389264602,0.02424030492000164,-0.5188723431460754,0.8544634936236478,0.008719931189936362
-0.31498644,0.41614122,0.95572559,-0.23080879,0.36672512,0.87658621,-0.11402770333184245,0.23026271778783955,-0.20243886858615723,0.0,0.0,0.3444273242187499,0.670587439880371,-0.026891260375976566,-0.43310188507080094,1.7674515640258788,1.1259492447182673,-1.4514075469970704,0.0881829695816787,0.01533616862289992,0.0,-0.057510632335876645,0.1763659391633552,0.09592352,0.0,1.5355147686735269,1.5293788455219843,2.9713207861344877,1.6183497312193513,3.359425271879761,3.3839689644859314,-0.5138835639416897,-0.5215534678811182,7.111542279048039,7.10847431747227,-2.2457478734645786,-2.261087681343435,-0.11678108666815756,0.13646240221216047,1.0790250785861573,0.011010211633636581,-0.5046803500390942,0.8629772009133542,0.021139305285470533
-0.31498644,0.41614122,0.95572559,-0.23080879,0.36672512,0.87658621,-0.11460173370730767,0.23501647157412936,-0.20854426514850644,0.0,0.0,0.37817489990234354,0.6709709350585936,-0.026891260375976566,-0.4507426632690431,1.786242827758789,1.0952696289605548,-1.4514075469970704,0.13810750224685572,0.0038363195068572883,0.0,-0.034526875561714486,0.04987215358914252,-0.26378967999999997,0.0,1.6152817696435802,1.6091458464920372,2.969786805346601,1.6183497312193513,3.359425271879761,3.3839689644859314,-0.5368932757599745,-0.5460971604872884,7.154493741108837,7.152959760320954,-2.2457478734645786,-2.261087681343435,-0.11620705629269235,0.13170864842587066,1.0851304751485065,-0.0017847042225966208,-0.49550754255123525,0.8683060862451962,0.022663421966325207
-0.31498644,0.41614122,0.95572559,-0.23080879,0.36672512,0.87658621,-0.10964108887911009,0.22704230179504836,-0.20813231343436744,0.0,0.0,0.3969661636352537,0.6709709350585936,-0.02650776519775391,-0.45035916809082044,1.7958302072143555,1.0231725319299296,-1.4510240518188477,0.05752361118521692,0.0,0.0038349074123478037,0.0038349074123479425,0.038349074123479425,-0.40767496,0.0,1.6751070203711202,1.6689710972195773,2.9575149590435164,1.6183497312193513,3.359425271879761,3.3839689644859314,-0.5000777368507188,-0.5092816215780331,7.1759694721392355,7.1744354913513515,-2.2457478734645786,-2.261087681343435,-0.12116770112088993,0.13968281820495165,1.0847185234343675,-0.003972101571471404,-0.5084267071992358,0.8609022454202984,0.018271005608258343
-0.31498644,0.41614122,0.95572559,-0.23080879,0.36672512,0.87658621,-0.10818302155693496,0.21600868117035324,-0.207349790183586,0.0,0.0,0.40425257202148424,0.6690534591674804,-0.02650776519775391,-0.4507426632690431,1.8000486541748046,0.9694832043539319,-1.4510240518188477,0.05369073594371222,-0.015340210269631588,0.0038350525674080357,-0.0038350525674081745,0.0038350525674081745,-0.21582791999999998,0.0038350525674081745,1.7380002326744315,1.7333982903107747,2.9590489398314013,1.6183497312193513,3.359425271879761,3.3839689644859314,-0.46633015951723467,-0.4786020058203202,7.182105395290778,7.18210539529078,-2.2457478734645786,-2.261087681343435,-0.12262576844306505,0.15071643882964678,1.083936000183586,-0.008310648031811585,-0.5384988924586891,0.8424975551436298,0.012155061787715414
-0.31498644,0.41614122,0.95572559,-0.23080879,0.36672512,0.87658621,-0.107813332085999,0.21039983946462376,-0.20629412090024124,0.0,0.0,0.4314807296752927,0.659466079711914,-0.026891260375976566,-0.45035916809082044,1.8000486541748046,0.9019880496869637,-1.4514075469970704,0.15339813264831453,-0.09203887958898939,0.0,0.0038349533162080297,0.0,-0.38369408,0.0,1.8054953873413997,1.800893444977743,2.9222334009221473,1.6183497312193513,3.359425271879761,3.3839689644859314,-0.47093210188089163,-0.4770680250324344,7.182105395290778,7.18210539529078,-2.2457478734645786,-2.261087681343435,-0.12299545791400102,0.15632528053537625,1.0828803309002413,-0.011704810603751614,-0.5597816052201323,0.8284899036914287,0.010584486159910535
-0.31498644,0.41614122,0.95572559,-0.23080879,0.36672512,0.87658621,-0.10464025273558811,0.19784069358112222,-0.20424023793043988,0.0,0.0,0.4514224789428709,0.6368398641967773,-0.026891260375976566,-0.4507426632690431,1.7992816638183593,0.8682404723534796,-1.4514075469970704,0.023011208032666906,-0.0728688254367752,0.0,0.0,0.0,-0.04796176,0.0,1.8607186957052828,1.8545827725537398,2.8516702846794075,1.6183497312193513,3.359425271879761,3.3839689644859314,-0.4893398713355195,-0.49394181369917645,7.179037433715007,7.17903743371501,-2.2457478734645786,-2.261087681343435,-0.1261685372644119,0.1688844264188778,1.08082644793044,-0.008731070769102027,-0.5838002975386045,0.8118503259895241,0.00017084427248836831
-0.31498644,0.41614122,0.95572559,-0.23080879,0.36672512,0.87658621,-0.10425531214585618,0.1945082604801976,-0.2030893983391523,0.0,0.0,0.4514224789428709,0.61267966796875,-0.026891260375976566,-0.4507426632690431,1.7969806927490233,0.8559686260503945,-1.4514075469970704,0.0,-0.09587030200056125,0.0,0.0,0.007669624160045256,-0.04796176,0.0,1.919009965644937,1.912874042493395,2.7918450339518674,1.6183497312193513,3.359425271879761,3.3824349836980456,-0.5261554102447747,-0.5338253141842033,7.17443549135135,7.169833548987695,-2.2457478734645786,-2.261087681343435,-0.12655347785414384,0.17221685951980242,1.0796756083391523,-0.007924804315535243,-0.5891419678635275,0.8079338613312987,-0.00958200880549087
-0.31498644,0.41614122,0.95572559,-0.23080879,0.36672512,0.87658621,-0.10740388141971172,0.20020195492074128,-0.20238874335102308,0.0,0.0,0.4748156848144529,0.6030922885131835,-0.026891260375976566,-0.45764557647705095,1.8065680722045898,0.8713084339292512,-1.4514075469970704,0.11888075791470795,-0.007669726317078219,0.0,-0.030678905268311765,0.07669726317077998,0.19184704,0.0,1.9880391010997909,1.981903177948248,2.7580974566183833,1.6183497312193513,3.359425271879761,3.3839689644859314,-0.5506991028509449,-0.5553010452146023,7.203581126321177,7.2005131647454075,-2.2457478734645786,-2.261087681343435,-0.1234049085802883,0.16652316507925874,1.0789749533510231,-0.011453276840704376,-0.5853085182030399,0.8106361686717046,-0.012319213036206861
-0.31498644,0.41614122,0.95572559,-0.23080879,0.36672512,0.87658621,-0.1053701369785244,0.1989283947792609,-0.20399528129446687,0.0,0.0,0.4997428713989256,0.6030922885131835,-0.026891260375976566,-0.4595630523681642,1.8291942877197265,0.9065899920506206,-1.4514075469970704,0.08053265139007199,0.0,0.0,-0.019174440807159413,0.10354198035866238,0.09592352,0.0,2.050932313403102,2.043262409463673,2.7473595911031836,1.6183497312193513,3.359425271879761,3.3839689644859314,-0.584446680184429,-0.5905826033359718,7.251134530745632,7.248066569169863,-2.2457478734645786,-2.261087681343435,-0.1254386530214756,0.16779672522073913,1.080581491294467,-0.010709768960830588,-0.5745787860278918,0.818116851542445,-0.020720442027062802
-0.31498644,0.41614122,0.95572559,-0.23080879,0.36672512,0.87658621,-0.10346151150948416,0.19627464856756727,-0.20962884702795248,0.0,0.0,0.5074127749633788,0.6030922885131835,-0.026891260375976566,-0.47336887878417977,1.8368641912841797,0.9173278575658204,-1.4514075469970704,0.023013339206552914,0.0,0.0,-0.06904001761965542,-0.003835556534425486,-0.0,0.0,2.1138255257064134,2.106155621766985,2.7473595911031836,1.6183497312193513,3.359425271879761,3.3839689644859314,-0.6089903727905996,-0.6166602767300278,7.26954230020026,7.264940357836604,-2.2457478734645786,-2.261087681343435,-0.12734727849051586,0.17045047143243275,1.0862150570279525,-0.013679168331759407,-0.5593147680492763,0.8282260743578767,-0.031959980436113984
-0.31498644,0.41614122,0.95572559,-0.23080879,0.36672512,0.87658621,-0.10192019170359448,0.19917562745127823,-0.20976964889705452,0.0,0.0,0.5223690869140623,0.6172816101074218,-0.026891260375976566,-0.4929271328735353,1.836480696105957,0.9188618383537057,-1.4514075469970704,0.08437078524176411,0.13039121355545605,0.0,-0.16107149909791624,0.0,-0.0,0.0,2.1874566035249243,2.181320680373381,2.794912995527639,1.6183497312193513,3.359425271879761,3.3839689644859314,-0.65807775800294,-0.6672816427302539,7.266474338624489,7.261872396260834,-2.2457478734645786,-2.261087681343435,-0.12888859829640553,0.16754949254872178,1.0863558588970545,-0.015320911371126983,-0.5529977191585147,0.8325318134583708,-0.0291474160082037
-0.31498644,0.41614122,0.95572559,-0.23080879,0.36672512,0.87658621,-0.09559309719784062,0.19544812349047,-0.20676004415881433,0.0,0.0,0.560718604736328,0.6333884075927734,-0.026891260375976566,-0.5067329592895509,1.8383981719970701,0.9786870890812458,-1.4514075469970704,0.1840999285002365,0.011506245531265197,0.0,-0.003835415177087289,0.019177075885439775,0.38369408,0.0,2.2626216621313207,2.2564857389797774,2.831728534436893,1.6183497312193513,3.359425271879761,3.3839689644859314,-0.6642136811544828,-0.6718835850939109,7.274144242563917,7.271076280988147,-2.2457478734645786,-2.259553700555549,-0.1352156928021594,0.17127699650953002,1.0833462541588144,-0.008600180642507336,-0.5552373613904827,0.8312974032044635,-0.024127511984586784
-0.31498644,0.41614122,0.95572559,-0.23080879,0.36672512,0.87658621,-0.08548239441545416,0.1866320359717507,-0.2069910493972772,0.0,0.0,0.5714564697265623,0.633771902770996,-0.026891260375976566,-0.5067329592895509,1.8602573971557617,0.9878909738085597,-1.4514075469970704,0.0191695877231471,0.0,0.0,0.0,0.11501752633889147,-0.26378967999999997,0.0,2.30864108576789,2.302505162616348,2.831728534436893,1.6183497312193513,3.359425271879761,3.3839689644859314,-0.6596117387908258,-0.6672816427302539,7.320163666200486,7.314027743048946,-2.2457478734645786,-2.261087681343435,-0.14532639558454585,0.1800930840282493,1.0835772593972772,0.006143004239051203,-0.5343280409276919,0.8445964213144076,-0.033357057427020116
-0.31498644,0.41614122,0.95572559,-0.23080879,0.36672512,0.87658621,-0.08583491617474917,0.18638614378603952,-0.2119203522862595,0.0,0.0,0.572990450439453,0.6303204461669921,-0.026891260375976566,-0.5170873291015626,1.8894030307006835,0.9863569930206739,-1.4514075469970704,0.015341612376435148,0.0,0.0,-0.08821427116449877,0.16492233304667117,0.26378967999999997,0.0,2.3485245862529167,2.3423886631013735,2.824058630497465,1.6183497312193513,3.359425271879761,3.3839689644859314,-0.7086991240031661,-0.7163690279425947,7.386124840079569,7.381522897715914,-2.2457478734645786,-2.261087681343435,-0.14497387382525084,0.1803389762139605,1.0885065622862595,-0.001522087198206344,-0.5299944585997046,0.8471267891970619,-0.03846765042011185
-0.31498644,0.41614122,0.95572559,-0.23080879,0.36672512,0.87658621,-0.08827343525411649,0.19322127666850872,-0.21681235261564258,0.0,0.0,0.5971506466674803,0.6318544268798827,-0.026891260375976566,-0.5308931555175782,1.9047428378295896,1.0139686472026157,-1.4514075469970704,0.12276012672866685,0.0,0.0,-0.023017523761624754,0.0038362539602687564,-0.0,0.0,2.419087702495656,2.416019740919885,2.831728534436893,1.6183497312193513,3.359425271879761,3.3839689644859314,-0.7255729126699082,-0.7347767973972221,7.419872417413053,7.4152704750493985,-2.2457478734645786,-2.259553700555549,-0.14253535474588352,0.1735038433314913,1.0933985626156426,-0.016468219193785046,-0.5270796351201543,0.848928603638092,-0.035157956756183384
-0.31498644,0.41614122,0.95572559,-0.23080879,0.36672512,0.87658621,-0.08424492555188881,0.19252277738316653,-0.21933387205239152,0.0,0.0,0.6293642416381835,0.6345388931274413,-0.026891260375976566,-0.5320436410522462,1.91778167388916,1.0645900132028419,-1.4514075469970704,0.16866906818491378,0.023000327479760465,0.0,-0.007666775826587192,0.11883502531209704,0.38369408,0.0,2.485048876374739,2.4804469340110815,2.830194553649008,1.6183497312193513,3.359425271879761,3.3839689644859314,-0.7455146629124214,-0.75318456685185,7.453619994746537,7.449018052382883,-2.2457478734645786,-2.261087681343435,-0.1465638644481112,0.17420234261683348,1.0959200820523916,-0.016607470818352347,-0.5135839978482315,0.8569631013604,-0.03962211470896488
-0.31498644,0.41614122,0.95572559,-0.23080879,0.36672512,0.87658621,-0.07929068344185689,0.1868266015618109,-0.22403281870041403,0.0,0.0,0.6401021066284178,0.6379903497314452,-0.026891260375976566,-0.5408640301513673,1.9450098315429687,1.1136773984151822,-1.4514075469970704,0.02684169029522053,0.023007163110187915,0.0,-0.07285601651559526,0.1303739242910667,0.09592352,0.0,2.5448741271022786,2.5418061655265065,2.840932419164208,1.6183497312193513,3.359425271879761,3.3839689644859314,-0.770058355518592,-0.7761942786701344,7.508843303110419,7.504241360746764,-2.2457478734645786,-2.261087681343435,-0.15151810655814313,0.1798985184381891,1.100619028700414,-0.012960935742221303,-0.4924429350001157,0.8685859198042591,-0.053763089856769426
-0.31498644,0.41614122,0.95572559,-0.23080879,0.36672512,0.87658621,-0.07861540308596429,0.19187159159216144,-0.23090738428928603,0.0,0.0,0.6481555053710937,0.657165108642578,-0.026891260375976566,-0.5539028662109376,1.9645680856323242,1.1781045915063793,-1.4514075469970704,0.06902521558934589,0.13038096277987532,0.0,-0.046016810392897636,0.08819888658638704,0.43165583999999996,0.0,2.6139032625571326,2.6093013201934747,2.8976897083159763,1.6183497312193513,3.359425271879761,3.3839689644859314,-0.7746602978822485,-0.7823302018216771,7.553328745959103,7.547192822807563,-2.2457478734645786,-2.261087681343435,-0.15219338691403572,0.17485352840783858,1.107493594289286,-0.021746685308799085,-0.47022485546084536,0.8805877176386967,-0.054597971837589646
-0.31498644,0.41614122,0.95572559,-0.23080879,0.36672512,0.87658621,-0.07449647418102803,0.1953689261808897,-0.23559143629183688,0.0,0.0,0.6884224990844725,0.6790243338012695,-0.026891260375976566,-0.5542863613891603,1.981441873474121,1.230259938294491,-1.4514075469970704,0.21472070710178442,0.08052026516316944,0.0,0.0,0.07285166848096261,0.1199044,0.0,2.6860003595877577,2.681398417224101,2.9498450551040882,1.6183497312193513,3.359425271879761,3.3839689644859314,-0.7715923363064774,-0.779262240245906,7.5916782656562445,7.585542342504704,-2.2457478734645786,-2.261087681343435,-0.15631231581897198,0.17135619381911033,1.112177646291837,-0.022769537618418628,-0.44609941015752164,0.8932979200445179,-0.04995688599075094
-0.31498644,0.41614122,0.95572559,-0.23080879,0.36672512,0.87658621,-0.06478499139342189,0.183281608807705,-0.24062415861602748,0.0,0.0,0.7072137628173827,0.7001165686035156,-0.026891260375976566,-0.5542863613891603,2.004068088989258,1.2839492658704885,-1.4514075469970704,0.03067799875439922,0.12654674486189235,0.0,0.0,0.11887724517329476,0.3597132,0.0,2.7427576487395267,2.7381557063758697,3.005068363467972,1.6214176927951227,3.359425271879761,3.3839689644859314,-0.7685243747307062,-0.7761942786701344,7.640765650868585,7.633095746929159,-2.2457478734645786,-2.261087681343435,-0.16602379860657812,0.18344351119229502,1.1172103686160275,-0.015435033477811355,-0.4306531986865728,0.900053148177122,-0.06483758677660433
-0.31498644,0.41614122,0.95572559,-0.23080879,0.36672512,0.87658621,-0.05927542439279629,0.179338797593546,-0.2471665677440763,0.0,0.0,0.7095147338867187,0.7089369577026366,-0.026891260375976566,-0.5542863613891603,2.0140389636230465,1.3253667471434007,-1.4514075469970704,0.02300434079008959,0.00766811359669653,0.0,0.0,0.0,0.07194264,0.0,2.784175130012439,2.779573187648782,3.040349921589341,1.6214176927951227,3.359425271879761,3.3839689644859314,-0.7669903939428204,-0.774660297882249,7.662241381898983,7.654571477959557,-2.2457478734645786,-2.261087681343435,-0.17153336560720372,0.187386322406454,1.1237527777440763,-0.016010336982345698,-0.4137628879083249,0.907556390720519,-0.06989520270962593
-0.31498644,0.41614122,0.95572559,-0.23080879,0.36672512,0.87658621,-0.05803960688229817,0.1807653345243632,-0.25114426425423575,0.0,0.0,0.7198691036987304,0.7338641442871093,-0.026891260375976566,-0.5585048083496095,2.0144224588012696,1.3851919978709408,-1.4514075469970704,0.030680041937598233,0.18024524638338407,-0.0038350052421996404,-0.03835005242199557,0.0,0.43165583999999996,0.0,2.805650861042838,2.8025828994670663,3.101709153104766,1.6214176927951227,3.359425271879761,3.3839689644859314,-0.7884661249732194,-0.7930680673368764,7.662241381898983,7.654571477959557,-2.2457478734645786,-2.261087681343435,-0.17276918311770184,0.18595978547563682,1.1277304742542358,-0.017273075034337667,-0.3979172373257134,0.9146121762240352,-0.06962815680932759
-0.31498644,0.41614122,0.95572559,-0.23080879,0.36672512,0.87658621,-0.05153389478996387,0.17731335816649238,-0.2527867681746371,0.0,0.0,0.726772016906738,0.7587913308715819,-0.026891260375976566,-0.576912576904297,2.0144224588012696,1.4664929796288797,-1.4514075469970704,0.003835444406706301,0.06903799932071009,0.0,-0.0652025549140049,0.0,0.33573232,0.0,2.804116880254952,2.7995149378912947,3.1722722693475056,1.6214176927951227,3.359425271879761,3.3839689644859314,-0.8176117599430466,-0.8237476830945893,7.662241381898983,7.654571477959557,-2.2457478734645786,-2.261087681343435,-0.17927489521003614,0.18941176183350764,1.129372978174637,-0.007021464868532168,-0.37882945683163244,0.9227699898792658,-0.0702459069695133
-0.31498644,0.41614122,0.95572559,-0.23080879,0.36672512,0.87658621,-0.0445194356814578,0.18174570970822454,-0.2563521392124156,0.0,0.0,0.726772016906738,0.7722136621093749,-0.02650776519775391,-0.5830484997558595,2.014805953979492,1.5477939613868188,-1.4514075469970704,0.0,0.05369552087732566,0.0,-0.02684776043866283,0.0,0.43165583999999996,0.0,2.7765052260730108,2.771903283709354,3.2167577121961894,1.6214176927951227,3.359425271879761,3.3839689644859314,-0.8283496254582463,-0.8344855486097891,7.662241381898983,7.654571477959557,-2.2457478734645786,-2.259553700555549,-0.1862893543185422,0.18497941029177548,1.1329383492124157,0.0065075233231921235,-0.32982285306460063,0.9418446405789743,-0.06405630920672493
-0.31498644,0.41614122,0.95572559,-0.23080879,0.36672512,0.87658621,-0.04261521366741569,0.185021386328803,-0.2609681706682868,0.0,0.0,0.726772016906738,0.7844855078124999,-0.02650776519775391,-0.5861164611816407,2.015189449157715,1.615289116053787,-1.4514075469970704,0.0,0.05367685152441438,0.0,-0.01917030411586196,0.003834060823177054,0.28777056,0.0,2.774971245285125,2.768835322133582,3.2520392703175602,1.6214176927951227,3.359425271879761,3.3839689644859314,-0.8298836062461317,-0.8344855486097891,7.662241381898983,7.654571477959557,-2.2457478734645786,-2.259553700555549,-0.18819357633258432,0.18170373367119702,1.1375543806682868,0.012497463507676521,-0.2930101673996702,0.9539518664599481,-0.06296579773077435
-0.31498644,0.41614122,0.95572559,-0.23080879,0.36672512,0.87658621,-0.04052111222501678,0.1857423914087607,-0.26347338997450753,0.0,0.0,0.726772016906738,0.8097961895751952,-0.02650776519775391,-0.5957038406372072,2.015572944335937,1.6505706741751567,-1.4514075469970704,0.0,0.2032708445348548,0.0,-0.08054127802324411,0.0038352989534835317,0.1199044,0.0,2.801048918679181,2.7979809571034098,3.3118645210451003,1.6214176927951227,3.359425271879761,3.3839689644859314,-0.8590292412159588,-0.8636311835796162,7.662241381898983,7.654571477959557,-2.2457478734645786,-2.261087681343435,-0.19028767777498323,0.18098272859123932,1.1400595999745076,0.01769176492406304,-0.2734918822684962,0.9597279495422841,-0.06173697963513911
-0.31498644,0.41614122,0.95572559,-0.23080879,0.36672512,0.87658621,-0.03546323867468956,0.1840892605450572,-0.26220465381234004,0.0,0.0,0.726772016906738,0.8343398809814452,-0.02650776519775391,-0.6141116091918947,2.015572944335937,1.6551726165388136,-1.4514075469970704,0.0,0.10354944614987233,0.0,-0.05752747008326265,0.0,-0.0,0.0,2.820990668921694,2.814854745770151,3.383961618075725,1.6214176927951227,3.359425271879761,3.3839689644859314,-0.8805049722463578,-0.8851069146100148,7.662241381898983,7.654571477959557,-2.2457478734645786,-2.261087681343435,-0.19534555132531045,0.18263585945494282,1.13879086381234,0.02714691045554624,-0.2721587425164488,0.9602291787972973,-0.05614791457260077
-0.31498644,0.41614122,0.95572559,-0.23080879,0.36672512,0.87658621,-0.029357316334198497,0.18283925659247352,-0.256946402496138,0.0,0.0,0.7283059976196287,0.8443107556152343,-0.026124270019531257,-0.6141116091918947,2.0159564395141603,1.5953473658112736,-1.4514075469970704,0.01534085475587809,0.011505641066908568,0.003835213688969349,0.0,0.0,-0.38369408,0.0,2.82252464970958,2.8163887265580376,3.419243176197094,1.6229516735830083,3.359425271879761,3.3839689644859314,-0.8421554525492168,-0.8482913757007595,7.662241381898983,7.654571477959557,-2.2457478734645786,-2.261087681343435,-0.20145147366580152,0.1838858634075265,1.133532612496138,0.03696655805826382,-0.28762245011742804,0.9559267519708811,-0.04594392930708363
-0.31498644,0.41614122,0.95572559,-0.23080879,0.36672512,0.87658621,-0.026789111126656634,0.17689886769834956,-0.2516481753673684,0.0,0.0,0.7283059976196287,0.8550486206054686,-0.026124270019531257,-0.613728114013672,2.0159564395141603,1.5523959037504758,-1.4514075469970704,0.0,0.030672754296314143,0.0038340942870392332,0.0038340942870394067,0.0,-0.1199044,0.0,2.804116880254952,2.7979809571034098,3.4514567727426932,1.6214176927951227,3.359425271879761,3.3839689644859314,-0.8084078752157327,-0.8130098175793901,7.662241381898983,7.654571477959557,-2.2457478734645786,-2.259553700555549,-0.20401967887334338,0.18982625230165046,1.1282343853673684,0.03743439663915433,-0.32481695000912364,0.9440552016349627,-0.043039414505809954
-0.31498644,0.41614122,0.95572559,-0.23080879,0.36672512,0.87658621,-0.02460596183449118,0.17302555563904978,-0.249290085610249,0.0,0.0,0.7283059976196287,0.8565826013183593,-0.026124270019531257,-0.613728114013672,2.0159564395141603,1.5048424993260208,-1.4514075469970704,0.0,0.015341848515270255,0.0,0.0,0.0,-0.28777056,0.0,2.805650861042838,2.7995149378912947,3.4575926958942347,1.6229516735830083,3.359425271879761,3.3839689644859314,-0.7639224323670493,-0.770058355518592,7.66377536268687,7.654571477959557,-2.2457478734645786,-2.261087681343435,-0.20620282816550883,0.19369956436095023,1.125876295610249,0.0395441399907066,-0.34250891477473216,0.9377852144888561,-0.04102189388998128
-0.31498644,0.41614122,0.95572559,-0.23080879,0.36672512,0.87658621,-0.02388074834934331,0.16982325635971685,-0.24596620996086294,0.0,0.0,0.7283059976196287,0.8734563891601561,-0.0257407748413086,-0.6118106381225588,2.0163399346923825,1.4833667682956218,-1.4514075469970704,0.003836914709422897,0.10743361186383667,0.0038369147094227582,0.007673829418845794,0.003836914709418454,-0.0,0.0,2.830194553649008,2.822524649709579,3.5097480426823466,1.6229516735830083,3.359425271879761,3.3839689644859314,-0.743980682124536,-0.75318456685185,7.662241381898983,7.656105458747444,-2.2457478734645786,-2.261087681343435,-0.2069280416506567,0.19690186364028317,1.122552419960863,0.03818736711802546,-0.3666388545986743,0.9287684709694936,-0.038817555617973454
-0.31498644,0.41614122,0.95572559,-0.23080879,0.36672512,0.87658621,-0.02107030951495789,0.16604618294556442,-0.2459435743210029,0.0,0.0,0.741344833679199,0.8887961962890624,-0.0257407748413086,-0.6098931622314454,2.0163399346923825,1.4971725953865926,-1.4514075469970704,0.08054863197353543,0.034520842274373124,0.0,0.019178245707985684,0.0,0.14388528,0.0,2.8532042654672924,2.84706834231575,3.5526995047431456,1.6214176927951227,3.359425271879761,3.3839689644859314,-0.7301748550335652,-0.7378447589729933,7.662241381898983,7.654571477959557,-2.2457478734645786,-2.261087681343435,-0.20973848048504212,0.2006789370544356,1.122529784321003,0.04266224015133965,-0.37176258494352754,0.9265776931072541,-0.037766285724373405
-0.31498644,0.41614122,0.95572559,-0.23080879,0.36672512,0.87658621,-0.01610660618254703,0.16100886328913686,-0.24804590970602802,0.0,0.0,0.741344833679199,0.8964660998535156,-0.024973784484863287,-0.6022232586669923,2.0159564395141603,1.601483288962816,-1.4514075469970704,-0.0038349635172150657,0.0766992703442991,0.007669927034429854,0.030679708137719416,-0.003834963517210625,0.33573232,0.0,2.8486023231036355,2.8424663999520936,3.584913101288743,1.6214176927951227,3.359425271879761,3.3839689644859314,-0.6948932969121953,-0.7025632008516238,7.657639439535327,7.648435554808016,-2.2457478734645786,-2.261087681343435,-0.21470218381745299,0.20571625671086316,1.124632119706028,0.05058083882425335,-0.36032137473515946,0.9303855673848087,-0.044640583047796945
-0.31498644,0.41614122,0.95572559,-0.23080879,0.36672512,0.87658621,-0.016421490705203295,0.16179546376075224,-0.25402316477607745,0.0,0.0,0.7417283288574217,0.9252282382202147,-0.024973784484863287,-0.6018397634887697,2.01020401184082,1.658240578114585,-1.4514075469970704,0.0038350595857516586,0.17257768135881799,0.0,0.0,-0.0038350595857516586,0.19184704,0.0,2.844000380739979,2.833262515224779,3.6585441791072544,1.6229516735830083,3.359425271879761,3.3839689644859314,-0.7071651432152803,-0.7148350471547089,7.642299631656471,7.630027785353388,-2.2457478734645786,-2.261087681343435,-0.21438729929479672,0.20492965623924778,1.1306093747760775,0.05401801036193869,-0.32841310642187577,0.9416361141743126,-0.05048083368539073
-0.31498644,0.41614122,0.95572559,-0.23080879,0.36672512,0.87658621,-0.01143529997392781,0.15787912477870064,-0.2560816175727242,0.0,0.0,0.741344833679199,0.9444029971313476,-0.02459028930664063,-0.6018397634887697,2.01020401184082,1.6720464052055557,-1.4514075469970704,-0.0038341051351307638,0.08435031297287347,0.00766821027026125,0.0,0.0038341051351307638,-0.0,0.0,2.8071848418307233,2.7979809571034098,3.730641276137879,1.6214176927951227,3.359425271879761,3.3839689644859314,-0.727106893457794,-0.7347767973972221,7.642299631656471,7.630027785353388,-2.2457478734645786,-2.261087681343435,-0.2193734900260722,0.20884599522129937,1.1326678275727242,0.06703566498107193,-0.31241258690987445,0.9461404121287722,-0.05218156472953409
-0.31498644,0.41614122,0.95572559,-0.23080879,0.36672512,0.87658621,-0.008319751137522619,0.15486052045740775,-0.25663419570586543,0.0,0.0,0.741344833679199,0.976233096923828,-0.02459028930664063,-0.6018397634887697,2.01020401184082,1.6214250392053295,-1.4514075469970704,0.0,0.2147326957324095,-0.0038345124237930462,0.0,0.0,-0.40767496,0.0,2.779573187648782,2.768835322133582,3.8134762386837036,1.6229516735830083,3.359425271879761,3.3839689644859314,-0.6964272777000811,-0.7040971816395092,7.642299631656471,7.630027785353388,-2.2457478734645786,-2.261087681343435,-0.2224890388624774,0.21186459954259226,1.1332204057058655,0.0730287611510017,-0.3130005458594815,0.9455618167313398,-0.05109118393759226
-0.31498644,0.41614122,0.95572559,-0.23080879,0.36672512,0.87658621,-0.0017276166398791648,0.14582036303632606,-0.2527925297821262,0.0,0.0,0.741344833679199,1.000776788330078,-0.024206794128417974,-0.5983883068847657,2.0109710021972655,1.5278522111443054,-1.450640556640625,-0.0038341203532281055,0.11885773095006684,0.0,0.0038341203532281055,0.0038341203532281055,-0.4796176,0.007668240706456211,2.768835322133582,2.7596314374062674,3.8978451820174147,1.6275536159466653,3.359425271879761,3.3839689644859314,-0.674951546669682,-0.6826214506091106,7.642299631656471,7.630027785353388,-2.2365439887372656,-2.258019719767664,-0.22908117336012085,0.22090475696367395,1.1293787397821262,0.08094066609963707,-0.34829439705756005,0.9327747881673178,-0.04550622055360143
-0.31498644,0.41614122,0.95572559,-0.23080879,0.36672512,0.87658621,0.0037504462941484185,0.13459530416969717,-0.24768779697761534,0.0,0.0,0.7409613385009763,1.0525486373901367,-0.023056308593750005,-0.5957038406372072,1.9975486709594725,1.457289094901566,-1.4487230807495117,-0.0038351512484431347,0.3336581586145416,0.003835151248442996,0.026846058739100835,-0.13039514244706216,-0.21582791999999998,0.0038351512484431347,2.735087744800098,2.7258838600727833,4.002155875593639,1.945087639038993,3.359425271879761,3.3839689644859314,-0.6504078540635119,-0.6611457195787116,7.599348169595673,7.5901442848683605,-2.2304080655857224,-2.251883796616121,-0.23455923629414843,0.23212981583030284,1.1242740069776154,0.08373359907695287,-0.4009567537283431,0.9114422828697694,-0.03866951024246861
-0.31498644,0.41614122,0.95572559,-0.23080879,0.36672512,0.87658621,0.015233577776380208,0.11630229858687113,-0.24296598568501893,0.0,0.0,0.7409613385009763,1.0993350491333007,-0.02267281341552735,-0.5765290817260743,1.982592359008789,1.4388813254469381,-1.4230289038085941,0.0,0.24543606976242013,0.0,0.13038791206128597,-0.015339754360149593,-0.0,0.19941680668196468,2.684466378799872,2.675262494072558,4.100330646018319,2.495786741889938,3.359425271879761,3.3839689644859314,-0.5997864880632857,-0.6089903727905996,7.562532630686418,7.553328745959105,-2.1782527187976104,-2.19972844982801,-0.24604236777638022,0.2504228214131289,1.119552195685019,0.10101953346282984,-0.4517608712041217,0.8858372145644567,-0.03161642611886556
-0.31498644,0.41614122,0.95572559,-0.23080879,0.36672512,0.87658621,0.021827558277450115,0.09779754554003733,-0.24438664033880098,0.0,0.0,0.7405778433227537,1.1388350524902342,-0.019221356811523444,-0.5592717987060548,1.965718571166992,1.4005318057497973,-1.3800774438476564,0.0,0.18022788118495994,0.02300781461935657,0.05368490077849847,-0.15722006656560472,-0.31175144,0.20707033157420807,2.6583887054058164,2.647650839890617,4.195437454867228,2.82252464970958,3.359425271879761,3.3839689644859314,-0.5706408530934586,-0.5813787186086579,7.5134452454740766,7.499639418383108,-2.1046216409791008,-2.1276313527973842,-0.25263634827745013,0.2689275744599627,1.120972850338801,0.11081902321352279,-0.48189791713057645,0.8679914842829343,-0.045654405828149655
-0.31498644,0.41614122,0.95572559,-0.23080879,0.36672512,0.87658621,0.025605340032873486,0.07901340683046154,-0.24537685503576123,0.0,0.0,0.7409613385009763,1.1514903933715819,-0.019221356811523444,-0.5573543228149416,1.9480777929687498,1.3514444205374567,-1.3555337524414064,0.0,0.011504806221157545,0.0,0.015339741628208949,-0.0076698708141050296,-0.16786616,0.09970832058336095,2.6599226861937018,2.649184820678502,4.233786974564369,2.842466399952093,3.359425271879761,3.3839689644859314,-0.5905826033359718,-0.5967185264875146,7.4796976681405924,7.465891841049624,-2.060136198130417,-2.0816119291608155,-0.2564141300328735,0.2877117131695385,1.1219630650357613,0.1121307062835962,-0.5189629471090375,0.8450189933825792,-0.06361654705292431
-0.31498644,0.41614122,0.95572559,-0.23080879,0.36672512,0.87658621,0.029256440411558254,0.06833594347722893,-0.24227855623766203,0.0,0.0,0.7405778433227537,1.1514903933715819,-0.01845436645507813,-0.5577378179931642,1.9488447833251952,1.2931531505978024,-1.3240871478271488,0.0,0.0,0.0,-0.003833371474836202,0.0,-0.33573232,0.21850217406565464,2.693670263527186,2.684466378799871,4.232252993776484,2.842466399952093,3.359425271879761,3.3824349836980456,-0.6304661038209987,-0.6396699885483126,7.475095725776935,7.459755917898081,-2.007980851342305,-2.0279226015848177,-0.26006523041155827,0.2983891765227711,1.118864766237662,0.1141890729952296,-0.5460635081309326,0.8269203573370275,-0.07055652569274994
-0.31498644,0.41614122,0.95572559,-0.23080879,0.36672512,0.87658621,0.027485105801344917,0.06353579342770438,-0.24033208938759876,0.0,0.0,0.7409613385009763,1.1514903933715819,-0.01845436645507813,-0.5577378179931642,1.9419418701171873,1.268609457991632,-1.290339572143555,0.0,0.0,0.0,-0.003834811504821857,-0.007669623009643714,-0.0,0.1533924601928654,2.705942109830271,2.6967382251029575,4.236854936140141,2.842466399952093,3.359425271879761,3.3839689644859314,-0.636602026972541,-0.6473398924877407,7.4612898986859655,7.447484071594996,-1.9450876390389933,-1.9680973508572777,-0.25829389580134493,0.30318932657229564,1.1169182993875988,0.1013293039394913,-0.5715033240699202,0.8107641575327409,-0.07601186486592147
-0.31498644,0.41614122,0.95572559,-0.23080879,0.36672512,0.87658621,0.02626526455676728,0.059509615758677026,-0.2385854770766157,0.0,0.0,0.7405778433227537,1.1583933065795897,-0.017303880920410162,-0.5573543228149416,1.9315875003051757,1.264007515627975,-1.252373549499512,0.0,0.042189340785778635,0.01150618385066709,0.003835394616889169,-0.09972026003911395,-0.02398088,0.21094670392889542,2.6829323980119866,2.6721945324967864,4.266000571109968,2.844000380739979,3.359425271879761,3.3839689644859314,-0.6028544496390569,-0.6135923151542566,7.429076302140366,7.413736494261512,-1.8852623883114532,-1.9067381193418518,-0.2570740545567673,0.307215504241323,1.1151716870766157,0.0933057426904118,-0.5832812715742086,0.8021089286165166,-0.08773974723823214
-0.31498644,0.41614122,0.95572559,-0.23080879,0.36672512,0.87658621,0.02551425935216603,0.05479441305821875,-0.23769993121159338,0.0,0.0,0.7409613385009763,1.1745001040649412,-0.017303880920410162,-0.553519371032715,1.9162476931762695,1.25173566932489,-1.2201599545288087,0.0,0.04601977896040074,0.0,0.01917490790016679,-0.01917490790016568,-0.07194264,0.1303893737211373,2.679864436436215,2.669126570921015,4.316621937110195,2.848602323103636,3.359425271879761,3.3839689644859314,-0.5905826033359718,-0.6013204688511715,7.396862705594768,7.383056878503799,-1.8285050991596847,-1.851514810977969,-0.25632304935216604,0.31193070694178127,1.1142861412115934,0.0876376534981472,-0.5899037381283562,0.7961631814840677,-0.10226147798999226
-0.31498644,0.41614122,0.95572559,-0.23080879,0.36672512,0.87658621,0.028244799622185596,0.045682549327354716,-0.2375588149667508,0.0,0.0,0.7405778433227537,1.1748835992431639,-0.016920385742187505,-0.553519371032715,1.9104952655029297,1.1965123609610069,-1.2059706329345707,0.0,0.0,0.0,0.0,-0.04601915493581114,-0.3597132,0.0038349295779844463,2.6537867630421594,2.641514916739074,4.32889378341328,2.848602323103636,3.359425271879761,3.3839689644859314,-0.589048622548086,-0.6013204688511715,7.376920955352254,7.360047166685515,-1.8100973297050569,-1.8331070415233413,-0.2590535896221856,0.3210425706726453,1.1141450249667508,0.08725809940168958,-0.6030767998450275,0.7846272690960489,-0.1142122855404003
-0.31498644,0.41614122,0.95572559,-0.23080879,0.36672512,0.87658621,0.02901121864628517,0.039968142726106104,-0.2358796346981361,0.0,0.0,0.7405778433227537,1.1748835992431639,-0.016920385742187505,-0.553519371032715,1.8890195355224608,1.1566288604759802,-1.205587137756348,0.0,-0.0038353334362569453,0.0,0.0,-0.12273066996021781,-0.07194264,0.0038353334362569453,2.6369129743754174,2.624641128072331,4.32889378341328,2.848602323103636,3.359425271879761,3.3839689644859314,-0.5875146417602006,-0.5967185264875146,7.330901531715686,7.315561723836831,-1.8162332528566,-1.8377089838869978,-0.2598200086462852,0.3267569772738939,1.1124658446981361,0.08080567078731785,-0.6254006982452158,0.7679832717743957,-0.112009394595734
-0.31498644,0.41614122,0.95572559,-0.23080879,0.36672512,0.87658621,0.03337440538098904,0.03264415497208223,-0.23274258023152583,0.0,0.0,0.7348254156494141,1.1748835992431639,-0.016920385742187505,-0.5516018951416017,1.8541214743041992,1.106007494475754,-1.195232767944336,-0.05752597950238938,-0.003835065300159588,0.0,0.01917532650079683,-0.21476365680892806,-0.3597132,0.10354676310430888,2.5878255891630766,2.5755537428599906,4.32889378341328,2.848602323103636,3.359425271879761,3.3839689644859314,-0.5522330836388307,-0.5614369683661447,7.248066569169861,7.237328703654663,-1.7886215986746574,-1.8146992720687134,-0.26418319538098906,0.3340809650279178,1.1093287902315259,0.08737283461744283,-0.6417050303597771,0.7541924821726823,-0.10850963835567154
-0.31498644,0.41614122,0.95572559,-0.23080879,0.36672512,0.87658621,0.03752252281684629,0.022509564460469034,-0.22864306504720655,0.0,0.0,0.714500171203613,1.188305930480957,-0.016920385742187505,-0.5339611169433595,1.8169224420166015,1.0446482629603286,-1.156499754943848,-0.11121674133317778,0.0843713210113774,0.0,0.126556981517065,-0.16874264202275258,-0.28777056,0.19175300229858117,2.5172624729203372,2.5049906266172526,4.3672433031104205,2.848602323103636,3.359425271879761,3.3839689644859314,-0.49240783291129064,-0.5000777368507192,7.1590956834724935,7.146823837169411,-1.7180584824319185,-1.7441361558259736,-0.2683313128168463,0.344215555539531,1.1052292750472066,0.09395013675465079,-0.6633338246675451,0.7347363869428661,-0.10641452230711626
-0.31498644,0.41614122,0.95572559,-0.23080879,0.36672512,0.87658621,0.03603511372322213,0.007107747030870026,-0.22996185982744588,0.0,0.0,0.7037623062133787,1.1944418533325194,-0.011551453247070319,-0.5201552905273439,1.788543798828125,0.9986288393237595,-1.1377084912109376,-0.01917016305624241,0.0038340326112484826,0.04600839133498012,0.01533613044499282,-0.180199532728672,-0.14388528,0.023004195667490894,2.471243049283768,2.458971202980682,4.379515149413505,2.848602323103636,3.359425271879761,3.3839689644859314,-0.47093210188089163,-0.4770680250324344,7.079328682502441,7.0624548938356995,-1.688912847462091,-1.7165245016440327,-0.26684390372322214,0.35961737296913,1.106548069827446,0.08602162800582339,-0.6968446417223159,0.7034632644101398,-0.1102146108442732
-0.31498644,0.41614122,0.95572559,-0.23080879,0.36672512,0.87658621,0.034685256712135154,-0.00457981312864475,-0.2317418862575008,0.0,0.0,0.7037623062133787,1.1944418533325194,-0.011551453247070319,-0.5201552905273439,1.754796223144531,0.9526094156871898,-1.1212181985473637,0.0,0.0,0.0,-0.0038354875614841667,-0.1572549900208464,-0.2398088,0.1419130397749053,2.475844991647425,2.46664110692011,4.379515149413505,2.848602323103636,3.359425271879761,3.3839689644859314,-0.5138835639416897,-0.5200194870932324,6.998027700744501,6.984221873653533,-1.653631289340721,-1.679708962734777,-0.26549404671213517,0.37130493312864477,1.1083280962575008,-0.08154381673334399,0.7198492652501093,-0.6804935162641428,0.10998279680886192
-0.31498644,0.41614122,0.95572559,-0.23080879,0.36672512,0.87658621,0.04101771237567045,-0.014934104170574891,-0.22890472213859525,0.0,0.0,0.703378811035156,1.1944418533325194,-0.011167958068847662,-0.5197717953491212,1.7198981619262694,0.9219297999294773,-1.0955240216064457,-0.0038351239025874516,0.0,0.0,0.0,-0.19942644293454082,-0.02398088,0.0997132214672693,2.468175087707997,2.4605051837685687,4.379515149413505,2.848602323103636,3.359425271879761,3.3839689644859314,-0.5077476407901473,-0.5154175447295755,6.916726718986562,6.901386911107709,-1.6106798272799239,-1.636757500673979,-0.27182650237567046,0.3816592241705749,1.1054909321385953,-0.08724495925193448,0.7373954824011166,-0.6608825779077148,0.10895153894097202
-0.31498644,0.41614122,0.95572559,-0.23080879,0.36672512,0.87658621,0.04649213379661529,-0.02440508284842291,-0.2263131554728618,0.0,0.0,0.6968593930053708,1.194825348510742,-0.011167958068847662,-0.5193883001708985,1.6976554415893554,0.9664152427781607,-1.0656113977050783,-0.038349841494927026,0.0038349841494929246,0.003834984149492786,0.0038349841494929246,-0.038349841494927026,0.45563672,0.18407923917565594,2.3746022596469727,2.3623304133438863,4.387185053352933,2.848602323103636,3.359425271879761,3.3839689644859314,-0.43411656297163637,-0.4448544284868361,6.866105352986336,6.850765545107482,-1.5523885573402687,-1.5784662307343247,-0.2773009237966153,0.3911302028484229,1.1028993654728618,-0.09098173213907884,0.7501553859552058,-0.6451438733917882,0.11304248743021068
-0.31498644,0.41614122,0.95572559,-0.23080879,0.36672512,0.87658621,0.045213708591790774,-0.024884026509589208,-0.22426429769051037,0.0,0.0,0.6692477401733397,1.1902234063720702,-0.011167958068847662,-0.5109514062500001,1.681165148925781,1.0446482629603286,-1.0333978027343753,-0.15724277526821032,-0.049857465328944625,0.00383518964068808,0.06136303425100928,-0.10355012029857968,0.31175144,0.12656125814270677,2.2779614700101773,2.2656896237070923,4.3580394183831075,2.848602323103636,3.3870369260617026,3.414648580243645,-0.35281558121369727,-0.36048548515312584,6.824687871713424,6.807814083046685,-1.497165248976386,-1.5278448647340985,-0.2760224985917908,0.3916091465095892,1.1008505076905104,-0.09237516916328002,0.7391444186919846,-0.6540733161061668,0.13160719431864654
-0.31498644,0.41614122,0.95572559,-0.23080879,0.36672512,0.87658621,0.031606054643239984,-0.018116189366232827,-0.22386473368158255,0.0,0.0,0.6439370584106443,1.1553253451538084,-0.0019640737915039147,-0.5071164544677735,1.6520195153808592,1.050784186111871,-1.0245774136352543,-0.12270263452652785,-0.17638503713188575,0.05751685993430986,0.007668914657908268,-0.20322623843456247,-0.21582791999999998,0.0,2.184388641949153,2.1705828148581814,4.270602513473625,2.8455343615278648,3.449930138365014,3.4775417925469556,-0.2715145994557586,-0.27918450339518674,6.757192717046456,6.73878494759183,-1.4910293258248437,-1.514039037643128,-0.26241484464324,0.38484130936623284,1.1004509436815826,-0.08444981898661716,0.7172071421078512,-0.6739448719512963,0.15582186288569008
-0.31498644,0.41614122,0.95572559,-0.23080879,0.36672512,0.87658621,0.01656725596565231,-0.01037381553541683,-0.2174173718134268,0.0,0.0,0.6170923959350585,1.1154418466186522,0.00723981048583984,-0.49216014251708995,1.640131164855957,1.0492502053239856,-1.0245774136352543,-0.13417773488494222,-0.22618532452033355,0.053671093953977615,0.0920075896353902,0.03833649568141175,0.2398088,-0.003833649568141397,2.086213871524472,2.0754760060092723,4.177029685412601,2.842466399952093,3.509755389092554,3.53583306248661,-0.19788352163724765,-0.20555342557667622,6.754124755470684,6.737250966803945,-1.5063691337037,-1.5217089415825562,-0.24737604596565232,0.37709893553541685,1.0940035818134268,-0.07671295589189932,0.7089271367449029,-0.6825708259010077,0.16010779123396116
-0.31498644,0.41614122,0.95572559,-0.23080879,0.36672512,0.87658621,-0.0171890571185723,0.009193650255344799,-0.2173744390123914,0.0,0.0,0.5745244311523436,1.0678884445190429,0.02411359832763671,-0.4461407211303712,1.6861505862426758,1.1305511870819243,-1.0019511981201172,-0.18025885070849024,-0.1840941454044157,0.05752942043887991,0.19176473479626666,0.16108237722886515,0.43165583999999996,0.18409414540441793,1.945087639038993,1.9297478311601362,4.0558452031696355,2.842466399952093,3.5910563708504926,3.6171340442445494,-0.06135923151542544,-0.07209709703062517,6.873775256925764,6.8615034106226815,-1.47108757558233,-1.5048351529158142,-0.21361973288142772,0.3575314697446552,1.0939606490123914,0.047836873731492514,-0.6855922733355986,0.7058156664201438,-0.17175305904120458
-0.31498644,0.41614122,0.95572559,-0.23080879,0.36672512,0.87658621,-0.051181354164917064,0.03227664608990055,-0.2278747025086535,0.0,0.0,0.5403933602905271,1.04871368560791,0.04060389099121092,-0.41852906829834,1.7076263162231444,1.2241240151429484,-1.001184207763672,-0.18024197855075827,-0.05368909999384265,0.07669871427691834,0.09203845713230217,0.09203845713230106,0.45563672,0.0,1.8499808301900833,1.836175003099112,3.999087914017867,2.842466399952093,3.6432117176386045,3.6708233718205463,0.01380582709097089,0.0015339807878853584,6.922862642138105,6.910590795835022,-1.4434759214003883,-1.4756895179459866,-0.17962743583508295,0.33444847391009946,1.1044609125086535,0.010880226264333074,-0.642046385912263,0.7397090990661573,-0.20121756327958118
-0.31498644,0.41614122,0.95572559,-0.23080879,0.36672512,0.87658621,-0.07911079685194458,0.05254245727368595,-0.23886515815737497,0.0,0.0,0.5166166592407224,1.0218690231323242,0.05517670776367187,-0.41852906829834,1.689218547668457,1.25173566932489,-1.001184207763672,-0.09974666303691228,-0.22251178677464656,0.05754615175206398,-0.003836410116804404,-0.1457835844385629,-0.0,0.0,1.7855536370988863,1.7732817907958003,3.9361947017145553,2.840932419164208,3.6462796792143757,3.673891333396318,-0.06135923151542544,-0.06902913545485401,6.8814451608651925,6.864571372198453,-1.4572817484913596,-1.4756895179459866,-0.15169799314805543,0.31418266272631407,1.115451368157375,-0.015477694559867701,-0.6071625853281666,0.7660248928717731,-0.21052291905993664
-0.31498644,0.41614122,0.95572559,-0.23080879,0.36672512,0.87658621,-0.09285004915754805,0.06275083083562644,-0.2353689148443766,0.0,0.0,0.5127817074584959,0.9992428076171873,0.053259231872558585,-0.44767470184326186,1.6650583514404296,1.1965123609610069,-1.001184207763672,0.0,-0.06519158502085205,-0.015339196475494567,-0.1879051568248086,-0.09203517885296851,-0.3597132,0.0,1.774815771583687,1.7640779060684872,3.8748354701991303,2.840932419164208,3.5649786974564366,3.5895223900626076,-0.15033011721279266,-0.15800002115222123,6.830823794864966,6.817017967773998,-1.4572817484913596,-1.4756895179459866,-0.13795874084245197,0.3039742891643736,1.1119551248443766,-0.02614623973385766,-0.6069747493755859,0.768162281857885,-0.20205132144856597
-0.31498644,0.41614122,0.95572559,-0.23080879,0.36672512,0.87658621,-0.08899611365334517,0.06632310941797703,-0.22135385832983256,0.0,0.0,0.5131652026367186,0.9946408654785155,0.042521366882324205,-0.4691504318237306,1.642432135925293,1.1504929373244377,-0.973572554931641,0.0,-0.0038353851423939423,-0.07287231770548226,-0.09588462855984523,-0.12656770969899567,-0.14388528,0.21861695311644583,1.8054953873413997,1.7947575218261997,3.859495662320274,2.837864457588436,3.488279658062155,3.517425293031982,-0.22242721424341783,-0.2300971181828464,6.784804371228397,6.767930582561657,-1.4235341711578755,-1.4572817484913587,-0.14181267634665484,0.300402010582023,1.0979400683298326,-0.021125810527538508,-0.6236580867643928,0.7593593061664887,-0.1843305050209554
-0.31498644,0.41614122,0.95572559,-0.23080879,0.36672512,0.87658621,-0.08126844788801238,0.06348853548678401,-0.21107551815209014,0.0,0.0,0.5131652026367186,0.9954078558349608,0.024497093505859366,-0.48103878234863295,1.6155874734497069,1.084531763445355,-0.9191162396240236,0.0,0.007670058116124446,-0.08053561021930378,-0.019175145290310006,-0.14189607514829783,-0.40767496,0.2416068306579112,1.8484468494021977,1.834641022311227,3.8717675086233587,2.837864457588436,3.419250522607301,3.446862176789243,-0.24083498369804568,-0.24697090684958845,6.721911158925086,6.705037370258346,-1.3391652278241652,-1.3729128051576485,-0.14954034211198763,0.303236584513216,1.0876617281520902,-0.016755017727935882,-0.6368954619112593,0.7486157732329483,-0.18346079702382018
-0.31498644,0.41614122,0.95572559,-0.23080879,0.36672512,0.87658621,-0.07141957896081377,0.0525910059004156,-0.2023525377866192,0.0,0.0,0.5135486978149413,1.0076797015380858,0.007623305664062496,-0.48103878234863295,1.5929612579345702,0.9495414541114187,-0.8669608953857426,0.0038344274242764335,0.011503282272829301,-0.08052297590980205,0.0,-0.08435740333407932,-0.43165583999999996,0.26840991969933703,1.9098060809176234,1.8975342346145387,3.8978451820174147,2.837864457588436,3.34561944478879,3.370163137394961,-0.22549517581918943,-0.23316507975861755,6.674357754500631,6.65748396583389,-1.2057088992781146,-1.2409904573994837,-0.15938921103918624,0.3141341140995844,1.0789387477866192,-0.023877797436797132,-0.6685598212400473,0.7193599500154463,-0.18702641130818382
-0.31498644,0.41614122,0.95572559,-0.23080879,0.36672512,0.87658621,-0.06126870748278432,0.03667915831526597,-0.19936172335250968,0.0,0.0,0.5135486978149413,1.0057622256469725,-0.009633977355957037,-0.4818057727050783,1.5795389266967772,0.8682404723534796,-0.8136550656127932,0.0,0.0,-0.06519591255324807,-0.00383505367960297,-0.07286601991245421,-0.3597132,0.2454434354945812,1.9834371587361341,1.9680973508572768,3.8978451820174147,2.837864457588436,3.2673864246066224,3.291930117212793,-0.25617479157690193,-0.2607767339405589,6.637542215591376,6.61913444613675,-1.1136700520049754,-1.1443496677626879,-0.1695400825172157,0.33004596168473405,1.0759479333525097,0.03543922271778385,0.7050169794747231,-0.6829761978478409,0.18771956029887776
-0.31498644,0.41614122,0.95572559,-0.23080879,0.36672512,0.87658621,-0.05488485727273304,0.028196930248991003,-0.19637524706580767,0.0,0.0,0.5135486978149413,0.9965583413696288,-0.01768737609863282,-0.4913931521606446,1.553077759399414,0.7869394905955409,-0.7691696249389652,0.0,-0.08433066573633859,-0.049831757026019045,-0.007666424157848257,-0.18782739186730282,-0.43165583999999996,0.19932702810407465,2.018718716857504,2.0033789089786476,3.868699547047587,2.837864457588436,3.1906873852123403,3.2167650586063967,-0.2837864457588437,-0.2899223689103865,6.577716964863836,6.560843176197096,-1.0339030510349225,-1.064582666792635,-0.17592393272726697,0.338528189751009,1.0729614570658077,0.05245115818905787,0.7298752433127119,-0.6546127253957804,0.18977140183321775
-0.31498644,0.41614122,0.95572559,-0.23080879,0.36672512,0.87658621,-0.04916965129361442,0.02210405870802762,-0.19004937384179266,0.0,0.0,0.5135486978149413,0.9620437753295896,-0.02152232788085938,-0.4913931521606446,1.5231651354980469,0.7930754137470832,-0.7300531167602542,0.0,-0.1917527031559217,0.0,0.0,-0.09204129751484116,0.40767496,0.1572372165878568,1.9788352163724772,1.9665633700693919,3.790466526865419,2.837864457588436,3.153871846303085,3.179949519697141,-0.23009711818284595,-0.23930100291016032,6.514823752560524,6.4979499638937845,-0.9710098387316108,-1.0016894544893233,-0.1816391387063856,0.3446210612919724,1.0666355838417927,0.06559500841639962,0.7521512669494714,-0.629662593143056,0.1830048777861392
-0.31498644,0.41614122,0.95572559,-0.23080879,0.36672512,0.87658621,-0.05014505704625008,0.02627816193680471,-0.1815818785254314,0.0,0.0,0.5135486978149413,0.9256117333984374,-0.02152232788085938,-0.4752863546752931,1.5120437753295897,0.8713084339292512,-0.6917035989379885,0.003834873934285837,-0.1610647052399996,0.0,0.11888109196285651,-0.015339495737143348,0.3597132,0.2070831924514263,1.9006021961903095,1.886796369099339,3.696893698804395,2.819456688133809,3.153871846303085,3.179949519697141,-0.1472621556370215,-0.15493205957644962,6.507153848621096,6.493348021530128,-0.8973787609131003,-0.9249904150950412,-0.18066373295374993,0.3404469580631953,1.0581680885254314,0.06581739258384639,0.7421263813376905,-0.6351080107890364,0.20384876646102587
-0.31498644,0.41614122,0.95572559,-0.23080879,0.36672512,0.87658621,-0.05945038192131122,0.03482973537782191,-0.17960392374038114,0.0,0.0,0.5131652026367186,0.8895631866455077,-0.021905823059082036,-0.4288834381103517,1.5277670776367187,0.9065899920506206,-0.6629414605712891,0.0,-0.1687335352167718,0.0,0.19557750672853202,0.0421833838041924,0.07194264,0.04218338380419462,1.8162332528565992,1.8054953873413995,3.6048548515312575,2.6875343403756435,3.153871846303085,3.179949519697141,-0.05829126993965428,-0.0674951546669682,6.548571329894008,6.53476550280304,-0.8559612796401881,-0.8851069146100148,-0.1713584080786888,0.3318953846221781,1.0561901337403812,0.0643294145069619,0.7082202742012301,-0.6570184838139654,0.25022486200680333
-0.31498644,0.41614122,0.95572559,-0.23080879,0.36672512,0.87658621,-0.07487060800790793,0.038077634576435926,-0.1890686588017526,0.0,0.0,0.5062622894287108,0.8512136688232421,-0.021905823059082036,-0.4001212997436525,1.526233096923828,0.9556773772629614,-0.6575725280761722,-0.0690381132482309,-0.1534180294405125,0.0,0.1380762264964607,-0.019177253680064756,0.26378967999999997,0.026848155152090658,1.731864309522889,1.7180584824319176,3.5204859081975464,2.48811683795051,3.153871846303085,3.181483500485027,0.012271846303085088,0.003067961575771161,6.55163929146978,6.53476550280304,-0.8452234141249884,-0.874369049094815,-0.15593818199209208,0.3286474854235641,1.0656548688017526,0.08003048644718619,0.6838648333007669,-0.6622239486266889,0.2956069229209929
-0.31498644,0.41614122,0.95572559,-0.23080879,0.36672512,0.87658621,-0.08602547869377256,0.046227837910164826,-0.19120859084287656,0.0,0.0,0.4748156848144529,0.8370243472290038,-0.022289318237304692,-0.3659902288818361,1.5154952319335937,1.033910397445129,-0.6556550521850588,-0.19941190914232593,-0.03451359965924876,0.0,0.14572408745016055,0.0,0.43165583999999996,0.0038348444065833187,1.645961385401293,1.6306215775224366,3.4821363885004057,2.3792042020106297,3.161541750242513,3.189153404424455,0.09817477042468115,0.08743690490948142,6.533231522015152,6.517891714136297,-0.8513593372765307,-0.8805049722463583,-0.14478331130622746,0.3204972820898352,1.0677948008428766,-0.07805982517421471,-0.6549663773299715,0.6769775374532239,-0.32653808666799244
-0.31498644,0.41614122,0.95572559,-0.23080879,0.36672512,0.87658621,-0.09933350459310011,0.0542226694355426,-0.19606836319477294,0.0,0.0,0.4502719934082029,0.8201505593872069,-0.022289318237304692,-0.31920381713867196,1.5377379522705077,1.127483225506153,-0.6744463159179692,-0.034512832805576835,-0.1380513312223018,0.0,0.1879032008303561,0.16105988642601857,0.45563672,-0.16872940482726007,1.603009923340495,1.5907380770374093,3.4514567727426932,2.3684663364954304,3.1646097118182843,3.1922213660002265,0.18867963690993372,0.17794177139473444,6.579250945651721,6.565445118560753,-0.917320511155614,-0.9433981845496691,-0.1314752854068999,0.3125024505644574,1.072654573194773,-0.07309407939536437,-0.6246035911635528,0.6935345264250867,-0.3514789753587948
-0.31498644,0.41614122,0.95572559,-0.23080879,0.36672512,0.87658621,-0.11622154265605913,0.06498953840073945,-0.20937570115146198,0.0,0.0,0.45065548858642557,0.8120971606445312,-0.022289318237304692,-0.309232942504883,1.5342864956665039,1.1213473023546103,-0.6943880651855472,0.003835320663368106,0.003835320663368106,0.0,0.0,-0.11889494056440685,-0.40767496,-0.011505961990104318,1.6444274046134073,1.6321555583103216,3.419243176197094,2.3684663364954304,3.1646097118182843,3.1937553467881123,0.19021361769781953,0.1825437137583914,6.574649003288064,6.556241233833438,-0.9495341077012123,-0.9740778003073824,-0.11458724734394088,0.30173558159926056,1.085961911151462,-0.07371675044349577,-0.5816502135553098,0.7163325677100174,-0.3783074440360475
-0.31498644,0.41614122,0.95572559,-0.23080879,0.36672512,0.87658621,-0.11570355114432843,0.06437479425605608,-0.209051235378782,0.0,0.0,0.45103898376464824,0.8113301702880859,-0.02267281341552735,-0.309232942504883,1.4913350357055664,1.0262404935057008,-0.6947715603637699,0.003834753103668402,-0.003834753103668402,-0.0038347531036682634,0.0,-0.17256388966507144,-0.4796176,0.0,1.688912847462091,1.6781749819468912,3.4161752146213225,2.3684663364954304,3.1646097118182843,3.1937553467881123,0.11965050145508016,0.11198059751565159,6.490280059954355,6.4734062712876135,-0.9387962421860125,-0.9664078963679543,-0.11510523885567159,0.30235032574394394,1.085637445378782,-0.06803052568442852,-0.5821786373449277,0.7178609779237005,-0.37565342826697584
-0.31498644,0.41614122,0.95572559,-0.23080879,0.36672512,0.87658621,-0.10575835037601636,0.05210775541376883,-0.19930975800382467,0.0,0.0,0.45065548858642557,0.7986748294067382,-0.022289318237304692,-0.3153688653564455,1.4568204696655274,0.9403375693841047,-0.6759802966308595,0.0,-0.06900006925090996,0.0,-0.06133339488969749,-0.2031668705721214,-0.40767496,0.15333348722424484,1.7257283863713464,1.713456540068261,3.383961618075725,2.3684663364954304,3.1646097118182843,3.1937553467881123,0.04908738521234035,0.04295146206079803,6.410513058984301,6.392105289529676,-0.8835729338221299,-0.9142525495798424,-0.12505043962398366,0.3146173645862312,1.0758959680038247,-0.06221540913355102,-0.6232449445580992,0.6931152428135561,-0.3567719749764852
-0.31498644,0.41614122,0.95572559,-0.23080879,0.36672512,0.87658621,-0.10035469718680481,0.04676331634492725,-0.19000740786984915,0.0,0.0,0.45103898376464824,0.779883565673828,-0.02267281341552735,-0.3360776049804689,1.4188544470214843,0.8621045492019372,-0.6564220425415042,0.0038349874476099662,-0.12271959832351448,-0.0038349874476098274,-0.06902977405697718,-0.18791438493288168,-0.3597132,0.04985483681892956,1.77021382922003,1.757941982916944,3.3364082136512696,2.3684663364954304,3.1646097118182843,3.1937553467881123,-0.015339807878856249,-0.021475731030399015,6.333814019590019,6.318474211711164,-0.8452234141249884,-0.8774370106705867,-0.1304540928131952,0.31996180365507276,1.0665936178698492,-0.06505083452623689,-0.6528363945213427,0.672248382363769,-0.34300895516751434
-0.31498644,0.41614122,0.95572559,-0.23080879,0.36672512,0.87658621,-0.09398956160835162,0.04711486850214769,-0.17645244314831,0.0,0.0,0.45103898376464824,0.7541893887329101,-0.022289318237304692,-0.35295139282226573,1.3989126977539061,0.7869394905955409,-0.6215239813232425,0.0,-0.13038810764277353,0.0,-0.10354349724573189,-0.06902899816382199,-0.3597132,0.24543643791581057,1.8070293681292853,1.7947575218261997,3.26584509740853,2.3669323557075446,3.1646097118182843,3.1937553467881123,-0.07976700097005329,-0.08743690490948142,6.286260615165563,6.269386826498824,-0.7823302018216776,-0.8114758367915043,-0.1368192283916484,0.3196102514978523,1.05303865314831,0.06504037842924111,0.6764796646316235,-0.6580879251184559,0.3241377721385661
-0.31498644,0.41614122,0.95572559,-0.23080879,0.36672512,0.87658621,-0.09423773665465865,0.05194651906893205,-0.16733644113336965,0.0,0.0,0.45103898376464824,0.7323301635742187,-0.02267281341552735,-0.37749508422851574,1.381271919555664,0.7163763743528011,-0.5908443670654298,0.0,-0.06902551721374195,0.0,-0.11120777773325007,-0.09203402295165446,-0.33573232,0.10737302677693539,1.846912868614312,1.8315730607354554,3.210621789044648,2.3439226438892597,3.163075731030399,3.1937553467881123,-0.14112623248547873,-0.1487961364249073,6.247911095468423,6.232571287589568,-0.727106893457794,-0.7562525284276207,-0.13657105334534136,0.31477860093106796,1.0439226511333697,0.08021646843870185,0.6924642871856886,-0.6451244541952382,0.3128465562587109
-0.31498644,0.41614122,0.95572559,-0.23080879,0.36672512,0.87658621,-0.09372793817812033,0.058869523679251634,-0.15768259360718473,0.0,0.0,0.45103898376464824,0.7089369577026366,-0.02267281341552735,-0.38248052154541035,1.3459903631591796,0.7332501630195432,-0.5666841708374024,0.0,-0.1649062989695555,0.0,0.003835030208593359,-0.21476169168128137,0.40767496,0.10738084584064513,1.8484468494021977,1.834641022311227,3.1461945959534496,2.241145931100922,3.192221366000226,3.222900981757939,-0.11965050145508016,-0.13038836697027945,6.16814409449837,6.1543382674074,-0.6887573737606534,-0.7179030087304801,-0.13708085182187968,0.3078555963207484,1.0342688036071848,0.09546748395094291,0.7067402605098085,-0.6352262555489677,0.2964654582642671
-0.31498644,0.41614122,0.95572559,-0.23080879,0.36672512,0.87658621,-0.08997614615546737,0.06820059496370667,-0.14124074833366562,0.0,0.0,0.45065548858642557,0.643742777404785,-0.02267281341552735,-0.3494999362182618,1.2788787069702148,0.825289010292682,-0.5371550421142581,0.0,-0.1878860721173651,0.0,0.21089252992765442,-0.1802172528472683,0.43165583999999996,0.09202583124115725,1.7426021750380885,1.7287963479471182,2.9989324403164286,2.0678061020698446,3.2198330201821674,3.2520466167277666,0.019941750242513212,0.007669903939428124,6.025483881225005,6.0132120349219225,-0.6534758156392835,-0.6826214506091102,-0.14083264384453265,0.29852452503629334,1.0178269583336657,0.06567953134134458,0.6788293751345711,-0.6544018046650898,0.32655038917181306
-0.31498644,0.41614122,0.95572559,-0.23080879,0.36672512,0.87658621,-0.09245187325193452,0.0726873123517971,-0.13608515947797117,0.0,0.0,0.45103898376464824,0.6153641342163085,-0.023056308593750005,-0.2954271160888673,1.234009771118164,0.9065899920506206,-0.5367715469360355,0.0038354116864420243,-0.15341646745767543,-0.0038354116864418855,0.2799850531102578,-0.2147830544407467,0.33573232,0.0,1.6705050780074633,1.6597672124922633,2.909961554619061,2.018718716857504,3.2213670009700532,3.2520466167277666,0.11658253987930856,0.10737865515199463,5.945716880254952,5.930377072376096,-0.6458059116998554,-0.6734175658817962,-0.1383569167480655,0.2940378076482029,1.0126713694779712,-0.03592634122917375,-0.6401829734099018,0.6696896284285622,-0.3746876834607141
-0.31498644,0.41614122,0.95572559,-0.23080879,0.36672512,0.87658621,-0.08913893378676921,0.06565083444749276,-0.13395726332332647,0.0,0.0,0.45065548858642557,0.5885194717407226,-0.023056308593750005,-0.25516012237548846,1.2278738482666016,0.9955608777479878,-0.5682181515502931,0.0,-0.13423648634669913,0.0,0.1840957527040455,-0.019176640906669876,0.43165583999999996,-0.22628436269872187,1.6352235198860936,1.6214176927951227,2.8440003807399794,2.0171847360696185,3.2719883669702794,3.3042019635158786,0.21168934872821854,0.2024854640009046,5.925775130012438,5.907367360557812,-0.6964272777000815,-0.727106893457794,-0.1416698562132308,0.30107428555250726,1.0105434733233265,0.0017830523943287223,-0.6090579479498296,0.6729860714408934,-0.4196843866643772
-0.31498644,0.41614122,0.95572559,-0.23080879,0.36672512,0.87658621,-0.0926728587915149,0.06797989416595285,-0.13584027545636979,0.0,0.0,0.45065548858642557,0.5839175296020507,-0.023056308593750005,-0.23560186828613294,1.2248058868408203,0.9909589353843309,-0.6042666983032228,0.0038340151706606628,0.0191700758533022,0.0,0.042174166877266175,0.015336060682642651,-0.38369408,-0.1648626523383996,1.6582332317043782,1.6474953661891787,2.8271265920732365,2.0171847360696185,3.3180077906068486,3.3502213871524473,0.23930100291015988,0.23009711818284595,5.933445033951866,5.921173187648783,-0.7685243747307062,-0.7976700097005338,-0.1381359312084851,0.29874522583404717,1.0124264854563698,0.02861998831951529,-0.5712474519022424,0.6872381026188491,-0.4478404127282734
-0.31498644,0.41614122,0.95572559,-0.23080879,0.36672512,0.87658621,-0.08869624694749359,0.06312408407971415,-0.13519350041526346,0.0,0.0,0.45065548858642557,0.5965728704833984,-0.023056308593750005,-0.23521837310791027,1.232859285583496,0.9050560112627353,-0.6123200970458988,0.0,0.06519440521854973,0.0,0.0,-0.003834965012855997,-0.38369408,-0.030679720102847977,1.6996507129772904,1.6873788666742051,2.867010092558264,2.0171847360696185,3.3180077906068486,3.3502213871524473,0.2270291566070748,0.21935925266764666,5.945716880254952,5.928843091588211,-0.8038059328520761,-0.8314175870340179,-0.14211254305250642,0.30360103592028587,1.0117797104152635,0.028853213615335896,-0.5965939801401525,0.6799099706124894,-0.42540045461461706
-0.31498644,0.41614122,0.95572559,-0.23080879,0.36672512,0.87658621,-0.08574780540292584,0.05632482447254167,-0.13712638114541875,0.0,0.0,0.45065548858642557,0.6030922885131835,-0.023056308593750005,-0.23521837310791027,1.196043748474121,0.799211336898626,-0.6111696115112308,0.0,0.015341693390109127,0.0,0.0,-0.23779624754668258,-0.28777056,0.015341693390109127,1.667437116431692,1.6582332317043775,2.880815919649235,2.0171847360696185,3.3180077906068486,3.3502213871524473,0.22549517581918943,0.21935925266764666,5.870551821648555,5.8552120137697,-0.7746602978822494,-0.8053399136399619,-0.14506098459707417,0.31040029552745835,1.0137125911454188,0.013939127066727999,-0.6304748999111048,0.6647355351810179,-0.4005418449878936
-0.31498644,0.41614122,0.95572559,-0.23080879,0.36672512,0.87658621,-0.07400243959553857,0.04800681270381624,-0.13037867963605299,0.0,0.0,0.45065548858642557,0.600407822265625,-0.023056308593750005,-0.23521837310791027,1.1611456872558592,0.747055990110514,-0.5885433959960942,0.0,-0.02301032230772605,0.0,0.0,-0.16874236358999473,-0.19184704,0.10738150410272229,1.6321555583103222,1.618349731219351,2.8792819388613484,2.0171847360696185,3.3180077906068486,3.3502213871524473,0.19941750242513345,0.1932815792735907,5.781580935951188,5.767775108860219,-0.7332428166093363,-0.7639224323670497,-0.15680635040446145,0.3187183072961838,1.006964889636053,-0.02048783081446899,0.6599819253011405,-0.6483421857072578,0.37902047081477425
-0.31498644,0.41614122,0.95572559,-0.23080879,0.36672512,0.87658621,-0.06572943311529336,0.04296864152947727,-0.12412827560623418,0.0,0.0,0.45065548858642557,0.5965728704833984,-0.023056308593750005,-0.23521837310791027,1.1312330633544923,0.7194443359285727,-0.5540288299560552,0.0,-0.003835053794657641,0.0,0.0,-0.13039182901835536,-0.1199044,0.23393828147410722,1.6551652701286068,1.644427404613407,2.865476111770377,2.0171847360696185,3.3195417713947344,3.3502213871524473,0.13959225169759337,0.1334563285460506,5.7217556852236475,5.706415877344794,-0.6688156235181397,-0.6979612584879664,-0.16507935688470665,0.32375647847052275,1.0007144856062342,-0.02123040675033685,0.680316171228609,-0.6333031597906601,0.3683018935509659
-0.31498644,0.41614122,0.95572559,-0.23080879,0.36672512,0.87658621,-0.060164920175853204,0.03952344456790624,-0.11943684989615244,0.0,0.0,0.45065548858642557,0.5850680151367187,-0.023056308593750005,-0.23521837310791027,1.1273981115722655,0.756259874837828,-0.5317861096191407,0.0,-0.10733393887676473,0.0,0.0,-0.007666709919769227,0.40767496,0.007666709919769227,1.6490293469770643,1.6398254622497506,2.828660572861123,2.0171847360696185,3.354823329516104,3.387036926061703,0.15339807878856426,0.1457281748491357,5.707949858132677,5.692610050253823,-0.6412039693361979,-0.6703496043060255,-0.1706438698241468,0.3272016754320938,0.9960230598961525,-0.019088482243625658,0.691298512293852,-0.6214720915272086,0.36812285476283396
-0.31498644,0.41614122,0.95572559,-0.23080879,0.36672512,0.87658621,-0.06350521484182506,0.04390305546005002,-0.11799752828451837,0.0,0.0,0.44451956573486306,0.5459515069580078,-0.022289318237304692,-0.21489312866210952,1.1093738381958007,0.8529006644746233,-0.5317861096191407,-0.06138456683712406,-0.22635559021189428,0.007673070854640507,0.18799023593869257,-0.1688075588020906,0.4796176,0.0,1.5615924420675829,1.549320595764497,2.7320197832243274,2.0156507552817327,3.3916388684253596,3.4253864457588437,0.24543692606170264,0.23623304133438872,5.668066357647651,5.655794511344567,-0.6596117387908258,-0.6918253353364241,-0.16730357515817496,0.32282206453995,0.9945837382845184,-0.019929018979575726,0.6758579165687469,-0.6268226528738842,0.38718506254504526
-0.31498644,0.41614122,0.95572559,-0.23080879,0.36672512,0.87658621,-0.07028875281849914,0.05736417177851133,-0.1127124724604176,0.0,0.0,0.4130729611206052,0.5306116998291015,-0.02267281341552735,-0.1769271060180666,1.0882816033935545,0.9495414541114187,-0.5616987335205081,-0.08436728814115632,-0.08436728814115521,0.0,0.17256945301599946,0.011504630201064854,0.50359848,-0.2262577272876436,1.4695535947944443,1.455747767703473,2.6691265709210157,2.0156507552817327,3.3916388684253596,3.4253864457588437,0.33594179254695566,0.3282718886075271,5.6343187803141666,5.622046934011083,-0.7255729126699082,-0.7547185476397358,-0.16052003718150087,0.3093609482214887,0.9892986824604176,0.04587430903162388,-0.6301355693424643,0.648272041033166,-0.4249330215869468
-0.31498644,0.41614122,0.95572559,-0.23080879,0.36672512,0.87658621,-0.07742149554500857,0.06749212204471955,-0.11174203265531424,0.0,0.0,0.39274771667480457,0.5309951950073242,-0.02152232788085938,-0.16043681335449234,1.1197282080078126,1.046182243748214,-0.6127035922241215,-0.02684803485724312,0.007670867102070098,0.00767086710206982,0.003835433551035049,0.2608094814703744,0.45563672,-0.2416323137151992,1.4173982480063325,1.4035924209153618,2.6721945324967873,2.0171847360696185,3.4422602344255857,3.4775417925469556,0.3298058693954129,0.32366994624387013,5.700279954193249,5.688008107890166,-0.8206797215188182,-0.8498253564886449,-0.15338729445499144,0.29923299795528047,0.9883282426553143,0.07495693488196378,-0.5902050973778119,0.6679209123529632,-0.4471253244717121
-0.31498644,0.41614122,0.95572559,-0.23080879,0.36672512,0.87658621,-0.09187808229955999,0.07828616379236808,-0.12033816287800081,0.0,0.0,0.3862282986450194,0.5497864587402342,-0.016153395385742196,-0.16043681335449234,1.1465728704833984,1.0431142821724428,-0.6368637884521489,0.0038349067987699537,0.06902832237785583,0.04985378838400752,0.0,0.09587266996924662,-0.38369408,0.0,1.4296700943094176,1.418932228794218,2.7212819177091276,2.0171847360696185,3.488279658062155,3.5220272353956394,0.28992236891038603,0.2837864457588437,5.767775108860217,5.755503262557134,-0.8436894333371026,-0.874369049094815,-0.13893070770044003,0.28843895620763194,0.9969243728780008,0.0842277893375964,-0.5480924365807096,0.695084176582311,-0.4575569340871286
-0.31498644,0.41614122,0.95572559,-0.23080879,0.36672512,0.87658621,-0.09864909542316583,0.0765640391079474,-0.12858371547981007,0.0,0.0,0.3862282986450194,0.5501699539184569,-0.01461941467285157,-0.16043681335449234,1.1385194717407225,1.0062987432631876,-0.6230579620361332,0.0,0.0,0.003833244071992492,0.0,-0.14566327473571553,-0.0,0.1188305662317671,1.4649516524307873,1.4496118445519306,2.727417840860671,2.0171847360696185,3.488279658062155,3.5220272353956394,0.337475773334841,0.3282718886075271,5.746299377829818,5.730959569950963,-0.7946020481247622,-0.8252816638824747,-0.13215969457683419,0.2901610808920526,1.00516992547981,0.07183608357327023,-0.5530528770416925,0.6995349988019793,-0.4467917610519193
-0.31498644,0.41614122,0.95572559,-0.23080879,0.36672512,0.87658621,-0.09700222472324119,0.07353854679416155,-0.12715203542647313,0.0,0.0,0.3862282986450194,0.5497864587402342,-0.015002909851074227,-0.15775234710693375,1.1174272369384766,1.0062987432631876,-0.5988977658081058,0.0,0.007670001817175574,-0.0076700018171764065,0.003835000908588342,-0.026845006360118395,-0.0,0.09971002362329245,1.4925633066127288,1.481825441097529,2.725883860072784,2.0171847360696185,3.488279658062155,3.5220272353956394,0.3528155812136977,0.34361169648638334,5.703347915769021,5.689542088678051,-0.75318456685185,-0.7823302018216767,-0.13380656527675883,0.29318657320583846,1.0037382454264732,0.06547879627344613,-0.5686485369521628,0.6906136918272817,-0.44204535663372563
-0.31498644,0.41614122,0.95572559,-0.23080879,0.36672512,0.87658621,-0.092997423690137,0.07004193780833812,-0.12408544265703003,0.0,0.0,0.3862282986450194,0.5421165551757812,-0.01461941467285157,-0.15775234710693375,1.1354515103149414,0.9786870890812458,-0.5705191226196291,-0.00383344887859385,-0.057501733178905536,-0.0038334488785937114,-0.00383344887859385,0.16100485290093505,-0.33573232,0.17633864841531266,1.581534192310096,1.5661943844312392,2.7074760906181563,2.0171847360696185,3.488279658062155,3.5220272353956394,0.3098641191528997,0.3037281960013569,5.741697435466161,5.730959569950963,-0.6994952392758522,-0.7301748550335656,-0.13781136630986301,0.2966831821916619,1.00067165265703,0.06887779844092429,-0.5715073235077655,0.6826961390059715,-0.4500680058005244
-0.31498644,0.41614122,0.95572559,-0.23080879,0.36672512,0.87658621,-0.09936293097117524,0.07147766168808423,-0.12729153911867297,0.0,0.0,0.38661179382324207,0.5425000503540038,-0.014235919494628914,-0.15775234710693375,1.1730340377807615,0.9219297999294773,-0.5475094119262698,0.0038336885818389876,0.01533475432735595,0.003833688581838849,0.0,0.1878507405101015,-0.19184704,0.06517270589126278,1.667437116431692,1.6505633277649494,2.7074760906181563,2.0156507552817327,3.488279658062155,3.5220272353956394,0.2623107147284447,0.25464081078901657,5.827600359587757,5.815328513284674,-0.6642136811544832,-0.6948932969121957,-0.13144585902882477,0.2952474583119158,1.003877749118673,0.04827861373486245,-0.5775315046250776,0.6763486802299612,-0.4546196205318503
-0.31498644,0.41614122,0.95572559,-0.23080879,0.36672512,0.87658621,-0.10797546092171587,0.0706916629836325,-0.13531204470134084,0.0,0.0,0.41499043701171856,0.5298447094726562,-0.013085433959960945,-0.16158729888916035,1.1841553979492188,0.9035220304748495,-0.5210482446289064,0.17257085944098016,-0.11504723962732011,0.007669815975154692,-0.01533963195030994,-0.03067926390061766,-0.0,0.18407558340371483,1.761009944492716,1.7472041174017443,2.664524628557359,2.0156507552817327,3.488279658062155,3.5220272353956394,0.20555342557667577,0.19788352163724765,5.850610071406042,5.836804244315074,-0.6181942575179136,-0.6473398924877403,-0.12283332907828415,0.2960334570163675,1.0118982547013409,0.014382692102462947,-0.5943207793323666,0.6657973221371708,-0.4508767850052016
-0.31498644,0.41614122,0.95572559,-0.23080879,0.36672512,0.87658621,-0.10554366133027773,0.0647478860676558,-0.1366218163941958,0.0,0.0,0.4464370416259764,0.5125874264526367,-0.013852424316406257,-0.18076205780029309,1.1676651052856446,0.8713084339292512,-0.5034074664306645,0.1112126419194702,-0.02684443080814794,-0.003834918686878297,-0.09970788585883489,-0.09587296717195645,-0.2398088,0.0076698373737568715,1.8484468494021977,1.8331070415233404,2.5832236467994196,2.0156507552817327,3.488279658062155,3.5220272353956394,0.13192234775816525,0.12425244381873668,5.818396474860443,5.80305666698159,-0.5936505649117434,-0.6227961998815701,-0.12526512866972228,0.3019772339323442,1.0132080263941958,0.006895583136314987,-0.5946949849197167,0.6557536477032369,-0.46505642600489583
-0.31498644,0.41614122,0.95572559,-0.23080879,0.36672512,0.87658621,-0.09523180168813786,0.06189028985736622,-0.12830460847259173,0.0,0.0,0.4629273342895506,0.4964806289672851,-0.013852424316406257,-0.1918834179687502,1.1569272402954103,0.8314249334442243,-0.5011064953613285,0.08053237597391309,-0.1035416262521758,0.0,-0.030679000371015095,-0.05368825064927391,-0.14388528,0.019174375231885126,1.932815792735908,1.9174759848570515,2.5249323768597662,2.0156507552817327,3.488279658062155,3.5220272353956394,0.1012427320004523,0.09357282806102418,5.7907848206785015,5.775445012799647,-0.5875146417602011,-0.6181942575179136,-0.13557698831186216,0.3048348301426338,1.0048908184725918,0.013765166177866259,-0.602385536824434,0.6486172282551994,-0.46501384542331325
-0.31498644,0.41614122,0.95572559,-0.23080879,0.36672512,0.87658621,-0.08997115062340957,0.06291989343174931,-0.1221570491158539,0.0,0.0,0.47558267517089825,0.49111169647216796,-0.013852424316406257,-0.19265040832519542,1.1270146163940429,0.7593278364135991,-0.47234435699462907,0.05369081755589968,-0.015340233587399433,0.0,0.0,-0.20709315342990067,-0.4796176,0.22626844541414912,2.004912889766533,1.9911070626755611,2.5034566458293668,2.0156507552817327,3.488279658062155,3.5220272353956394,0.10277671278833811,0.09357282806102418,5.726357627587305,5.7094838389205655,-0.5384272565478607,-0.5691068723055732,-0.14083763937659044,0.3038052265682507,0.9987432591158539,0.016428923529249913,-0.6119366844250788,0.6455847164127263,-0.45660043655346116
-0.31498644,0.41614122,0.95572559,-0.23080879,0.36672512,0.87658621,-0.0794921984538969,0.055466732013798814,-0.1158142684230784,0.0,0.0,0.5016603472900389,0.4891942205810547,-0.013852424316406257,-0.19265040832519542,1.0878981082153318,0.6672889891404608,-0.4439657138061528,0.16113734931651832,0.0,0.0,0.0,-0.19183017775776076,-0.40767496,0.08824188176856755,2.078543967585044,2.061670178918301,2.5080585881930233,2.0156507552817327,3.488279658062155,3.5220272353956394,0.09357282806102418,0.08590292412159561,5.638920722677823,5.6235809147989695,-0.4924078329112911,-0.5215534678811178,-0.1513165915461031,0.3112583879862012,0.9924004784230784,-0.012969361396353182,0.6387135782402062,-0.6266283500528554,0.4463335877419475
-0.31498644,0.41614122,0.95572559,-0.23080879,0.36672512,0.87658621,-0.05288260250739099,0.035686471301515255,-0.10609736649790158,0.0,0.0,0.5426943313598631,0.4895777157592773,-0.013852424316406257,-0.19265040832519542,1.0829126708984376,0.5982598536856067,-0.3918103695678714,0.13420889029057956,-0.015338158890352456,0.0,0.0,0.08435987389693629,-0.21582791999999998,0.17255428751645624,2.2181362192826373,2.2043303921916655,2.494252761102052,2.0156507552817327,3.488279658062155,3.5220272353956394,0.1487961364249073,0.13959225169759337,5.631250818738395,5.617444991647426,-0.4341165629716368,-0.4647961787293493,-0.17792618749260902,0.33103864869848476,0.9826835764979016,-0.01253186308444155,0.6893087327654602,-0.5894809169352253,0.4209616038430514
-0.31498644,0.41614122,0.95572559,-0.23080879,0.36672512,0.87658621,-0.047056980393466036,0.024376336496981343,-0.10993616782049753,0.0,0.0,0.5572671481323241,0.47768936523437494,-0.013852424316406257,-0.1742426397705079,1.097868982849121,0.6258715078675485,-0.373019105834961,0.0038354461712381757,-0.03835446171238065,0.0,0.12656972365085536,0.05369624639733224,0.45563672,0.08821526193847803,2.2288740847978366,2.218136219282637,2.4114177985562275,2.0156507552817327,3.508221408304668,3.543502966426038,0.24236896448593148,0.23163109897073175,5.674202280799193,5.660396453708223,-0.3880971393350672,-0.4203107358806655,-0.18375180960653398,0.34234878350301867,0.9865223778204976,0.0020525508907010765,0.6993431036028873,-0.5699892222884647,0.4313088185429479
-0.31498644,0.41614122,0.95572559,-0.23080879,0.36672512,0.87658621,-0.04999176702989103,0.021196881739812767,-0.11504125099305751,0.0,0.0,0.5568836529541015,0.4588981015014649,-0.0015805786132812583,-0.1335921508789064,1.0963350021362306,0.7209783167164581,-0.3699511444091801,-0.003834977591625895,-0.11504932774877241,0.09970941738226959,0.19941883476453875,-0.09203946219901704,0.45563672,0.00766995518325179,2.133767275948927,2.121495429645841,2.3301168167982897,2.0156507552817327,3.5741825821837505,3.6063961787293497,0.337475773334841,0.32520392703175593,5.664998396071879,5.6496585881930255,-0.3712233506683251,-0.4034369472139234,-0.180817022970109,0.34552823826018725,0.9916274609930575,-0.008565973285915398,0.6648497209358907,-0.571776659800812,0.4805964252677706
-0.31498644,0.41614122,0.95572559,-0.23080879,0.36672512,0.87658621,-0.058539640002939236,0.017591882915180657,-0.12123907463207007,0.0,0.0,0.5568836529541015,0.4450922750854492,0.01184175262451171,-0.10022807037353532,1.0817621853637696,0.816085125565368,-0.37071813476562543,0.0,-0.03066464898916633,0.026831567865520538,0.14182400157489386,0.0,0.43165583999999996,-0.00383308112364593,2.040194447887903,2.0309905631605885,2.285631373949606,2.0156507552817327,3.6309398713355194,3.664687448669004,0.41264083194123735,0.40190296642603807,5.6343187803141666,5.617444991647426,-0.38042723539563905,-0.40957287036546663,-0.17226914999706078,0.34913323708481936,0.9978252846320701,-0.02486612524122841,0.6236941668985818,-0.5740456109982157,0.5299612235681553
-0.31498644,0.41614122,0.95572559,-0.23080879,0.36672512,0.87658621,-0.06341343330834245,0.013787386228326037,-0.12464024245098948,0.0,0.0,0.5568836529541015,0.4450922750854492,0.012225247802734367,-0.08757272949218775,1.1017039346313475,0.9127259152021634,-0.4240239645385744,0.0,0.0,0.0,0.02301000453111586,0.19558503851449482,0.43165583999999996,-0.27612005437340364,1.9481556006147642,1.9343497735237927,2.285631373949606,2.0156507552817327,3.6723573526084317,3.7030369683661455,0.40343694721392387,0.3957670432744953,5.684940146314393,5.67266830001131,-0.45252433242626466,-0.48320394818397716,-0.16739535669165756,0.352937733771674,1.0012264524509895,-0.04600649846842156,0.5829288371504328,-0.5759658503367888,0.5712623846910797
-0.31498644,0.41614122,0.95572559,-0.23080879,0.36672512,0.87658621,-0.06804927958018084,0.016043705257453467,-0.1293983924202392,0.0,0.0,0.5549661770629881,0.44547577026367186,0.017210685119628893,-0.08757272949218775,1.1450388897705077,1.058454090051299,-0.4796307653808598,-0.015336758028043256,0.003834189507010814,0.046010274084128035,0.0,0.21854880189960751,0.45563672,-0.3220719185888995,1.8576507341295114,1.8423109262506552,2.328582836010403,2.0156507552817327,3.726046680184429,3.759794257517914,0.35741752357735423,0.3482136388500403,5.780046955163302,5.766241128072334,-0.5905826033359718,-0.6212622190936843,-0.16275951041981918,0.35068141474254655,1.0059846024202392,-0.067659599622264,0.541543325967079,-0.5961852895461695,0.5888260398523648
-0.31498644,0.41614122,0.95572559,-0.23080879,0.36672512,0.87658621,-0.08212211232458203,0.02222167643568962,-0.13998011088174567,0.0,0.0,0.5300389904785154,0.4573641207885742,0.023346607971191397,-0.08757272949218775,1.1504078222656249,1.153560898900209,-0.5256501867675785,-0.09203468004486023,0.015339113340809299,0.04601734002242956,0.0,-0.06135645336324163,0.43165583999999996,-0.21858236510653944,1.761009944492716,1.748738098189631,2.353126528616574,2.0156507552817327,3.7536583343663708,3.7828039693361983,0.36662140830466816,0.35741752357735423,5.792318801466387,5.773911032011762,-0.6688156235181397,-0.701029220063738,-0.148686677675418,0.3445034435643104,1.0165663208817457,-0.07240195069913272,0.4962808984035208,-0.6235208128417131,0.5997374620348176
-0.31498644,0.41614122,0.95572559,-0.23080879,0.36672512,0.87658621,-0.09385992720967343,0.0316377029984517,-0.14453970194080756,0.0,0.0,0.4936069485473631,0.44394178955078123,0.024497093505859366,-0.08757272949218775,1.1339175296020507,1.2502016885370044,-0.5452084408569338,-0.13039512288677638,-0.10354906817479265,-0.0038351506731404733,0.003835150673140612,-0.003835150673140612,0.43165583999999996,-0.011505452019421837,1.667437116431692,1.6520973085528352,2.3055731241921187,2.0156507552817327,3.752124353578485,3.7797360077604267,0.4095728703654662,0.39883500485026646,5.760105204920789,5.741697435466163,-0.6948932969121957,-0.727106893457794,-0.1369488627903266,0.3350874170015483,1.0211259119408076,-0.08359042761344664,0.46001246354692543,-0.6504884867848475,0.5985531742069783
-0.31498644,0.41614122,0.95572559,-0.23080879,0.36672512,0.87658621,-0.10749930174873959,0.05196558356590053,-0.14144206280454685,0.0,0.0,0.4514224789428709,0.4427913040161133,0.024880588684082022,-0.08028632110595724,1.1339175296020507,1.3437745165980286,-0.5452084408569338,-0.19949851301188629,-0.007673019731226097,0.0038365098656131876,0.06522066771542433,0.0,0.45563672,0.0,1.5753982691585535,1.5615924420675826,2.277961470010178,2.0156507552817327,3.7367845456996287,3.768998142245228,0.46019423636569234,0.4494563708504926,5.760105204920789,5.741697435466163,-0.6933593161243099,-0.727106893457794,-0.12330948825126042,0.3147595364340995,1.0180282728045469,-0.10131528980996529,0.41534054710381535,-0.6757027074858184,0.6005441641366277
-0.31498644,0.41614122,0.95572559,-0.23080879,0.36672512,0.87658621,-0.1230410506990979,0.06767704793635093,-0.14523248229323327,0.0,0.0,0.43339820556640607,0.44202431365966793,0.02526408386230468,-0.06878146575927757,1.133534034423828,1.426609479143853,-0.5793395117187501,-0.015339491135389424,-0.003834872783847356,0.003834872783847217,0.015339491135387203,0.0,0.38369408,-0.283780586004691,1.538582730249298,1.5263108839462127,2.3040391434042338,2.0156507552817327,3.7383185264875145,3.7705321230331137,0.49547579448706225,0.48166996739609136,5.755503262557132,5.740163454678278,-0.7608544707912781,-0.7915340865489906,-0.10776773930090211,0.2990480720636491,1.0218186922932333,-0.10556631283614568,0.37544250124094447,-0.6920842037889088,0.6073863158830602
-0.31498644,0.41614122,0.95572559,-0.23080879,0.36672512,0.87658621,-0.12954353702620017,0.0757555008050646,-0.14869093968703828,0.0,0.0,0.43339820556640607,0.45544664489746095,0.02526408386230468,-0.054975639343261884,1.1339175296020507,1.5140463840533347,-0.6245919427490239,0.0,0.09203988282411402,0.0,0.10354486817712694,0.0038349951176715326,0.45563672,-0.2032547412365868,1.603009923340495,1.5876701154616386,2.3776702212227434,2.0156507552817327,3.747522411214828,3.7828039693361983,0.5215534678811182,0.5092816215780327,5.7647071472844456,5.747833358617706,-0.8436894333371026,-0.8774370106705867,-0.10126525297379985,0.2909696191949354,1.0252771496870383,-0.11932586806304929,0.3361010049004117,-0.7087604663290633,0.6086510109126099
-0.31498644,0.41614122,0.95572559,-0.23080879,0.36672512,0.87658621,-0.12838471197668902,0.07248073732734811,-0.1545933856535172,0.0,0.0,0.43339820556640607,0.47538839416503903,0.02526408386230468,-0.04538825988769557,1.1542427740478516,1.6091531929022445,-0.6453006823730472,0.0,0.08440931218300127,0.0,0.007673573834816378,0.14579790286154895,0.40767496,-0.015347147669637198,1.612213808067809,1.5984079809768375,2.4559032414049113,2.0156507552817327,3.790473873275626,3.827289412184882,0.5046796792143762,0.4985437560628334,5.809192590133129,5.793852782254275,-0.8759030298827017,-0.9081166264282992,-0.102424078023311,0.2942443826726519,1.0311795956535172,-0.1345425361532258,0.29786014433522967,-0.7198152778595157,0.612408038926729
-0.31498644,0.41614122,0.95572559,-0.23080879,0.36672512,0.87658621,-0.13118916877943168,0.0671835638736813,-0.16670861674916393,0.0,0.0,0.43224772003173806,0.4907282012939453,0.02526408386230468,-0.04960670684814472,1.1945097677612304,1.6766483475692127,-0.6453006823730472,-0.011505250667093032,0.08437183822534557,0.0,-0.04218591911267223,0.21092959556336557,0.26378967999999997,0.0,1.521708941582556,1.506369133703699,2.526466357647651,2.0156507552817327,3.816551546669682,3.853367085578938,0.411106851153352,0.4034369472139234,5.89356153346684,5.8751537640122145,-0.8759030298827017,-0.9065826456404142,-0.09961962122056833,0.2995415561263187,1.043294826749164,-0.13493323078437805,0.2581329654440321,-0.7262441957582161,0.6226795030420239
-0.31498644,0.41614122,0.95572559,-0.23080879,0.36672512,0.87658621,-0.13894301855479166,0.06705434787073672,-0.18055037798950668,0.0,0.0,0.4130729611206052,0.5206408251953124,0.02603107421874999,-0.07721835968017587,1.234009771118164,1.6904541746601833,-0.6591065087890629,-0.06904942570629352,0.11891845538306044,0.007672158411810359,-0.14960708903030076,0.2224925939424996,-0.0,-0.1342627722066817,1.4342720366730746,1.4220001903699888,2.603165397041934,2.0171847360696185,3.833425335336424,3.87024087424568,0.3313398501832987,0.3221359654559848,5.9809984383763215,5.965658630497467,-0.9096506072161858,-0.9418642037617833,-0.09186577144520836,0.2996707721292633,1.0571365879895067,-0.12171105016154929,0.22982927683976326,-0.7334987624756582,0.6279685415867284
-0.31498644,0.41614122,0.95572559,-0.23080879,0.36672512,0.87658621,-0.14926338745008697,0.07750381786425259,-0.18976526869287402,0.0,0.0,0.38661179382324207,0.5290777191162108,0.036385444030761716,-0.09485913787841804,1.2336262759399412,1.6229590199932151,-0.6824997146606449,-0.11887910672207463,-0.007669619788521231,0.08436581767373048,-0.030678479154082703,-0.11887910672207463,-0.50359848,-0.04218290883686677,1.394388536188048,1.3821166898849624,2.6445828783148464,2.0171847360696185,3.8993865092155064,3.9362020481247626,0.3298058693954129,0.31906800388021317,5.9809984383763215,5.959522707345924,-0.9418642037617841,-0.9756117810952674,-0.08154540254991305,0.2892213021357474,1.066351478692874,-0.10375871394612483,0.23638886317037686,-0.7539133018509788,0.6041267813476058
-0.31498644,0.41614122,0.95572559,-0.23080879,0.36672512,0.87658621,-0.15828693120852158,0.09137574818881261,-0.18707156900049438,0.0,0.0,0.38085936614990223,0.5348301467895507,0.059778649902343745,-0.09485913787841804,1.1910583111572266,1.5125124032654491,-0.6848006857299809,-0.003835027869179628,0.06136044590687183,0.10354575246784621,0.0,-0.2032564770665114,-0.55156024,-0.003835027869179628,1.394388536188048,1.3805827090970766,2.6798644364362154,2.0171847360696185,3.9852894333371025,4.019037010670587,0.40190296642603807,0.39116510091083834,5.884357648739526,5.864415898497015,-0.934194299822356,-0.969475857943725,-0.07252185879147843,0.2753493718111874,1.0636577790004944,-0.09193305674298033,0.273248825971848,-0.7704817253189348,0.5685431409598186
-0.31498644,0.41614122,0.95572559,-0.23080879,0.36672512,0.87658621,-0.1586665530996623,0.0857555977842232,-0.1789850165492496,0.0,0.0,0.3812428613281249,0.5674272369384765,0.06629806793212889,-0.08680573913574241,1.174951513671875,1.440415306234824,-0.6920870941162112,0.0,0.15338301061125065,0.0,0.06902235477506308,0.01533830106112562,-0.2398088,-0.07669150530562366,1.3621749396424494,1.3483691125514783,2.7565634758304967,2.0171847360696185,4.072726338246584,4.104939934792183,0.4847379289718625,0.46939812109300627,5.8598139561333555,5.842940167466615,-0.9572040116406404,-0.9909515889741245,-0.07214223690033772,0.2809695222157768,1.0555712265492496,-0.08594865237354968,0.33005110713921737,-0.7619916417418524,0.5504978053969914
-0.31498644,0.41614122,0.95572559,-0.23080879,0.36672512,0.87658621,-0.15174636860220694,0.07019851499983659,-0.17899796383011657,0.0,0.0,0.36973800598144524,0.5954223849487303,0.0697495245361328,-0.0733834078979494,1.2110000604248046,1.4373473446590526,-0.7430919528198245,-0.10738552794540815,0.1649134893447341,0.023011184559730436,0.015340789706487513,0.24161743787716944,0.19184704,-0.27613421471676636,1.2778059963087391,1.2655341500056538,2.8332625152247797,2.018718716857504,4.167833147095494,4.198512762853207,0.5046796792143762,0.4954757944870618,5.931911053163981,5.916571245285127,-1.0492428589137788,-1.0799224746714913,-0.07906242139779307,0.2965266050001634,1.0555841738301166,-0.0788287574810722,0.37731959546348354,-0.7489006817082199,0.539039626382168
-0.31498644,0.41614122,0.95572559,-0.23080879,0.36672512,0.87658621,-0.1578155092458984,0.0698857237244202,-0.19247431577400065,0.0,0.0,0.33637392547607403,0.6180486004638671,0.0889242834472656,-0.07376690307617206,1.2516505493164063,1.5140463840533347,-0.7937133163452152,-0.2109384088729136,0.12272780152605825,0.10355158253761151,-0.003835243797689459,0.18792694608677907,0.45563672,-0.24162035925442704,1.184233168247715,1.168893360368858,2.906893593043291,2.018718716857504,4.259871994368632,4.290551610126346,0.42491267824432244,0.4157087935170085,6.023949900437119,6.007076111770379,-1.1443496677626888,-1.1734953027325155,-0.07299328075410161,0.2968393962755798,1.0690605257740007,-0.06338812757250321,0.38421126044387033,-0.7618398435432963,0.517652108486878
-0.31498644,0.41614122,0.95572559,-0.23080879,0.36672512,0.87658621,-0.18029578847154018,0.08873086313088002,-0.21164657896104588,0.0,0.0,0.29687392211914054,0.6445097677612304,0.13340972412109373,-0.11173292572021498,1.2577864721679686,1.61068717369013,-0.8270773968505862,-0.18025535163926315,0.13039748841989285,0.2531245363444971,-0.2492893160968525,-0.09971572643874278,0.40767496,-0.09204528594345247,1.1182719943686326,1.1060001480655473,2.9820586516496874,2.0248546400090466,4.336571033762914,4.367250649520628,0.3405437349106122,0.33133985018329826,6.02701786201289,6.005542130982494,-1.1995729761265714,-1.2256506495206274,-0.05051300152845983,0.27799425686912,1.088232788961046,0.04415302762369844,-0.35392750384856453,0.7946430915333556,-0.49125165572188806
-0.31498644,0.41614122,0.95572559,-0.23080879,0.36672512,0.87658621,-0.20790504211957941,0.11802828042652677,-0.22484502529577155,0.0,0.0,0.2815341149902342,0.6690534591674804,0.15066700714111325,-0.1435630255126955,1.216368992919922,1.6766483475692127,-0.8485531268310549,-0.030681072529190938,0.1265594241829082,0.03451620659533842,-0.14573509451365252,-0.20709723957202997,0.26378967999999997,-0.14189996044750366,1.1305438406717176,1.118271994368632,3.0602916718318536,2.0263886207969324,4.373386572672169,4.4040661884298835,0.2837864457588437,0.27611654181941514,5.9303770723760945,5.907367360557812,-1.2394564766115987,-1.2655341500056538,-0.0229037478804206,0.24869683957347324,1.1014312352957716,0.03199650480513464,-0.3230289243509487,0.8310059589319615,-0.45172738895543557
-0.31498644,0.41614122,0.95572559,-0.23080879,0.36672512,0.87658621,-0.21000614600613146,0.12472809929989653,-0.21985386280828545,0.0,0.0,0.2823011053466795,0.7012670541381835,0.1502835119628906,-0.16618924102783217,1.1665146197509766,1.6919881554480691,-0.8915045867919926,0.003835179476832243,0.18025343541110875,0.0,-0.1457368201196197,-0.24161630704042242,-0.0,-0.2646273839014159,1.2118448224296565,1.2026409377023421,3.1385246920140215,2.0263886207969324,4.424007938672396,4.45468755443011,0.2162912910918755,0.20708740636456158,5.8337362827393,5.815328513284674,-1.3100195928543377,-1.3345632854605078,-0.020802643993868553,0.24199702070010348,1.0964400728082855,0.0533619833331077,-0.31221327327838105,0.8436840052578178,-0.433442810524852
-0.31498644,0.41614122,0.95572559,-0.23080879,0.36672512,0.87658621,-0.19106999924366677,0.1108091698432,-0.2052605666754258,0.0,0.0,0.2853690667724609,0.7361651153564452,0.159870891418457,-0.21489312866210952,1.1197282080078126,1.658240578114585,-0.9087618698120119,-0.0038350893468815754,0.09204214432515448,0.015340357387525747,-0.17257902060966424,-0.14189830583461163,-0.21582791999999998,0.0038350893468815754,1.2118448224296565,1.2011069569144572,3.244369366378132,2.0263886207969324,4.440881727339137,4.473095323884737,0.11198059751565204,0.10431069357622347,5.701813934981135,5.680338203950738,-1.3284273623089655,-1.3621749396424496,-0.03973879075633324,0.2559159501568,1.0818467766754258,0.09272796078125163,-0.343787974915234,0.8431373713387411,-0.40290287495255084
-0.31498644,0.41614122,0.95572559,-0.23080879,0.36672512,0.87658621,-0.18296528774003654,0.10608757561787369,-0.19375692244429576,0.0,0.0,0.2853690667724609,0.7603253115844726,0.15948739624023436,-0.2524756561279299,1.0871311178588867,1.5708036732051034,-0.879999731445313,0.0,0.14957665619422145,-0.003835298876774774,-0.2377885303600454,-0.1457413573174453,-0.599522,0.20327084046906885,1.1412817061869172,1.1320778214596032,3.3087965594693287,2.0263886207969324,4.427075900248167,4.459289496793766,0.0322135965455983,0.024543692606170175,5.632784799526281,5.609775087707998,-1.2747380347329678,-1.3192234775816516,-0.04784350225996348,0.26063754438212633,1.0703431324442958,0.10274641914976138,-0.3835396165646278,0.8335477666356916,-0.38410761072127986
-0.31498644,0.41614122,0.95572559,-0.23080879,0.36672512,0.87658621,-0.169978429742659,0.09423019750474793,-0.1797067098790578,0.0,0.0,0.2853690667724609,0.7902379354858398,0.161021376953125,-0.2839222607421876,1.085597137145996,1.4987065761744782,-0.8355142907714845,0.0,0.13422664522553113,0.011505141019331342,-0.18791730331574313,0.0,-0.21582791999999998,0.2339378673930674,1.0952622825503477,1.0845244170351478,3.3870295796514966,2.0263886207969324,4.443949688914909,4.474629304672622,-0.04295146206079803,-0.05062136600022615,5.620512953223195,5.595969260617027,-1.2011069569144572,-1.245592399763141,-0.06083036025734101,0.2724949224952521,1.0562929198790578,0.10273611747037718,-0.4527355578520344,0.8071127373718295,-0.36475311375733604
-0.31498644,0.41614122,0.95572559,-0.23080879,0.36672512,0.87658621,-0.16604668690586902,0.08566819616514965,-0.1770813337818683,0.0,0.0,0.2853690667724609,0.8078787136840819,0.1617883673095703,-0.31460187500000014,1.1020874298095702,1.4373473446590526,-0.7856599176025392,0.0,0.05750043417836627,-0.0038333622785576217,-0.14566776658519462,0.11116750607817465,-0.3597132,0.21083492532068002,1.0921943209745766,1.0799224746714913,3.4407189072274935,2.0263886207969324,4.410202111581425,4.442415708127024,-0.10277671278833811,-0.11198059751565204,5.654260530556679,5.631250818738398,-1.1136700520049754,-1.1550875332778876,-0.064762103094131,0.28105692383485037,1.0536675437818683,0.08830728334382143,-0.4925400389555448,0.7880222756073972,-0.358646102558837
-0.31498644,0.41614122,0.95572559,-0.23080879,0.36672512,0.87658621,-0.16615204431154865,0.0828620506964457,-0.17530957416011106,0.0,0.0,0.2853690667724609,0.8262864822387694,0.1617883673095703,-0.32802420623779316,1.1166602465820312,1.3652502476284274,-0.7595822454833985,0.0,0.122725138187773,0.0,-0.07286805079899064,0.0882086930724606,-0.3597132,0.13423061989287713,1.1136700520049756,1.1044661672776614,3.4928742540156055,2.0263886207969324,4.331969091399257,4.36264870715697,-0.11658253987930856,-0.12578642460662248,5.6788042231628495,5.657328492132454,-1.0507768397016646,-1.090660340186691,-0.06465674568845137,0.2838630693035543,1.051895784160111,0.06075091574651998,-0.5317050700546327,0.7699365742903738,-0.34755821999222075
-0.31498644,0.41614122,0.95572559,-0.23080879,0.36672512,0.87658621,-0.1657494505443258,0.07745303115564034,-0.17662348638531788,0.0,0.0,0.2853690667724609,0.8454612411499023,0.16063788177490232,-0.3395290615844728,1.11934471282959,1.316162862416087,-0.7342715637207036,0.0,0.10738033255215546,-0.011505035630588164,-0.08437026129097858,-0.007670023753725628,-0.19184704,0.11505035630587997,1.193437052975029,1.1842331682477143,3.541961639227946,2.0263886207969324,4.256804032792861,4.287483648550574,-0.1472621556370215,-0.15646604036433542,5.675736261587079,5.652726549768795,-1.0062913968529807,-1.0461748973380072,-0.06505933945567421,0.2892720888443597,1.053209696385318,0.037236936312129744,-0.5656728861712349,0.7528098967799808,-0.33452183147726916
-0.31498644,0.41614122,0.95572559,-0.23080879,0.36672512,0.87658621,-0.16361911610450655,0.07084820051521312,-0.177591029098504,0.0,0.0,0.2853690667724609,0.8519806591796873,0.1548854541015625,-0.3659902288818361,1.1055388864135742,1.3100269392645445,-0.7001404928588868,-0.0038367404706341132,0.0,-0.015346961882535896,-0.16881658070789432,-0.09591851176584838,0.07194264,0.17265332117853063,1.227184630308513,1.2164467647933135,3.5619033894704586,2.0263886207969324,4.21845451309572,4.247600148065548,-0.2132233295161039,-0.22242721424341827,5.614377030071653,5.59136731825337,-0.952602069276983,-0.9924855697620094,-0.06718967389549346,0.2958769194847869,1.054177239098504,0.024226311119521247,-0.5868546943370025,0.7389593007475473,-0.3300815133006683
-0.31498644,0.41614122,0.95572559,-0.23080879,0.36672512,0.87658621,-0.15753704117060444,0.06940768612067877,-0.17148516666082536,0.0,0.0,0.2853690667724609,0.8515971640014648,0.1502835119628906,-0.39091741546630876,1.0817621853637696,1.2870172274462597,-0.6491356341552739,0.0,0.0,-0.030685472728265797,-0.049863893183432616,-0.1112348386399631,-0.21582791999999998,0.23014104546199293,1.2640001692177685,1.2532623037025683,3.5619033894704586,2.0263886207969324,4.196978782065321,4.22919237861092,-0.25770877236478773,-0.26844663787998746,5.5484158561925705,5.523872163586402,-0.8298836062461321,-0.8697671067311585,-0.07327174882939558,0.29731743387932125,1.0480713766608254,0.027681177464795856,-0.5896078394486439,0.7343674360996404,-0.3351131404038123
-0.31498644,0.41614122,0.95572559,-0.23080879,0.36672512,0.87658621,-0.1505547659613752,0.06501898035393866,-0.16347614066867966,0.0,0.0,0.28575256195068355,0.8600340579223632,0.1495165216064453,-0.3989708142089845,1.059135969848633,1.2195220727792915,-0.6034997079467774,0.0,0.08436928006087559,0.0,-0.04985457458142623,-0.10737908371384146,-0.3597132,0.20325326560120385,1.3069516312785663,1.2962137657633663,3.592583005228171,2.0263886207969324,4.181638974186464,4.2138525707320635,-0.2715145994557586,-0.28071848418307255,5.477852739949831,5.454843028131549,-0.743980682124536,-0.7823302018216767,-0.0802540240386248,0.30170613964606136,1.0400623506686797,0.021254127482055688,-0.6085581962543377,0.7183201381543186,-0.3364838227294208
-0.31498644,0.41614122,0.95572559,-0.23080879,0.36672512,0.87658621,-0.14511626748473996,0.053702473828179,-0.16130020271879386,0.0,0.0,0.28575256195068355,0.8876457107543945,0.1495165216064453,-0.41047566955566417,1.037660239868164,1.1382210910213524,-0.5486598974609378,0.0,0.10735018492730904,0.0,-0.07667870351950551,-0.10351624975133471,-0.43165583999999996,0.26837546231827203,1.3146215352179946,1.3038836697027945,3.663146121470911,2.0263886207969324,4.140221492913552,4.173969070247037,-0.33440781175906986,-0.3436116964863838,5.4011537005555486,5.379677969525153,-0.65807775800294,-0.6979612584879664,-0.08569252251526005,0.313022646171821,1.037886412718794,0.004495790948361865,-0.6400900729734542,0.6926932980913216,-0.33232586586655305
-0.31498644,0.41614122,0.95572559,-0.23080879,0.36672512,0.87658621,-0.1384598925351808,0.03611454607616721,-0.1636454909576176,0.0,0.0,0.2976409124755859,0.8864952252197265,0.1452980746459961,-0.4545776150512697,1.0039126641845701,1.063056032414956,-0.5030239712524418,0.01917438386018521,-0.007669753544074084,-0.03834876772036876,-0.21475309923406657,-0.2262577295501788,-0.31175144,0.2262577295501766,1.3575729972787924,1.3468351317635925,3.663146121470911,2.0263886207969324,4.11260983873161,4.146357416065095,-0.4218447166685513,-0.4295146206079794,5.30911485328241,5.2861051414641285,-0.579844737820773,-0.6181942575179136,-0.09234889746481922,0.3306105739238328,1.0402317009576176,0.02130310835434566,0.6812056924367423,-0.6574789807819955,0.3212886116812885
-0.31498644,0.41614122,0.95572559,-0.23080879,0.36672512,0.87658621,-0.12189871093539409,0.02761628648824943,-0.1523645310195264,0.0,0.0,0.31029625335693334,0.8857282348632811,0.14299710357666015,-0.4867912100219728,0.9789854776000977,0.9894249545964455,-0.4807812509155278,0.042184713010285584,0.0,0.0,-0.1342240868509113,-0.1342240868509102,-0.3597132,0.015339895640100215,1.3959225169759335,1.3836506706728482,3.663146121470911,2.0263886207969324,4.115677800307382,4.150959358428752,-0.5108156023659185,-0.5200194870932324,5.218609986797158,5.197134255766761,-0.553767064426717,-0.5921165841238576,-0.10891007906460592,0.3391088335117506,1.0289507410195264,0.02982460274734357,0.7128808771536768,-0.6341901926302138,0.29784920283797967
-0.31498644,0.41614122,0.95572559,-0.23080879,0.36672512,0.87658621,-0.10746882789838044,0.01989418182030922,-0.14461010169395128,0.0,0.0,0.31374770996093737,0.891480662536621,0.14261360839843748,-0.5036649978637696,0.9494563488769531,1.0170366087783869,-0.4673589196777348,0.003835494849942506,0.0,-0.003835494849942506,0.0,-0.16876177339746473,0.45563672,0.13040682489804079,1.389786593824391,1.3775147475213059,3.6830878717134254,2.0263886207969324,4.094202069276983,4.129483627398353,-0.5000777368507188,-0.5092816215780331,5.135775024251333,5.11276531243305,-0.5261554102447752,-0.5660389107298016,-0.12333996210161957,0.3468309381796908,1.0211963116939513,0.036055952307188874,0.7395754300419256,-0.6152574469620117,0.2705298976810328
-0.31498644,0.41614122,0.95572559,-0.23080879,0.36672512,0.87658621,-0.09768247337079441,0.014026308454296421,-0.14094086342496126,0.0,0.0,0.31374770996093737,0.891480662536621,0.14223011322021484,-0.5025145123291017,0.930665085144043,1.1136773984151822,-0.45048513183593775,0.0,0.0,0.0,0.01150498224663318,-0.12655480471297165,0.4796176,0.01150498224663429,1.3360972662483934,1.3238254199453081,3.6830878717134254,2.0263886207969324,4.060454491943499,4.094202069276983,-0.40650490878969503,-0.41570879351700896,5.0636779272207075,5.040668215402425,-0.5062136600022615,-0.5430291989115172,-0.1331263166292056,0.3526988115457036,1.0175270734249613,0.021204489072663753,0.740733155532741,-0.6123446057460651,0.27549745144260684
-0.31498644,0.41614122,0.95572559,-0.23080879,0.36672512,0.87658621,-0.0957517461879063,0.013001486254527794,-0.14018403294081516,0.0,0.0,0.31374770996093737,0.8910971673583983,0.14223011322021484,-0.4795048016357423,0.9229951815795898,1.2011143033246638,-0.45201911254882843,0.0,0.0,0.0038324069873389706,0.15329627949355326,-0.0038324069873389706,0.43165583999999996,-0.01916203493669485,1.3192234775816514,1.3084856120664519,3.6830878717134254,2.0279226015848177,4.069658376670812,4.1018719732164115,-0.31139809994078504,-0.3236699462438706,5.04527015776608,5.022260445947797,-0.5384272565478607,-0.5767767762450013,-0.1350570438120937,0.3537236337454722,1.0167702429408152,-0.0009847396593634004,0.7181439681862039,-0.6217484607100927,0.3125653897190252
-0.31498644,0.41614122,0.95572559,-0.23080879,0.36672512,0.87658621,-0.09794297908945207,0.010984624680239308,-0.14367920195669404,0.0,0.0,0.31374770996093737,0.8907136721801757,0.14223011322021484,-0.4396213031005861,0.91724275390625,1.2225900343550629,-0.4830822219848634,0.0,-0.0038348788428300023,0.0,0.18790906329871673,-0.05752318264246446,-0.07194264,-0.1073766075992667,1.325359400733194,1.3146215352179942,3.6815538909255388,2.0263886207969324,4.100337992428526,4.137153531337781,-0.21935925266764666,-0.2285631373949606,5.023794426735681,4.999250734129513,-0.5951845456996292,-0.632000084608884,-0.13286581091054794,0.3557404953197607,1.020265411956694,-0.02201607087915977,0.6921589518047835,-0.6302818534319129,0.3509644758290789
-0.31498644,0.41614122,0.95572559,-0.23080879,0.36672512,0.87658621,-0.09912241988838524,0.005698397586457904,-0.1492850209851716,0.0,0.0,0.31374770996093737,0.8895631866455077,0.14261360839843748,-0.41047566955566417,0.8923155673217773,1.2532696501127756,-0.5229657205200198,0.0,-0.0038352711836108742,0.0,0.14574030497720766,-0.11889340669193266,0.38369408,-0.23395154220025444,1.3054176504906807,1.2931458041875956,3.678485929349767,2.0279226015848177,4.1540273200045235,4.190842858913779,-0.1472621556370215,-0.15800002115222123,4.983910926250655,4.960901214432372,-0.6657476619423681,-0.7040971816395096,-0.13168637011161477,0.3610267224135421,1.0258712309851716,-0.03736925018386442,0.6814955175561102,-0.632292021238614,0.3665708643217755
-0.31498644,0.41614122,0.95572559,-0.23080879,0.36672512,0.87658621,-0.09417154479516757,-0.00010371277123549794,-0.15105411010093983,0.0,0.0,0.31374770996093737,0.8864952252197265,0.14453108428955078,-0.39705333831787126,0.8788932360839843,1.3422405358101428,-0.5678346563720704,0.0,-0.019176101813542408,0.019176101813542963,0.019176101813542408,-0.057528305440628334,0.43165583999999996,-0.1879257977727176,1.3008157081270237,1.290077842611824,3.669282044622454,2.0263886207969324,4.226124417035148,4.261405975156518,-0.12732040539450828,-0.13959225169759337,4.953231310492941,4.928687617886773,-0.7363107781851079,-0.7746602978822485,-0.13663724520483245,0.3668288327712355,1.0276403201009399,-0.06513613278884695,0.6708560554903324,-0.6348738780721277,0.3776831952297096
-0.31498644,0.41614122,0.95572559,-0.23080879,0.36672512,0.87658621,-0.09316724271995738,0.002180613309970769,-0.1509896431234169,0.0,0.0,0.31374770996093737,0.8826602734374999,0.16063788177490232,-0.39705333831787126,0.8781262457275391,1.4327454022953956,-0.6130870874023442,0.0,-0.0038349348318147468,0.09203843596355059,0.0,0.030679478654516864,0.45563672,-0.2684454382270234,1.239456476611598,1.230252591884284,3.6600781598951393,2.0263886207969324,4.312027341156744,4.347308899278114,-0.19174759848570488,-0.20095148321301926,4.983910926250655,4.960901214432372,-0.8191457407309324,-0.8590292412159588,-0.13764154728004263,0.36454450669002925,1.027575853123417,0.09930537222877431,-0.6384490630920352,0.6519175526227199,-0.39689386675257454
-0.31498644,0.41614122,0.95572559,-0.23080879,0.36672512,0.87658621,-0.10209195658894113,0.010199526044885443,-0.15239065763065318,0.0,0.0,0.3133642147827147,0.880359302368164,0.1767446792602539,-0.39705333831787126,0.9091893551635741,1.5094444416896777,-0.6652424316406251,-0.003834938743434976,-0.023009632460608744,0.08436865235556641,0.0,0.1457276722505224,0.33573232,-0.24543607957982957,1.1765632643082868,1.1642914180052015,3.652408255955711,2.0263886207969324,4.381056476611598,4.414804053945082,-0.22549517581918943,-0.23316507975861755,5.066745888796479,5.0437361769781965,-0.9096506072161858,-0.9464661461254407,-0.12871683341105888,0.3565255939551146,1.0289768676306532,0.12108880480593957,-0.6025571565421987,0.6755790766509887,-0.4072533433157389
-0.31498644,0.41614122,0.95572559,-0.23080879,0.36672512,0.87658621,-0.11794670061273674,0.023883415449096557,-0.1573420573740273,0.0,0.0,0.29917489318847634,0.880359302368164,0.1870990490722656,-0.39705333831787126,0.9383349887084961,1.5370560958716193,-0.6821162194824222,-0.09975145991302681,0.007673189224079157,0.023019567672236636,0.0,0.10358805452506528,-0.0,-0.0038365946120395783,1.1044661672776617,1.092194320974576,3.652408255955711,2.0263886207969324,4.407134150005653,4.4393477465512525,-0.2162912910918755,-0.2270291566070748,5.14037696661499,5.118901235584593,-0.9326603190344702,-0.9710098387316108,-0.11286208938726328,0.34284170455090346,1.0339282673740273,0.12840248787095507,-0.5653525440169453,0.7064459142814352,-0.4059845714767794
-0.31498644,0.41614122,0.95572559,-0.23080879,0.36672512,0.87658621,-0.13455296902291572,0.037747881417698304,-0.16220820768595756,0.0,0.0,0.2688787741088865,0.880359302368164,0.1870990490722656,-0.39705333831787126,0.965179651184082,1.5708036732051034,-0.6648589364624025,-0.17636206893415393,0.0,0.0,0.0,0.15719227883261586,0.26378967999999997,0.17252811091384831,1.0246991663076084,1.012427320004523,3.653942236743598,2.0263886207969324,4.402532207641997,4.434745804187596,-0.1932815792735907,-0.2024854640009046,5.220143967585043,5.198668236554646,-0.8666991451553878,-0.909650607216185,-0.0962558209770843,0.3289772385823017,1.0387944176859576,0.1170760181953905,-0.5502182085020941,0.7247872597920701,-0.3977895889026773
-0.31498644,0.41614122,0.95572559,-0.23080879,0.36672512,0.87658621,-0.15216820687573343,0.055439025038650946,-0.16607126924117532,0.0,0.0,0.24050013092041,0.8830437686157225,0.1870990490722656,-0.39705333831787126,0.9924078088378906,1.598415327387045,-0.6176890295410158,-0.15345036103408743,0.026853813180965358,0.0,0.0,0.05754388538778307,0.04796176,0.23784805960283698,0.9648739155800683,0.952602069276983,3.6646801022587976,2.0263886207969324,4.3795224958237124,4.411736092369312,-0.19021361769781953,-0.20095148321301926,5.27383329516104,5.250823583342758,-0.7746602978822494,-0.8160777791551608,-0.07864058312426658,0.31128609496134907,1.0426574792411754,0.09920776235106307,-0.5355206583873311,0.73818271131024,-0.398072517328636
-0.31498644,0.41614122,0.95572559,-0.23080879,0.36672512,0.87658621,-0.16966079755517707,0.0702960274484361,-0.17133618488664804,0.0,0.0,0.229378770751953,0.9029855178833007,0.18940002014160154,-0.4074077081298829,0.9981602365112304,1.567735711629332,-0.5678346563720704,-0.026847465350967343,0.16492014429880747,0.023012113157973076,-0.09588380482488797,0.003835352192995652,-0.40767496,0.18409690526378683,0.9802137234589248,0.9679418771558392,3.7122335066832512,2.0279226015848177,4.387192399763141,4.4224739578845105,-0.26384469551633005,-0.2730485802436444,5.261561448857956,5.235483775463901,-0.6948932969121957,-0.7363107781851079,-0.06114799244482294,0.2964290925515639,1.047922394886648,0.07345116056312995,-0.5244806152142125,0.743665584503601,-0.40802758448586285
-0.31498644,0.41614122,0.95572559,-0.23080879,0.36672512,0.87658621,-0.17035782107576494,0.06014720908052279,-0.17330674407169078,0.0,0.0,0.23896615020751932,0.9144903732299804,0.1959194381713867,-0.44767470184326186,0.9513738247680663,1.474162883568308,-0.4949705725097657,0.08822980761489853,-0.015344314367808101,0.023016471551712984,-0.16111530086199116,-0.08822980761490075,-0.45563672,0.2723615800286046,1.107534128853433,1.0937283017624617,3.749049045592507,2.0279226015848177,4.462357458369537,4.496105035703022,-0.3712233506683251,-0.38042723539563905,5.1327070626755615,5.108163370069393,-0.613592315154257,-0.6534758156392835,-0.06045096892423507,0.3065779109194772,1.0498929540716908,0.0354482581782199,-0.5745830362031388,0.7143775628373592,-0.3978221376623828
-0.31498644,0.41614122,0.95572559,-0.23080879,0.36672512,0.87658621,-0.16035216691223989,0.04703937871819863,-0.16640026515602735,0.0,0.0,0.2481700344848632,0.9144903732299804,0.20780778869628905,-0.46148052825927743,0.9164757635498046,1.3851919978709408,-0.46160649200439474,0.08436962850885016,0.0,0.09587457785096529,-0.05368976359654021,-0.1764092232457756,-0.43165583999999996,0.16873925701770032,1.1535535524900022,1.1412817061869172,3.749049045592507,2.0279226015848177,4.5007069780666775,4.532920574612277,-0.4049709280018092,-0.41264083194123735,5.036066273038767,5.013056561220484,-0.5476311412751738,-0.589048622548086,-0.07045662308776013,0.3196857412818014,1.0429864751560274,0.017502867231077742,-0.6170822169963188,0.6846442070167607,-0.38751193130533473
-0.31498644,0.41614122,0.95572559,-0.23080879,0.36672512,0.87658621,-0.15432448987658856,0.03428940544421483,-0.16370851668264808,0.0,0.0,0.24970401519775365,0.9144903732299804,0.21739516815185547,-0.47145140289306653,0.8788932360839843,1.2962211121735736,-0.4083006622314458,0.0,0.0,0.01917689732695389,-0.0652014509116429,-0.1610859375464118,-0.43165583999999996,0.26847656257734887,1.1412817061869172,1.1320778214596032,3.749049045592507,2.0279226015848177,4.523716689884963,4.558998248006333,-0.44792239006260726,-0.4571262747899212,4.940959464189857,4.916415771583688,-0.4709321018808925,-0.5108156023659189,-0.07648430012341145,0.3324357145557852,1.040294726682648,-0.00038452325119659706,-0.6545937613732701,0.6581150859890879,-0.3720099371073833
-0.31498644,0.41614122,0.95572559,-0.23080879,0.36672512,0.87658621,-0.150946583003045,0.02294541563153918,-0.1628709697790217,0.0,0.0,0.2493205200195312,0.9141068780517577,0.221230119934082,-0.48947567626953137,0.8508980880737305,1.2072502264762064,-0.3688006588745121,-0.003835945714118468,-0.003835945714120689,0.023015674284723023,-0.0920626971388932,-0.14192999142245993,-0.45563672,0.19563323142014624,1.0584467436410925,1.0461748973380072,3.749049045592507,2.0263886207969324,4.537522516975933,4.571270094309418,-0.49547579448706225,-0.5046796792143762,4.845852655340947,4.821308962734779,-0.3973010240623811,-0.43871850533529333,-0.07986220699695501,0.34377970436846084,1.0394571797790217,0.025607722485004085,0.6883976210107249,-0.6285410905426976,0.36109425007233525
-0.31498644,0.41614122,0.95572559,-0.23080879,0.36672512,0.87658621,-0.14577883834890062,0.015753198829946302,-0.16018987060829126,0.0,0.0,0.2493205200195312,0.9144903732299804,0.22890002349853514,-0.5094174255371096,0.8125485702514648,1.115211379203068,-0.31012589660644574,0.0,0.0,0.04986184546510688,-0.1342434300983647,-0.2186250147316231,-0.43165583999999996,0.30300659936487706,0.9802137234589248,0.9679418771558392,3.749049045592507,2.0263886207969324,4.575872036673074,4.611153594794445,-0.5660389107298016,-0.5767767762450013,4.750745846492037,4.724668173097983,-0.31139809994078504,-0.35281558121369727,-0.08502995165109939,0.3509719211700537,1.0367760806082913,0.05060350449550571,0.7215914043239475,-0.6033928123917948,0.3356519692963041
-0.31498644,0.41614122,0.95572559,-0.23080879,0.36672512,0.87658621,-0.14158726974936212,0.0070980785193794915,-0.15905293579035507,0.0,0.0,0.2493205200195312,0.9079709552001952,0.2404048788452148,-0.5228397567749025,0.7845534222412109,1.1305511870819243,-0.25950453308105503,0.0,-0.053686256244764675,0.053686256244764675,-0.0038347325889119214,-0.1380503732008236,0.43165583999999996,0.2722660138127375,0.9786797426710391,0.969475857943725,3.729107295349994,2.0263886207969324,4.597347767703473,4.631095345036958,-0.5553010452146019,-0.5675728915176874,4.660240980006784,4.634163306612729,-0.22242721424341827,-0.2669126570921012,-0.0892215202506379,0.3596270414806205,1.035639145790355,0.0769664400278839,0.7481320685669935,-0.5764371641476596,0.3195227235745677
-0.31498644,0.41614122,0.95572559,-0.23080879,0.36672512,0.87658621,-0.14436422778760286,0.006877581923701026,-0.15820143026366373,0.0,0.0,0.2493205200195312,0.869237942199707,0.24308934509277344,-0.5228397567749025,0.7611602163696289,1.217988091991406,-0.20159676116943404,0.0,-0.19558880560299755,-0.007670149239332987,0.0,-0.0767014923933321,0.40767496,0.26078507413733154,1.064582666792635,1.0538448012774353,3.637068448076855,2.0263886207969324,4.532920574612277,4.565134171157875,-0.4632621979414635,-0.47553404424454904,4.600415729279244,4.574338055885191,-0.1288543861823941,-0.17640779060684864,-0.08644456221239716,0.359847538076299,1.0347876402636638,0.07033861600037875,0.7301653181515106,-0.5776093717282293,0.35815988183990494
-0.31498644,0.41614122,0.95572559,-0.23080879,0.36672512,0.87658621,-0.1480266651250919,0.015618015616617409,-0.15106736266591325,0.0,0.0,0.24970401519775365,0.8324224050903319,0.24117186920166014,-0.4879416955566408,0.7289466213989257,1.3299686895070577,-0.14944141693115265,0.003835250624953179,-0.17642152874794173,0.0,0.249291290622091,-0.21477403499749462,0.33573232,0.2569617918720029,1.145883648550574,1.1320778214596032,3.541961639227946,2.0263886207969324,4.511444843581877,4.543658440127476,-0.36815538909255396,-0.38042723539563905,4.529852613036505,4.505308920430336,-0.0015339807878858025,-0.04908738521234035,-0.0827821248749081,0.3511071043833826,1.0276535726659133,0.060049906509521134,0.7002453638125077,-0.5831513956286771,0.40741243103716485
-0.31498644,0.41614122,0.95572559,-0.23080879,0.36672512,0.87658621,-0.14898676153064597,0.016188607086841,-0.14866674102213928,0.0,0.0,0.25507294769287103,0.7986748294067382,0.24078837402343747,-0.43770382720947276,0.6779417626953125,1.4112696712649968,-0.12604821105957065,0.053691962300362044,-0.1879218680512605,-0.0038351401643115742,0.2684598115018002,-0.2646246713374886,0.43165583999999996,0.011505420492934723,1.2041749184902284,1.1934370529750282,3.4483888111669216,2.0263886207969324,4.503774939642449,4.535988536188048,-0.2715145994557586,-0.2837864457588437,4.439347746551252,4.414804053945083,0.026077673394055978,-0.02147573103039857,-0.08182202846935405,0.350536512913159,1.0252529510221393,0.04191745600570762,0.669306413141598,-0.5764011599044511,0.4669406333468329
-0.31498644,0.41614122,0.95572559,-0.23080879,0.36672512,0.87658621,-0.1424063806678885,0.009210664989998396,-0.14621661504699512,0.0,0.0,0.2711797451782225,0.7587913308715819,0.23081749938964843,-0.39130091064453143,0.6457281677246094,1.5063764801139066,-0.11492685089111365,0.11509217800594802,-0.18798389074304903,-0.061382494936505765,0.24552997974602195,-0.13811061360713742,0.45563672,0.11125577207241628,1.2624661884298827,1.2501943421267976,3.350214040742241,2.0263886207969324,4.4224739578845105,4.459289496793766,-0.17794177139473444,-0.18561167533416256,4.370318611096398,4.344240937702343,0.04755340442445455,0.003067961575771605,-0.08840240933211152,0.3575144550100016,1.0228028250469952,0.0032067376949713763,0.6373981372790171,-0.5629272866303509,0.5261427576177266
-0.31498644,0.41614122,0.95572559,-0.23080879,0.36672512,0.87658621,-0.13033175192853477,0.005007999765578863,-0.139435194687883,0.0,0.0,0.2838350860595702,0.7269612310791015,0.20435633209228513,-0.34489799407959,0.619267000427246,1.5615997884777895,-0.09843655822753927,0.06902778396745755,-0.16489970614448057,-0.16489970614448113,0.2377623669990192,-0.11121142972534852,0.1199044,0.0038348768870810983,1.2946797849754812,1.2854759002481675,3.264311116620645,2.0202526976453896,4.359580745581199,4.393328322914684,-0.08743690490948142,-0.1012427320004523,4.331969091399257,4.305891418005203,0.0659611738790824,0.02147573103039857,-0.10047703807146524,0.36171712023442115,1.016021404687883,-0.04606380869441112,0.5931254102446556,-0.5516712918794368,0.5845846037715556
-0.31498644,0.41614122,0.95572559,-0.23080879,0.36672512,0.87658621,-0.1099600194433186,-0.0002946399500878272,-0.13104615702562394,0.0,0.0,0.286136057128906,0.6939806457519531,0.17712817443847653,-0.3050144955444337,0.6012427270507812,1.5953473658112736,-0.07926179931640664,0.0,-0.1572374980504838,-0.11121676691375687,0.17641280269078627,-0.057525913920909624,0.16786616,0.18408292454690547,1.2670681307935396,1.25633026527834,3.176874211711164,2.018718716857504,4.31356132194463,4.348842880066,-0.009203884727313927,-0.019941750242513212,4.318163264308287,4.2920855909142315,0.10431069357622302,0.05982525072754008,-0.12084877055668142,0.36701975995008784,1.007632367025624,-0.08713533469750386,0.562749203456138,-0.531252825740217,0.627288771300484
-0.31498644,0.41614122,0.95572559,-0.23080879,0.36672512,0.87658621,-0.09415663651379261,0.0016677563799917805,-0.12166913366533205,0.0,0.0,0.28575256195068355,0.6690534591674804,0.17252623229980468,-0.27855332824707046,0.5878203958129883,1.6168230968416726,-0.058169564514160665,-0.003834980544578567,-0.08053459143619321,0.0,0.10354447470367793,-0.084369571980774,-0.0,0.0038349805445807876,1.1919030721871433,1.1796312258840578,3.1139809994078522,2.018718716857504,4.256804032792861,4.290551610126346,0.04295146206079803,0.02914563496982714,4.262939955944403,4.23686228255035,0.11351457830353695,0.07209709703062472,-0.1366521534862074,0.36505736362000824,0.9982553436653321,-0.11736438969638709,0.5388163509548212,-0.5143114645952084,0.6568000132162434
-0.31498644,0.41614122,0.95572559,-0.23080879,0.36672512,0.87658621,-0.09142351646213312,0.0046778487232754795,-0.11747308595899109,0.0,0.0,0.286136057128906,0.6475777291870116,0.1660068142700195,-0.2359853634643556,0.5567572863769531,1.6168230968416726,-0.06929092468261766,0.0038363530101614444,-0.1381087083658875,-0.06905435418294348,0.2685447107114466,-0.14578141438621375,-0.0,-0.05370894214229132,1.1274758790959463,1.1152040327928612,3.0526217678924255,2.0171847360696185,4.180104993398579,4.2138525707320635,0.1135145783035374,0.10277671278833767,4.219988493883605,4.192376839701666,0.07823302018216705,0.039883500485026424,-0.1393852735378669,0.36204727127672454,0.9940592959589911,-0.13032141732020336,0.5211466980492868,-0.5028133912836806,0.6772009604584027
-0.31498644,0.41614122,0.95572559,-0.23080879,0.36672512,0.87658621,-0.08128508116682578,0.004718718561201984,-0.1118676656655676,0.0,0.0,0.28575256195068355,0.6180486004638671,0.1460650650024414,-0.18996594207763684,0.5283786431884766,1.5907454234476168,-0.09997053894042995,-0.0038363671715287468,-0.1611274212042951,-0.07289097625908561,0.2071638272626645,-0.21867292877725628,-0.19184704,-0.20716382726266339,1.0661166475805206,1.0523108204895495,2.978990690073916,2.018718716857504,4.115677800307382,4.1540273200045235,0.21015536794033274,0.19941750242513345,4.157095281580294,4.129483627398354,0.030679615757712497,-0.009203884727313927,-0.14952370883317423,0.36200640143879803,0.9884538756655676,-0.15405818605635424,0.509946176122537,-0.4927367577663893,0.6880635583381051
-0.31498644,0.41614122,0.95572559,-0.23080879,0.36672512,0.87658621,-0.06502596970279376,0.01069785323688588,-0.10085739743404332,0.0,0.0,0.26811178375244116,0.5892864620971678,0.1311087530517578,-0.14548050140380875,0.5007669903564453,1.5462599805989332,-0.13180063873291026,-0.04604554947331358,-0.14964803578826358,-0.06523119508719201,0.18801932701602378,-0.053719807718863616,-0.21582791999999998,-0.15348516491103636,0.9817477042468103,0.969475857943725,2.8961557275280914,2.0171847360696185,4.052784588004071,4.088066146125441,0.2715145994557586,0.2623107147284447,4.095736050064868,4.069658376670814,-0.02300971181828526,-0.05982525072754008,-0.16578282029720626,0.35602726676311414,0.9774436074340433,-0.18440562370783461,0.5039397890500015,-0.4906033030731499,0.6865476341601356
-0.31498644,0.41614122,0.95572559,-0.23080879,0.36672512,0.87658621,-0.057133513294796795,0.023300116181724173,-0.09061362552486629,0.0,0.0,0.23513119842529284,0.5731796646118164,0.12420583984374997,-0.13512613159179698,0.47545630859375,1.5171143456291059,-0.17935404083252005,-0.1610625824782535,-0.03834823392339305,-0.015339293569357555,0.0,-0.138053642124218,-0.07194264,-0.31062069477949283,0.9387962421860124,0.9234564343071554,2.8608741694067206,2.0171847360696185,3.9914253564886453,4.029774876185787,0.25770877236478773,0.2485048876374738,4.031308856973672,4.003697202791731,-0.09664078963679579,-0.1349903093339364,-0.17367527670520322,0.34342500381827584,0.9671998355248663,-0.20511460462688008,0.5053496249568569,-0.4977061321770973,0.6744170531044101
-0.31498644,0.41614122,0.95572559,-0.23080879,0.36672512,0.87658621,-0.05758427339820679,0.04166512076022877,-0.0816312021399922,0.0,0.0,0.22592731414794898,0.5743301501464843,0.12420583984374997,-0.13512613159179698,0.4651019387817383,1.5125124032654491,-0.21118414062500035,0.0,0.0,0.0038350047819925128,0.0,-0.007670009563985581,0.02398088,-0.08820510998582974,0.9541360500648689,0.9403302229738975,2.8608741694067206,2.0171847360696185,3.9714836062461316,4.008299145155387,0.21168934872821854,0.2024854640009046,3.99295933727653,3.9668816638824755,-0.14572817484913614,-0.18407769454627676,-0.17322451660179322,0.32505999923977125,0.9582174121399922,-0.2201476237499135,0.5124105755125951,-0.5204327188127864,0.6466221547776172
-0.31498644,0.41614122,0.95572559,-0.23080879,0.36672512,0.87658621,-0.056907643939353575,0.0460412476568563,-0.07968386412931672,0.0,0.0,0.22631080932617165,0.5674272369384765,0.1222883639526367,-0.13474263641357442,0.44669417022705077,1.55086192296259,-0.24915016326904338,0.0,-0.0767188237307356,-0.011507823559610563,0.0,-0.0920625884768834,0.28777056,-0.27235182424411436,1.0323690702470365,1.0231651855197228,2.82252464970958,2.0171847360696185,3.974551567821903,4.011367106731159,0.20401944478879042,0.1932815792735907,3.96841564467036,3.9408039904884204,-0.21168934872821854,-0.24697090684958845,-0.17390114606064644,0.3206838723431437,0.9562700741293167,-0.228685190533336,0.5138894355953969,-0.5308883789390941,0.633859811568455
-0.31498644,0.41614122,0.95572559,-0.23080879,0.36672512,0.87658621,-0.05106788756700939,0.05135675337660045,-0.07498988413278418,0.0,0.0,0.22631080932617165,0.5378981082153319,0.12190486877441406,-0.12438826660156266,0.4509126171875,1.603017269750702,-0.29248511840820335,0.0,-0.13419080331391936,0.0,0.10351861969930931,0.07668045903652455,0.26378967999999997,-0.19170114759131082,1.0446409165501216,1.0323690702470358,2.7550294950426117,2.0171847360696185,3.9791535101855597,4.017503029882701,0.25464081078901657,0.24390294527381684,4.00369720279173,3.9760855486097895,-0.28838838812250067,-0.3252039270317555,-0.17974090243299062,0.31536836662339957,0.9515760941327842,-0.25508062496784356,0.49634334551752485,-0.5370613241005449,0.6325680139572777
-0.31498644,0.41614122,0.95572559,-0.23080879,0.36672512,0.87658621,-0.05624747219915957,0.06712044814596652,-0.06870908448557433,0.0,0.0,0.22592731414794898,0.5214078155517577,0.12152137359619139,-0.09025719573974622,0.4858106784057617,1.632162904720529,-0.34195599639892604,-0.003835010994796463,-0.02684507696357413,0.0,0.1495654287970565,0.20709059371900124,0.02398088,-0.23393567068257534,0.966407896367954,0.9556700308527546,2.7120780329818146,2.0171847360696185,3.9714836062461316,4.011367106731159,0.3436116964863838,0.33133985018329826,4.09880401164064,4.071192357458699,-0.3650874275167828,-0.4034369472139234,-0.17456131780084044,0.2996046718540335,0.9452952944855744,-0.28116366059818376,0.4571893081222594,-0.5541564308640775,0.6362669114685329
-0.31498644,0.41614122,0.95572559,-0.23080879,0.36672512,0.87658621,-0.06963197207404734,0.07561816347763867,-0.0710315446207943,0.0,0.0,0.22631080932617165,0.5221748059082031,0.12113787841796875,-0.05267466827392586,0.5180242733764648,1.6382988278720716,-0.3622812408447267,0.003834520513704527,0.0,-0.0038345205137042494,0.18789150517151515,0.15338082054817553,-0.0,-0.030676164109631775,0.8943107993373288,0.8774370106705867,2.701340167466615,2.0171847360696185,3.9990952604280734,4.038978760913101,0.4187767550927801,0.4080388895775804,4.192376839701663,4.1693671278833815,-0.3988350048502669,-0.4371845245474075,-0.16117681792595268,0.29110695652236135,0.9476177546207943,-0.28923520757342036,0.4171488352674097,-0.5745989042584971,0.6420015133626544
-0.31498644,0.41614122,0.95572559,-0.23080879,0.36672512,0.87658621,-0.07943774019142505,0.07259592584841285,-0.07808877867152386,0.0,0.0,0.2220923623657225,0.4968641241455078,0.12113787841796875,-0.03234942382812522,0.5448689358520508,1.5999493081749305,-0.38030551422119174,-0.038350381472855584,-0.19942198365885225,0.0,0.02301022888371246,0.17641175477513923,-0.28777056,-0.149566487744141,0.8176117599430468,0.8022719520641903,2.615437243345019,2.0156507552817327,4.078862261398126,4.117211781095268,0.43411656297163637,0.42491267824432244,4.287483648550573,4.261405975156519,-0.4310486013958652,-0.47093210188089163,-0.15137104980857496,0.29412919415158717,0.9546749886715239,-0.2829626692638972,0.3957162293963171,-0.5811021318293292,0.6524270886304617
-0.31498644,0.41614122,0.95572559,-0.23080879,0.36672512,0.87658621,-0.09013564770562268,0.08415971872345462,-0.07740316862491037,0.0,0.0,0.1837428445434568,0.4661845098876953,0.12152137359619139,-0.03234942382812522,0.5778495211791992,1.5355221150837337,-0.4013977490234377,-0.20322409266484093,-0.12653575581018367,0.003834416842732696,0.0,0.21472734319303874,-0.31175144,-0.08435717054012097,0.7363107781851078,0.7209709703062508,2.5218644152839946,2.0156507552817327,4.141755473701438,4.181638974186465,0.41417481272912315,0.40650490878969503,4.382590457399483,4.356512784005428,-0.4647961787293493,-0.5062136600022615,-0.14067314229437733,0.2825654012765454,0.9539893786249104,-0.2757977639663727,0.390156872224413,-0.598636992700801,0.6429206478387152
-0.31498644,0.41614122,0.95572559,-0.23080879,0.36672512,0.87658621,-0.11095786967348745,0.11369394743906502,-0.07500950106721038,0.0,0.0,0.13273798583984364,0.4458592654418945,0.12957477233886716,-0.03234942382812522,0.6181165148925781,1.4925706530229357,-0.43936377166748075,-0.2109354660990965,-0.07670380585421681,0.07286861556150635,0.0,0.19942989522096458,-0.1199044,-0.26462813019705056,0.6396699885483124,0.6243301806694559,2.477378972435311,2.0156507552817327,4.195444801277436,4.232260340186691,0.385029177759296,0.37735927381986745,4.477697266248393,4.451619592854339,-0.5307573526084317,-0.5721748338813439,-0.11985092032651257,0.253031172560935,0.9515957110672104,-0.25558236943216234,0.40193000624278785,-0.6348273184802143,0.6083783347788896
-0.31498644,0.41614122,0.95572559,-0.23080879,0.36672512,0.87658621,-0.1382918030560958,0.1467466822350586,-0.07821401957054186,0.0,0.0,0.11854866424560528,0.44547577026367186,0.13532720001220702,-0.033499909362793234,0.6572330230712891,1.4879687106592787,-0.49151911590576214,-0.011503862103226117,-0.030676965608601867,0.019173103505376307,-0.011503862103226117,0.19556565575483734,0.07194264,-0.28376193187956866,0.5767767762450011,0.56297094915403,2.451301299041255,2.0156507552817327,4.2138525707320635,4.2491341288534334,0.3067961575771281,0.29759227284981415,4.571270094309417,4.548260382491135,-0.6212622190936852,-0.6611457195787116,-0.0925169869439042,0.21997843776494141,0.9548002295705419,-0.23005863957884826,0.4050528953614944,-0.6771104899921625,0.56967232568993
-0.31498644,0.41614122,0.95572559,-0.23080879,0.36672512,0.87658621,-0.1535560734538242,0.15952398245797864,-0.08525838381929274,0.0,0.0,0.11854866424560528,0.4470097509765625,0.1326427337646484,-0.056509620056152565,0.6787087530517578,1.5462599805989332,-0.5459754312133791,0.0,0.01916496293197991,-0.022997955518375725,-0.1303217479374627,0.07665985172791853,0.38369408,-0.2721424736341137,0.5537670644267165,0.5399612373357456,2.4436313951018267,2.0156507552817327,4.200046743641092,4.236862282550348,0.21322332951610434,0.20401944478879042,4.6648429223704415,4.643367191340044,-0.710233104791052,-0.7516505860639642,-0.07725271654617583,0.20720113754202138,0.9618445938192928,-0.21797624877342134,0.39506648949455164,-0.7051658322291016,0.5469460420423182
-0.31498644,0.41614122,0.95572559,-0.23080879,0.36672512,0.87658621,-0.15729651597673514,0.16960446038081944,-0.08762491777100945,0.0,0.0,0.10819429443359363,0.47500489898681636,0.13149224822998046,-0.1029125366210939,0.7205097274780273,1.619891058417444,-0.5969802899169925,-0.08820022538984253,0.19173962041270304,0.003834792408254216,-0.17640045077968727,0.21091358245397412,0.3597132,-0.2339223369034983,0.5108156023659185,0.4970097752749476,2.5233983960718795,2.0156507552817327,4.269075879095946,4.3089593795809735,0.11811652066719436,0.10891263593988043,4.763017692795122,4.736940019401068,-0.8022719520641903,-0.8452234141249884,-0.07351227402326488,0.19712065961918057,0.9642111277710095,-0.22965874302298595,0.36801430885996755,-0.7273509486496866,0.5317733800462596
-0.31498644,0.41614122,0.95572559,-0.23080879,0.36672512,0.87658621,-0.17439534514914248,0.18403164960493434,-0.1026560021398405,0.0,0.0,0.0813496319580076,0.5198738348388671,0.14683205535888672,-0.17270865905761734,0.785703907775879,1.6659104820540132,-0.6759802966308595,-0.10355679287657801,0.12656941351581472,0.03835436773206537,-0.2339616431655983,0.1879364018871204,0.1199044,-0.24546795348521833,0.42644665903220824,0.41570879351700896,2.658388705405816,2.0171847360696185,4.36264870715697,4.400998226854112,-0.024543692606170175,-0.0337475773334841,4.905677906068487,4.881134213462319,-0.8973787609131003,-0.9341942998223551,-0.05641344485085753,0.18269347039506567,0.9792422121398405,0.22073171000901065,-0.33840928448170865,0.7693464836770051,-0.4948359894216506
-0.31498644,0.41614122,0.95572559,-0.23080879,0.36672512,0.87658621,-0.18694871716689457,0.20099245876458205,-0.11141321109656455,0.0,0.0,0.06600982482910145,0.5459515069580078,0.15526894927978513,-0.21911157562255879,0.8271213870239258,1.6659104820540132,-0.7266016601562502,-0.0498590230214319,0.12272990282198724,0.04985902302143218,-0.2262832583280394,0.19943609208572982,-0.1199044,-0.22244794886485103,0.38656315854718154,0.37429131224409584,2.735087744800099,2.0171847360696185,4.414804053945082,4.453153573642224,-0.12118448224296552,-0.13038836697027945,5.000784714917397,4.977775003099113,-0.9924855697620103,-1.030835089459151,-0.043860072833105446,0.16573266123541797,0.9879994210965646,0.20234640594182401,-0.34245390995001335,0.7996944181282576,-0.44974447097978015
-0.31498644,0.41614122,0.95572559,-0.23080879,0.36672512,0.87658621,-0.19376550657079675,0.21550616403702705,-0.11686441555949256,0.0,0.0,0.0640923489379881,0.5639757803344726,0.16907477569580076,-0.24212128631591812,0.8443786700439453,1.5922794042355024,-0.7273686505126955,0.003834923672236186,0.061358778755776756,0.061358778755776756,-0.007669847344472372,0.0,-0.45563672,0.0,0.4095728703654662,0.3973010240623811,2.7826411492245526,2.0171847360696185,4.443949688914909,4.47923124703628,-0.12885438618239364,-0.13959225169759337,5.032998311462995,5.006920638068941,-1.021631204731837,-1.0599807244289776,-0.037043283429203266,0.15121895596297297,0.9934506255594926,0.1786120139662015,-0.36748798332601557,0.8228755792091901,-0.3948748051206299
-0.31498644,0.41614122,0.95572559,-0.23080879,0.36672512,0.87658621,-0.1984190140749499,0.21498081274720618,-0.11895338373065734,0.0,0.0,0.0640923489379881,0.5766311212158203,0.1713757467651367,-0.2425047814941408,0.8194514834594726,1.5002405569623638,-0.7258346697998048,0.0,0.06521292444872603,0.01534421751734727,0.0,-0.21481904524286177,-0.43165583999999996,0.015344217517347825,0.48933987133551954,0.47706802503243395,2.82252464970958,2.018718716857504,4.476163285460508,4.511444843581878,-0.0674951546669682,-0.07976700097005329,4.963969176008141,4.937891502614088,-1.0016894544893242,-1.0446409165501214,-0.0323897759250501,0.15174430725279384,0.9955395937306574,0.1462812017122804,-0.4133944494875831,0.8213345726013086,-0.36485114637108523
-0.31498644,0.41614122,0.95572559,-0.23080879,0.36672512,0.87658621,-0.1911654263779108,0.2027611184710023,-0.11385902786964619,0.0,0.0,0.0790486608886718,0.5950388897705077,0.1748272033691406,-0.2425047814941408,0.7922233258056641,1.4112696712649968,-0.7170142807006838,0.08053307579234058,0.11121234276084989,0.0038349083710636648,0.0,-0.04218399208170115,-0.40767496,0.04985380882383125,0.5599029875782591,0.5476311412751738,2.88234990043712,2.018718716857504,4.485367170187821,4.520648728309192,-0.019941750242513212,-0.032213596545598744,4.885736155825973,4.861192463219805,-0.9756117810952682,-1.021631204731837,-0.0396433636220892,0.1639640015289977,0.9904452378696462,0.13629171559429099,-0.4602836001070392,0.805192743342468,-0.3481784338546811
-0.31498644,0.41614122,0.95572559,-0.23080879,0.36672512,0.87658621,-0.18165945234440597,0.1808388107008909,-0.11070664400977615,0.0,0.0,0.1085777896118163,0.620349571533203,0.17290972747802733,-0.2409708007812501,0.785703907775879,1.3269007279312865,-0.7166307855224612,0.17645335459031172,0.08822667729515586,-0.019179712455468557,0.015343769964375512,0.026851597437657145,-0.40767496,0.0,0.6350680461846555,0.6197282383057985,2.951379035891973,2.018718716857504,4.400998226854111,4.436279784975482,0.012271846303085088,0.0015339807878853584,4.887270136613859,4.861192463219805,-0.969475857943725,-1.0139613007924089,-0.04914933765559404,0.18588630929910913,0.9872928540097762,0.1295163815134882,-0.5048129920854563,0.7824986347695385,-0.3407128358679636
-0.31498644,0.41614122,0.95572559,-0.23080879,0.36672512,0.87658621,-0.16969811712474817,0.1525616035321335,-0.11145119217724364,0.0,0.0,0.1319709954833983,0.6529466616821288,0.15450195892333982,-0.23445138275146504,0.8198349786376953,1.1857744954458074,-0.7434754479980472,0.0805326707175923,0.16873511959876283,-0.099707116126542,0.06135822530864123,0.19174445408950413,-0.4796176,-0.1802397868441357,0.7040971816395093,0.6902913545485383,3.029612056074141,2.0233206592211608,4.318163264308287,4.353444822429657,0.06135923151542588,0.05062136600022615,4.967037137583913,4.940959464189859,-1.0492428589137788,-1.0860583978230336,-0.06111067287525185,0.21416351646786652,0.9880374021772437,0.12188893687354387,-0.5472119793088769,0.7581070058203351,-0.3331304616735384
-0.31498644,0.41614122,0.95572559,-0.23080879,0.36672512,0.87658621,-0.1571958859890842,0.12876374028813042,-0.11644851331193085,0.0,0.0,0.14347585083007797,0.6736554013061522,0.14261360839843748,-0.22333002258300794,0.8604854675292968,1.093735648172669,-0.7614997213745118,0.08053742234782169,0.08053742234782058,-0.03835115349896238,0.046021384198755406,0.2454473823933581,-0.43165583999999996,-0.019175576749481883,0.7516505860639642,0.7378447589729928,3.100175172316881,2.0248546400090466,4.266007917520175,4.301289475641545,0.11044661672776623,0.1012427320004523,5.052940061705508,5.02839636909934,-1.0753205323078348,-1.1152040327928612,-0.0736129040109158,0.2379613797118696,0.9930347233119309,0.10969139562377353,-0.5878170227853993,0.7388144815062548,-0.3107927080329623
-0.31498644,0.41614122,0.95572559,-0.23080879,0.36672512,0.87658621,-0.1536989540270163,0.11510689752156744,-0.1231822115962029,0.0,0.0,0.15114575439453115,0.6886117132568358,0.14107962768554685,-0.21834458526611344,0.8973010046386718,1.1121434176272968,-0.7622667117309572,0.06519568957806546,0.0345153650707395,0.0,0.04218544619757099,0.19942210929761103,0.45563672,-0.007670081126831492,0.7746602978822489,0.7577865092155065,3.140058672801908,2.0248546400090466,4.261405975156518,4.296687533277888,0.12425244381873712,0.1150485590914232,5.135775024251333,5.11276531243305,-1.0783884938836064,-1.1198059751565177,-0.07710983597298371,0.2516182224784326,0.9997684215962029,0.08903923500048988,-0.6209744096262695,0.7227065437484551,-0.2901000669475897
-0.31498644,0.41614122,0.95572559,-0.23080879,0.36672512,0.87658621,-0.1596884397675489,0.11157463309941074,-0.13180494628042327,0.0,0.0,0.15383022064208962,0.6870777325439452,0.14107962768554685,-0.21834458526611344,0.928364114074707,1.2026482841125494,-0.7749220526123048,0.02684576932665404,0.0,0.0,0.0,0.19559060509420323,0.43165583999999996,-0.08820752778758041,0.8191457407309324,0.8038059328520761,3.140058672801908,2.0248546400090466,4.272143840671717,4.312027341156744,0.09817477042468115,0.09050486648525258,5.217076006009272,5.194066294190989,-1.1013982057018907,-1.1412817061869172,-0.07112035023245111,0.2551504869005893,1.0083911562804233,0.07718210904459133,-0.6145215210556968,0.7257411063068535,-0.2995097140650465
-0.31498644,0.41614122,0.95572559,-0.23080879,0.36672512,0.87658621,-0.16799786488502658,0.1210299115825271,-0.13734324260928876,0.0,0.0,0.1676360470581053,0.6932136553955077,0.14146312286376952,-0.21872808044433611,0.965179651184082,1.208784207264092,-0.8082861331176758,0.0805456319087636,0.061368100501914595,0.0,-0.003835506281369801,0.15342025125478648,-0.28777056,-0.21862385803806977,0.9096506072161853,0.8958447801252145,3.166136346195964,2.0263886207969324,4.256804032792861,4.2920855909142315,0.0813009817579391,0.07363107781851053,5.2968430069793255,5.272299314373157,-1.1658253987930873,-1.202640937702343,-0.06281092511497344,0.24569520841747292,1.0139294526092888,0.08201723343698333,-0.576093372897032,0.748829104479424,-0.31724528587200257
-0.31498644,0.41614122,0.95572559,-0.23080879,0.36672512,0.87658621,-0.17034554379057257,0.12070174617897286,-0.14351615880362012,0.0,0.0,0.20138362274169896,0.7054855010986327,0.1399291421508789,-0.21834458526611344,0.9973932461547852,1.2011143033246638,-0.855456040039063,0.17642088829021277,0.02301142021176664,-0.01150571010588332,0.0,0.18409136169413534,0.21582791999999998,-0.2646313324353203,0.9940195505498954,0.9802137234589248,3.1906800388021335,2.0263886207969324,4.236862282550348,4.273677821459604,0.07823302018216793,0.06902913545485356,5.381211950313036,5.3566682577068665,-1.245592399763141,-1.2793399770966252,-0.060463246209427446,0.24602337382102715,1.0201023688036202,0.07893801693000607,-0.5696171577331299,0.7571107149726612,-0.3099813677832501
-0.31498644,0.41614122,0.95572559,-0.23080879,0.36672512,0.87658621,-0.16368172156398156,0.1086183185791893,-0.14927444104194942,0.0,0.0,0.2232428479003905,0.7081699673461913,0.13609419036865233,-0.21834458526611344,1.0111990725708009,1.2808813042947171,-0.8700288568115235,0.023009410880736443,0.015339607253823185,-0.02300941088073561,0.0,0.0038349018134560737,0.45563672,-0.0038349018134560737,1.0032234352772094,0.9909515889741236,3.19221401959002,2.0248546400090466,4.270609859883832,4.312027341156744,0.06902913545485401,0.06289321230331124,5.430299335525376,5.4072896237070935,-1.2686021115814254,-1.3038836697027953,-0.06712706843601846,0.2581068014208107,1.0258606510419495,0.0858408463520876,-0.5703434537063964,0.7589859826337255,-0.3021257554021751
-0.31498644,0.41614122,0.95572559,-0.23080879,0.36672512,0.87658621,-0.16048574198055113,0.10526772592997014,-0.15275732318466273,0.0,0.0,0.22247585754394517,0.7089369577026366,0.1380116662597656,-0.22333002258300794,1.0269223748779297,1.3437745165980286,-0.8719463327026369,-0.003835025491416648,0.003835025491416648,0.019175127457082407,-0.030680203931332074,0.10354568826824728,0.19184704,-0.015340101965666592,0.9157865303677278,0.9019807032767568,3.201417904317333,2.0248546400090466,4.308959379580973,4.348842880066,0.04601942363656919,0.039883500485026424,5.456377008919432,5.431833316313265,-1.2732040539450828,-1.3084856120664519,-0.07032304801944889,0.2614573940700299,1.0293435331846628,0.10167248478990415,-0.5370210842708585,0.7732075157821057,-0.32159166410723866
-0.31498644,0.41614122,0.95572559,-0.23080879,0.36672512,0.87658621,-0.16639431873420332,0.11215292223934226,-0.15675228835592503,0.0,0.0,0.22285935272216784,0.7258107455444335,0.13954564697265623,-0.24058730560302755,1.0533835421752928,1.3805900555072839,-0.9053104132080079,0.003834748272135901,0.11887719643620849,-0.003834748272135901,-0.0958687068033942,0.19173741360678617,0.16786616,-0.20707640669532976,0.8651651643675017,0.8498253564886449,3.236699462438704,2.0263886207969324,4.341172976126571,4.381056476611598,0.004601942363656963,-0.004601942363656963,5.5223381827985145,5.499328470980233,-1.3299613430968513,-1.3667768820061061,-0.06441447126579669,0.25457219776065776,1.033338498355925,0.10206860658976212,-0.5108575884254061,0.7871324426383474,-0.3301954597555689
-0.31498644,0.41614122,0.95572559,-0.23080879,0.36672512,0.87658621,-0.1684562780595902,0.11737697230133831,-0.16162945635380555,0.0,0.0,0.2220923623657225,0.7384660864257812,0.14299710357666015,-0.26014555969238295,1.0997864587402342,1.4204735559923105,-0.9221842010498049,-0.007666988498756294,0.0843368734863159,0.030667953995024064,-0.1341722987282307,0.25684411470832474,0.21582791999999998,-0.015333976997512587,0.8605632220038447,0.8452234141249884,3.278116943711616,2.0263886207969324,4.371852591884284,4.411736092369312,-0.019941750242513212,-0.02914563496982714,5.618978972435309,5.5975032414049135,-1.3560390164909073,-1.3913205746122763,-0.062352511940409805,0.2493481476986617,1.0382156663538056,0.10262897692901504,-0.5006425685553437,0.8000876133522892,-0.3141402912793098
-0.31498644,0.41614122,0.95572559,-0.23080879,0.36672512,0.87658621,-0.17624676734927594,0.12825718652999035,-0.1693185349125247,0.0,0.0,0.21250498291015618,0.7618592922973632,0.14913302642822263,-0.26666497772216813,1.1350680151367187,1.4849007490835076,-0.9233346865844729,0.0,0.030679357164799477,0.05752379468399888,-0.030679357164799477,0.15339678582399627,0.3597132,-0.01150475893680022,0.8436894333371027,0.8283496254582463,3.3302722904997264,2.0263886207969324,4.390260361338912,4.430143861823939,-0.04908738521234035,-0.05675728915176892,5.707949858132677,5.6849401463143945,-1.3637089204303354,-1.3959225169759337,-0.054562022650724074,0.23846793347000966,1.0459047449125247,0.09010645106430978,-0.4860576407743665,0.8156177155391342,-0.3006601726537387
-0.31498644,0.41614122,0.95572559,-0.23080879,0.36672512,0.87658621,-0.1867450581750382,0.1361561642713477,-0.18075560717138883,0.0,0.0,0.19946614685058583,0.7710631765747069,0.15411846374511717,-0.2869902221679689,1.155009764404297,1.5263182303564198,-0.9336890563964846,-0.11893506240922715,0.08440552816138683,-0.0038366149164265474,-0.04987599391354651,-0.0038366149164268254,0.07194264,-0.011509844749280476,0.8007379712763047,0.7853981633974483,3.3532820023180125,2.0263886207969324,4.393328322914683,4.431677842611824,-0.07209709703062517,-0.07823302018216793,5.743231416254047,5.7202217044357635,-1.37598076673342,-1.41126232485479,-0.044063731824961816,0.23056895572865233,1.0573418171713889,0.07715606402636517,-0.4660540833690214,0.828868711002024,-0.2996951669294382
-0.31498644,0.41614122,0.95572559,-0.23080879,0.36672512,0.87658621,-0.1925898785791406,0.14989701641353037,-0.18385841194478758,0.0,0.0,0.18182536865234367,0.7890874499511717,0.15411846374511717,-0.30194653411865247,1.1803204461669923,1.5615997884777895,-0.9344560467529299,-0.07670051136236823,0.1649060994290946,0.0,-0.12272081817979183,0.21476143181463683,0.16786616,-0.0038350255681186335,0.7593204900033924,0.745514662912421,3.403903368318238,2.0263886207969324,4.385658418975255,4.424007938672396,-0.08743690490948142,-0.09664078963679534,5.7999887054058155,5.776978993587534,-1.3790487283091917,-1.4143302864305616,-0.038218911420859425,0.21682810358646964,1.0604446219447876,0.07308247125194642,-0.45272426910472857,0.8419889676795266,-0.28417295238157825
-0.31498644,0.41614122,0.95572559,-0.23080879,0.36672512,0.87658621,-0.19801535327086597,0.16159932830968526,-0.18864034426884613,0.0,0.0,0.17568944580078116,0.8190000738525389,0.15833691070556638,-0.3226552737426759,1.219436954345703,1.5447259998110474,-0.9421259503173829,-0.01150099124364207,0.13417823117581862,0.04217030122668593,-0.1686812049067437,0.15334654991522095,-0.38369408,-0.0076673274957613806,0.7593204900033924,0.7470486437003068,3.4775344461367492,2.0263886207969324,4.387192399763141,4.428609881036054,-0.13959225169759337,-0.1487961364249073,5.878221725587983,5.853678032981815,-1.3897865938243914,-1.4266021327336462,-0.03279343672913404,0.20512579169031475,1.0652265542688462,0.06447915679349686,-0.4447868279023263,0.8511136648173919,-0.2713165045198952
-0.31498644,0.41614122,0.95572559,-0.23080879,0.36672512,0.87658621,-0.20098394942973366,0.16674942172252263,-0.19429998572995644,0.0,0.0,0.17568944580078116,0.8255194918823241,0.15872040588378905,-0.35180090728759783,1.2179029736328124,1.5125124032654491,-0.9425094454956056,0.0,-0.0038368512538084136,0.0,-0.1227792401218648,-0.0882475788375913,-0.0,0.0,0.7961360289126478,0.7823302018216767,3.499010177167147,2.0263886207969324,4.405600169217768,4.442415708127024,-0.2009514832130188,-0.20862138715244738,5.865949879284898,5.839872205890844,-1.3882526130365056,-1.4266021327336462,-0.029824840570266353,0.19997569827747738,1.0708861957299565,0.04536992632957333,-0.46180597640187226,0.8509423500125926,-0.24611770943881517
-0.31498644,0.41614122,0.95572559,-0.23080879,0.36672512,0.87658621,-0.19593386561170315,0.16792567266383004,-0.18757621217362563,0.0,0.0,0.17568944580078116,0.8366408520507811,0.161021376953125,-0.3771115890502931,1.18147093170166,1.4925706530229357,-0.9375240081787113,0.0,0.11506341275591996,0.0,-0.11506341275591996,-0.16108877785828749,-0.16786616,0.04986081219422946,0.7853981633974483,0.771592336306477,3.532757754500631,2.0279226015848177,4.400998226854111,4.44394968891491,-0.2346990605465029,-0.24390294527381684,5.7739110320117595,5.7462993778298195,-1.3376312470362794,-1.3974564977638195,-0.03487492438829687,0.19879944733616997,1.0641624221736257,0.04513222422710968,-0.4815287593259774,0.8451607473056757,-0.2275883289890115
-0.31498644,0.41614122,0.95572559,-0.23080879,0.36672512,0.87658621,-0.18761518744112474,0.15971870293893095,-0.1782124541122142,0.0,0.0,0.17607294097900383,0.869237942199707,0.161021376953125,-0.38094654083251966,1.1534757836914062,1.4204735559923105,-0.9083783746337892,0.003834821359952251,0.11887946215851534,0.0,0.0,-0.11887946215851534,-0.43165583999999996,0.1150446407985631,0.8053399136399616,0.7946020481247622,3.6155927170464572,2.0263886207969324,4.3703186110963985,4.410202111581426,-0.24236896448593148,-0.2515728492132454,5.706415877344791,5.680338203950738,-1.2839419194602817,-1.3406992086120502,-0.04319360255887528,0.20700641706106906,1.0547986641122142,0.05829971969773306,-0.5030402719381799,0.8338180582668862,-0.2197705012042504
-0.31498644,0.41614122,0.95572559,-0.23080879,0.36672512,0.87658621,-0.18151000042290868,0.1375304597298376,-0.1762944898592821,0.0,0.0,0.17568944580078116,0.891480662536621,0.161021376953125,-0.38094654083251966,1.134684519958496,1.3284347087191721,-0.9018589566040043,0.0,0.11506201917490069,0.0,0.0,-0.06903721150494085,-0.45563672,0.0038354006391635043,0.8298836062461319,0.8160777791551608,3.6815538909255388,2.0279226015848177,4.3381050145508,4.3779885150358275,-0.24236896448593148,-0.2515728492132454,5.6435226650414805,5.615911010859541,-1.2839419194602817,-1.333029304672622,-0.04929878957709133,0.22919466027016241,1.0528806998592821,0.05034188286093835,-0.5506938226169887,0.8034833595292686,-0.2204914953486059
-0.31498644,0.41614122,0.95572559,-0.23080879,0.36672512,0.87658621,-0.1757359639171913,0.11998637251164068,-0.17548345426529222,0.0,0.0,0.17568944580078116,0.9148738684082031,0.16063788177490232,-0.3828640167236329,1.1296990826416016,1.242531784597576,-0.9010919662475589,0.0,0.15718840199961365,-0.0038338634634053465,-0.007667726926809583,-0.023003180780432078,-0.38369408,0.0038338634634053465,0.8344855486097889,0.8252816638824747,3.7459810840167354,2.0263886207969324,4.261405975156518,4.30282345642943,-0.24543692606170264,-0.25617479157690237,5.620512953223195,5.594435279829142,-1.2624661884298831,-1.3238254199453081,-0.055072826082808723,0.24673874748835933,1.0520696642652922,0.040860157189024436,-0.5973870250821606,0.7737583342919379,-0.2067782143547531
-0.31498644,0.41614122,0.95572559,-0.23080879,0.36672512,0.87658621,-0.17133317660683337,0.10556554962713016,-0.17719910954785212,0.0,0.0,0.17568944580078116,0.9478544537353515,0.15756992034912107,-0.3978203286743165,1.128165101928711,1.1873084762336932,-0.8535385641479496,0.0,0.17257870132761524,-0.0038350822517249066,-0.09971213854484313,-0.015340329006899626,-0.16786616,0.2224347706000357,0.8774370106705868,0.8636311835796153,3.8303500273504465,2.0263886207969324,4.180104993398579,4.219988493883606,-0.28838838812250067,-0.2975922728498146,5.602105183768568,5.574493529586629,-1.1888351106113717,-1.245592399763141,-0.05947561339316665,0.26115957037286985,1.0537853195478522,0.028852695157920816,-0.6383429413165816,0.7458163578817542,-0.18826516292031995
-0.31498644,0.41614122,0.95572559,-0.23080879,0.36672512,0.87658621,-0.16842056627229687,0.09089097428797926,-0.1800457293894263,0.0,0.0,0.17568944580078116,0.9654952319335937,0.15603593963623044,-0.42543198150634776,1.1116748092651367,1.1336191486576959,-0.8117375897216799,0.0,0.07669690116977229,-0.0076696901169771734,-0.14955895728105476,-0.09203628140372497,-0.33573232,0.20324678809989358,0.8513593372765309,0.8375535101855602,3.8840393549264434,2.0263886207969324,4.124881685034696,4.16936712788338,-0.3558835427894689,-0.363553446728897,5.540745952253142,5.513134298071202,-1.1121360712170905,-1.1673593795809731,-0.06238822372770314,0.27583414571202075,1.0566319393894263,0.007080337109385558,-0.6715879653524007,0.7173187875633966,-0.1854001904767595
-0.31498644,0.41614122,0.95572559,-0.23080879,0.36672512,0.87658621,-0.16228917105124188,0.08035229294831747,-0.176834984889506,0.0,0.0,0.17568944580078116,0.9842864956665038,0.14836603607177734,-0.4630145089721681,1.1024709249877929,1.0523181668997568,-0.7661016635131839,0.0,0.12272102067337193,-0.046020382752514195,-0.17257643532192887,-0.030680255168344092,-0.43165583999999996,0.23777197755465784,0.8375535101855601,0.8283496254582463,3.9346607209266704,2.0279226015848177,4.065056434307156,4.10954187715584,-0.4295146206079794,-0.43718452454740797,5.491658567040801,5.462512932070977,-1.0369710126106932,-1.090660340186691,-0.06851961894875813,0.28637282705168254,1.053421194889506,0.00643752788235346,0.7000199508970772,-0.6923164070102231,0.17501034016672484
-0.31498644,0.41614122,0.95572559,-0.23080879,0.36672512,0.87658621,-0.1489310042891924,0.06233182329879433,-0.17338270249299026,0.0,0.0,0.18335934936523413,1.0310729074096678,0.13302622894287108,-0.4779708209228517,1.1017039346313475,0.9648812619902749,-0.7112618530273438,0.07667363366969486,0.1686819940733318,-0.034503135151363294,-0.0038336816834849646,0.0,-0.40767496,0.1571809490228791,0.9556700308527545,0.9449321653375549,4.063515107109064,2.0325245439484747,3.9269981633974482,3.9730175870340183,-0.43258258218375056,-0.4448544284868361,5.451775066555775,5.424163412373835,-0.9648739155800685,-1.0200972239439512,-0.08187778571080762,0.3043932967012057,1.0499689124929903,0.03937593871142669,0.7524755513463418,-0.6423823896385141,0.1399104912396681
-0.31498644,0.41614122,0.95572559,-0.23080879,0.36672512,0.87658621,-0.14144306866362524,0.04296302012668507,-0.18019059334145238,0.0,0.0,0.21749042022705067,1.051014656677246,0.13034176269531247,-0.47758732574462903,1.1017039346313475,0.9725511659297035,-0.7104948626708989,0.21476149624432533,0.023010160311892715,-0.003835026718648786,0.003835026718648786,0.003835026718648786,0.40767496,0.0,1.0461748973380074,1.0354370318228074,4.097262684442548,2.2825634123738343,3.8993865092155064,3.9454059328520765,-0.34667965806215495,-0.3574175235773547,5.447173124192118,5.419561470010178,-0.9449321653375549,-0.9970875121256668,-0.08936572133637477,0.32376209987331495,1.0567768033414524,0.05779532031513169,0.7801316182855498,-0.6089186711580505,0.13142454495243472
-0.31498644,0.41614122,0.95572559,-0.23080879,0.36672512,0.87658621,-0.12841039438470528,0.02715513943240455,-0.18390626232105067,0.0,0.0,0.24050013092041,1.0575340747070312,0.12382234466552733,-0.4768203353881837,1.0951845166015626,1.0707259363543842,-0.6997569976806641,0.05369025486638591,0.03835018204742009,-0.034515163842676694,0.007670036409484019,-0.04602021845689967,0.45563672,0.09971047332329223,1.0967962633382335,1.0845244170351478,4.084990838139463,2.6461168591027313,3.9699496254582463,4.0144350683069305,-0.28992236891038603,-0.3037281960013569,5.447173124192118,5.413425546858637,-0.9357282806102409,-0.9894176081862387,-0.10239839561529473,0.33956998056759546,1.0604924723210507,0.02849943541307051,0.7659525499013257,-0.6210551585533204,0.16369167210064017
-0.31498644,0.41614122,0.95572559,-0.23080879,0.36672512,0.87658621,-0.1178891459589502,0.018924462419858512,-0.18398141613337227,0.0,0.0,0.2454855682373045,1.0207185375976562,0.12458933502197264,-0.4695339270019533,1.1013204394531249,1.1627647836275228,-0.7166307855224612,-0.003835265161743069,-0.19559852324888985,0.003835265161743069,0.011505795485228097,0.09204636388182921,0.45563672,-0.17258693227843366,1.0768545130957201,1.06611664758052,4.002155875593639,2.7473595911031836,4.0389787609131,4.081930222973899,-0.2500388684253596,-0.2623107147284447,5.477852739949831,5.447173124192121,-0.9510680884890981,-1.0001554737014384,-0.11291964404104982,0.3478006575801415,1.0605676261333723,0.0006684195504585307,0.7428314950979211,-0.6381366220983447,0.2024415338877037
-0.31498644,0.41614122,0.95572559,-0.23080879,0.36672512,0.87658621,-0.12231342879441989,0.03525132389750568,-0.1764838489267745,0.0,0.0,0.24510207305908183,0.989655428161621,0.12919127716064452,-0.4630145089721681,1.1400534524536132,1.2502016885370044,-0.7568977792358402,-0.0038348414154907653,-0.15339365661962395,0.04218325557039703,0.06519230406334078,0.1917420707745316,0.3597132,-0.21858596068296474,1.0584467436410925,1.047708878125893,3.920854893835699,2.7473595911031836,4.083464203761784,4.129483627398353,-0.2009514832130188,-0.21168934872821854,5.569891587222969,5.540745952253145,-1.0277671278833802,-1.073786551519949,-0.10849536120558012,0.33147379610249433,1.0530700589267745,-0.020660573535390372,0.7017987384764994,-0.6740500590373275,0.22958264151663973
-0.31498644,0.41614122,0.95572559,-0.23080879,0.36672512,0.87658621,-0.13444264522506325,0.06036225013317903,-0.17406470842917454,0.0,0.0,0.2454855682373045,0.9743156210327146,0.13225923858642577,-0.44422324523925794,1.164980639038086,1.3851919978709408,-0.8017667150878909,0.0,-0.0038350626538880273,0.007670125307775777,0.07670125307775832,0.1457323808477406,0.45563672,-0.22626869657938473,1.0998642249140047,1.0875923786109194,3.879437412562787,2.7473595911031836,4.144823435277209,4.189308878125893,-0.12732040539450828,-0.13959225169759337,5.649658588193023,5.620512953223198,-1.142815686974803,-1.1888351106113717,-0.09636614477493677,0.306362869866821,1.0506509184291746,0.03097561498510061,-0.6564851254603645,0.7151549030782312,-0.2379522135403452
-0.31498644,0.41614122,0.95572559,-0.23080879,0.36672512,0.87658621,-0.1431174226255333,0.07554921795999664,-0.17792625390035666,0.0,0.0,0.2454855682373045,0.9754661065673826,0.1460650650024414,-0.4177620779418947,1.1830049124145507,1.478764825931965,-0.8485531268310549,0.0,0.011509892536049586,0.0997524019790928,0.12277218705119114,0.04987620098954598,0.43165583999999996,-0.26856415917448145,1.1136700520049756,1.1013982057018898,3.877903431774902,2.745825610315298,4.230726359398805,4.273677821459604,-0.06135923151542544,-0.07669903939428213,5.720221704435762,5.691076069465938,-1.2333205534600555,-1.2762720155208536,-0.0876913673744667,0.2911759020400034,1.0545124639003567,0.04786051686963369,-0.6117563771598175,0.7488477824369691,-0.2503807194424129
-0.31498644,0.41614122,0.95572559,-0.23080879,0.36672512,0.87658621,-0.15499206552362557,0.08418119889984965,-0.1888095929402337,0.0,0.0,0.2454855682373045,0.9746991162109373,0.16447283355712888,-0.40932518402099627,1.2102330700683592,1.5662017308414464,-0.8704123519897462,0.0,-0.019174833884734004,0.11504900330839986,0.0038349667769468007,0.1495637043009186,0.43165583999999996,-0.0038349667769468007,1.056912762853207,1.0446409165501214,3.8763694509870152,2.745825610315298,4.3012894756415445,4.344240937702343,-0.06135923151542544,-0.06902913545485401,5.780046955163302,5.750901320193478,-1.2440584189752553,-1.3008157081270237,-0.07581672447637444,0.28254392110015036,1.0653958029402337,0.05906923468610269,-0.5712849377232418,0.7760445643221604,-0.26057471026593926
-0.31498644,0.41614122,0.95572559,-0.23080879,0.36672512,0.87658621,-0.16913060216597633,0.09798497192840366,-0.19844640477580844,0.0,0.0,0.2454855682373045,0.9727816403198242,0.18134662139892577,-0.40932518402099627,1.2412961795043946,1.5922794042355024,-0.8658104098510746,0.0,0.0,0.061378888173507,0.0,0.1649557619663016,-0.0,0.015344722043377307,0.961805954004297,0.9510680884890972,3.861029643108159,2.7473595911031836,4.3703186110963985,4.4132700731571965,-0.10431069357622347,-0.1150485590914232,5.861347936921241,5.829134340375644,-1.2164467647933135,-1.2762720155208536,-0.06167818783402368,0.26874014807159635,1.0750326147758085,0.05807575492631927,-0.5316432310005054,0.8021352991445267,-0.2656344169858302
-0.31498644,0.41614122,0.95572559,-0.23080879,0.36672512,0.87658621,-0.1817109484235291,0.10994490446081995,-0.20549763756045547,0.0,0.0,0.22976226593017568,0.9712476596069335,0.1863320587158203,-0.40932518402099627,1.2581699673461912,1.5922794042355024,-0.8573735159301759,-0.14189474556773857,0.0076699862469051475,0.003834993123452296,0.0,0.0076699862469051475,-0.0,0.05752489685178861,0.8774370106705868,0.8620972027917304,3.854893719956616,2.745825610315298,4.3963962844904545,4.437813765763368,-0.13192234775816525,-0.14112623248547917,5.905833379769925,5.8751537640122145,-1.1980389953386856,-1.2593982268541115,-0.0490978415764709,0.25678021553918007,1.0820838475604555,0.041262134442863654,-0.5157515147513067,0.8141687976745292,-0.2634900001635043
-0.31498644,0.41614122,0.95572559,-0.23080879,0.36672512,0.87658621,-0.19063579724245974,0.12195809179021053,-0.20832900380399055,0.0,0.0,0.1986991564941405,0.9708641644287108,0.1863320587158203,-0.4227475152587892,1.2589369577026366,1.589211442659731,-0.8205579788208008,-0.16107150554091634,0.0,0.0,-0.09971093200151933,0.003835035846212452,-0.02398088,0.23777222246516316,0.8007379712763047,0.7869321441853341,3.8564277007445025,2.745825610315298,4.376454534247941,4.41940599630874,-0.1825437137583914,-0.19174759848570533,5.902765418194154,5.869017840860671,-1.125941898308061,-1.1826991874598294,-0.04017299275754027,0.2447670282097895,1.0849152138039906,0.026275323129691098,-0.512658944969463,0.8190051457315434,-0.25636104384730724
-0.31498644,0.41614122,0.95572559,-0.23080879,0.36672512,0.87658621,-0.19880517572579384,0.13671328242475958,-0.2058349947629986,0.0,0.0,0.17990789276123031,0.9700971740722655,0.19706992370605467,-0.45879606201171885,1.2505000637817383,1.533988134295848,-0.7722375863647462,-0.030679749862308016,-0.003834968732788502,0.08820428085413222,-0.21092328030335983,-0.0651944684574001,-0.38369408,0.21092328030336316,0.7792622402459057,0.7654564131549346,3.8564277007445025,2.7473595911031836,4.425541919460281,4.466959400733194,-0.26537867630421585,-0.2745825610315298,5.853678032981813,5.821464436436216,-1.0446409165501223,-1.099864224914005,-0.03200361427420617,0.23001183757524044,1.0824212047629986,0.010639344427800955,-0.5157105918659505,0.8187582501846044,-0.25211964925817015
-0.31498644,0.41614122,0.95572559,-0.23080879,0.36672512,0.87658621,-0.20333075264027725,0.1461102864114339,-0.1977565874333057,0.0,0.0,0.17990789276123031,0.9789175631713867,0.20819128387451172,-0.4768203353881837,1.2190534591674804,1.4557551141136802,-0.7404074865722658,0.0,0.08820327974248333,0.026844476443364615,-0.034514326855754104,-0.1994161107221346,-0.3597132,0.1342223822168214,0.8482913757007596,0.8375535101855602,3.8809713933506718,2.745825610315298,4.45775551600588,4.497639016490907,-0.29912625363769996,-0.3098641191528997,5.7739110320117595,5.741697435466163,-0.9878836273983529,-1.0415729549743507,-0.027478037359722762,0.22061483358856612,1.0743427974333057,-0.012895446832513697,-0.5416700679418127,0.806252353799995,-0.2374539680419544
-0.31498644,0.41614122,0.95572559,-0.23080879,0.36672512,0.87658621,-0.2018911149575571,0.1345011691133492,-0.1923711303255763,0.0,0.0,0.1837428445434568,1.010747662963867,0.208958274230957,-0.4768203353881837,1.183771902770996,1.422007536780196,-0.7085773867797855,0.03451479487312812,0.1418941567006403,0.007669954416250632,0.0,-0.14956411111689147,-0.04796176,0.15723406553314045,0.9387962421860124,0.9249904150950412,3.957670432744955,2.7473595911031836,4.471561343096851,4.512978824369764,-0.26537867630421585,-0.27765052260730094,5.686474127102278,5.654260530556682,-0.9326603190344702,-0.9863496466104671,-0.028917675042442914,0.23222395088665082,1.0689573403255763,-0.028735736955909568,-0.5811268580308572,0.7802954000073689,-0.22935762691509765
-0.31498644,0.41614122,0.95572559,-0.23080879,0.36672512,0.87658621,-0.19677691499153208,0.11045786125041396,-0.19436662852767228,0.0,0.0,0.20406808898925766,1.0444952386474609,0.22007963439941405,-0.4768203353881837,1.1573107354736327,1.3637162668405418,-0.6813492291259768,0.08819242333040407,0.17255039347253173,0.05751679782417725,0.0,-0.18788820622564628,-0.40767496,0.13037140840146902,1.0231651855197228,1.0108933392166373,4.045107337654436,2.750427552678955,4.480765227824165,4.522182709097078,-0.23776702212227452,-0.2515728492132454,5.599037222192797,5.565289644859314,-0.8820389530342441,-0.9357282806102409,-0.03403187500846794,0.25626725874958606,1.0709528385276723,-0.03263297970202951,-0.6122753446114714,0.7529355529639549,-0.2390440212587099
-0.31498644,0.41614122,0.95572559,-0.23080879,0.36672512,0.87658621,-0.1914100892079407,0.08179373851198946,-0.2001916553834212,0.0,0.0,0.2332137225341795,1.062136016845703,0.22659905242919917,-0.4768203353881837,1.120495198364258,1.2808813042947171,-0.6564220425415042,0.1342162740765176,0.01917375343950315,0.0268432548153033,0.0,-0.2454240440256292,-0.40767496,0.10353826857331257,1.0998642249140047,1.0860583978230336,4.086524818927348,2.7519615334668406,4.483833189399936,4.525250670672849,-0.2761165418194156,-0.28685440733461487,5.506998374919658,5.474784778374062,-0.8406214717613318,-0.8927768185494429,-0.039398700792059316,0.28493138148801056,1.0767778653834212,-0.04357560098619606,-0.6492502485656089,0.7195202963877524,-0.2426228035908168
-0.31498644,0.41614122,0.95572559,-0.23080879,0.36672512,0.87658621,-0.17917634663882756,0.050021292263225825,-0.20249130190422726,0.0,0.0,0.2500875103759763,1.060985531311035,0.22621555725097656,-0.4890921810913087,1.0971019924926757,1.1965123609610069,-0.6441501968383792,0.057528722553077234,0.0038352481702052968,-0.0038352481702047417,-0.08054021157430791,-0.06136397072328253,-0.40767496,0.03835248170205297,1.1320778214596032,1.118271994368632,4.088058799715235,2.753495514254726,4.486901150975707,4.52831863224862,-0.35895150436524004,-0.36815538909255396,5.454843028131546,5.421095450798065,-0.8176117599430466,-0.8713010875190443,-0.05163244336117245,0.3167038277367742,1.0790775119042273,0.048327390373161284,0.6887927168753937,-0.6812178371334978,0.24325154653217193
-0.31498644,0.41614122,0.95572559,-0.23080879,0.36672512,0.87658621,-0.16740676271631352,0.0339573928240941,-0.19838658114351804,0.0,0.0,0.2500875103759763,1.0813107757568359,0.23388546081542969,-0.5308931555175782,1.1001699539184568,1.115211379203068,-0.6395482546997071,-0.0038349499031012507,0.19558244505815714,0.07286404815892154,-0.2684464932170776,0.06902909825581807,-0.40767496,0.0038349499031012507,1.0783884938836057,1.06611664758052,4.1417481272912315,2.753495514254726,4.532920574612277,4.575872036673075,-0.44025248612317913,-0.44792239006260726,5.430299335525376,5.3980857389797805,-0.8130098175793901,-0.8666991451553869,-0.06340202728368649,0.3327677271759059,1.074972791143518,0.052126935204306876,0.7191605795095163,-0.6544174091998379,0.2276591707836842
-0.31498644,0.41614122,0.95572559,-0.23080879,0.36672512,0.87658621,-0.16281024307000982,0.03013489707381245,-0.19547640142393796,0.0,0.0,0.250471005554199,1.110072914123535,0.2611136184692383,-0.5362620880126955,1.0994029635620117,1.110609436839411,-0.6422327209472658,0.003834883943129749,0.10737675040762854,0.16106512561144418,-0.003834883943129749,0.0,0.26378967999999997,-0.026844187601908244,1.004757416065095,0.9924855697620094,4.204641339594543,2.753495514254726,4.598881748491359,4.640299229764272,-0.4632621979414635,-0.47246608266877743,5.431833316313262,5.399619719767665,-0.8559612796401881,-0.9081166264282992,-0.06799854692999019,0.33659022292618757,1.072062611423938,0.07041776753946564,0.7506576097137506,-0.6308679365812945,0.1831942618840887
-0.31498644,0.41614122,0.95572559,-0.23080879,0.36672512,0.87658621,-0.17178856302677084,0.025824574166001424,-0.2046442433065886,0.0,0.0,0.24970401519775365,1.1119903900146484,0.28143886291503906,-0.5389465542602541,1.1009369442749022,1.1873084762336932,-0.6736793255615239,-0.003835180052143407,-0.011505540156427999,0.10738504146001206,-0.026846260365002737,0.003835180052143407,0.43165583999999996,-0.12272576166858458,0.9863496466104673,0.9756117810952674,4.212311243533971,2.753495514254726,4.67251282630987,4.713930307582783,-0.4647961787293493,-0.47400006345666323,5.408823604494977,5.375076027161494,-0.9142525495798424,-0.9633399347921827,-0.05902022697322917,0.3409005458339986,1.0812304533065886,0.08271191663083996,0.7608022179385747,-0.6203431871073602,0.17179363852157298
-0.31498644,0.41614122,0.95572559,-0.23080879,0.36672512,0.87658621,-0.17920318645556313,0.03434798201548522,-0.20595067301962044,0.0,0.0,0.2500875103759763,1.1108399044799804,0.3178709048461914,-0.5519853903198243,1.0863641275024414,1.265541496415861,-0.7101113674926762,0.0,-0.007669724783168711,0.16489908283812174,-0.06902752304851506,-0.12271559653069493,0.33573232,-0.20708256914555076,0.983281685034696,0.969475857943725,4.198505416443,2.753495514254726,4.755347788855694,4.798299250916493,-0.5184855063053466,-0.5276893910326605,5.356668257706865,5.322920680373382,-0.9832816850346964,-1.0323690702470367,-0.051605603544436884,0.3323771379845148,1.0825368830196205,0.06621683798534232,0.7416100578901057,-0.6432688806683076,0.17842365192765083
-0.31498644,0.41614122,0.95572559,-0.23080879,0.36672512,0.87658621,-0.18896104076846612,0.0436148236913908,-0.20631660398656726,0.0,0.0,0.24586906341552717,1.094733106994629,0.32592430358886715,-0.5853494708251954,1.095951506958008,1.3560463629011137,-0.7634171972656252,-0.04216827867221253,-0.03066783903433578,0.01916739939646014,-0.2530096720332785,0.16483963480956232,0.45563672,-0.2913444708261977,0.9510680884890975,0.9372622613981267,4.166291819897401,2.753495514254726,4.832046828249976,4.874998290310775,-0.5813787186086579,-0.5905826033359718,5.388881854252464,5.353600296131097,-1.0753205323078348,-1.1228739367322893,-0.04184774923153389,0.3231102963086092,1.0829028139865673,0.04755994888062883,0.7235704159429932,-0.6651789223261348,0.17810363760349626
-0.31498644,0.41614122,0.95572559,-0.23080879,0.36672512,0.87658621,-0.187335863033288,0.0636504558995416,-0.1961985754232748,0.0,0.0,0.24280110198974603,1.0839952420043943,0.3416476058959961,-0.6010727731323243,1.117043741760254,1.4496191909621376,-0.8109705993652345,0.0038356599601251412,-0.11123413884362465,0.11506979880374979,-0.04219225956137433,0.04219225956137655,0.4796176,-0.2493178974081253,0.9679418771558396,0.9572040116406395,4.12794230020026,2.753495514254726,4.896474021341174,4.942493444977743,-0.6350680461846556,-0.6458059116998549,5.468648855222517,5.436435258676921,-1.1673593795809731,-1.211844822429657,-0.04347292696671201,0.3030746641004584,1.0727847854232748,-0.015013474870961049,-0.6936485810435146,0.7010801483971828,-0.1646598527632097
-0.31498644,0.41614122,0.95572559,-0.23080879,0.36672512,0.87658621,-0.19297688607141453,0.08519068413270231,-0.1938405137702074,0.0,0.0,0.24203411163330069,1.0682719396972655,0.36158935516357416,-0.6202475320434572,1.1343010247802734,1.5462599805989332,-0.8623589532470706,-0.0038349476021338168,-0.0038349476021338168,0.09970863765547479,-0.06519410923627267,0.0,0.45563672,-0.23393180373015393,0.9848156658225816,0.9740778003073816,4.098796665230433,2.753495514254726,4.970105099159684,5.014590542008368,-0.6289321230331129,-0.6427379501240837,5.459444970495204,5.425697393161721,-1.254796284490455,-1.299281727339138,-0.037831903928585486,0.2815344358672977,1.0704267237702074,0.005851090506059172,-0.6583615154145939,0.736343766548808,-0.15596069128342493
-0.31498644,0.41614122,0.95572559,-0.23080879,0.36672512,0.87658621,-0.19803281800005437,0.10794959088480194,-0.19174618929183673,0.0,0.0,0.23743216949462886,1.0782428143310545,0.3845990658569336,-0.6202475320434572,1.1001699539184568,1.6336968855084146,-0.8926550723266602,-0.0038374969637106943,0.06907494534683027,0.07291244231054318,0.0,-0.09593742409282069,0.43165583999999996,-0.09593742409281845,0.9249904150950417,0.909650607216185,4.1172044346850605,2.753495514254726,5.009988599644711,5.0544740424933945,-0.5951845456996288,-0.6089903727905996,5.36894010400995,5.336726507464354,-1.3054176504906811,-1.3483691125514783,-0.03277597199994564,0.2587755291151981,1.0683323992918368,0.02892467483041207,-0.6192487914339136,0.771541249213838,-0.14289296083132555
-0.31498644,0.41614122,0.95572559,-0.23080879,0.36672512,0.87658621,-0.20310942016326852,0.10823630308688797,-0.19633519636252295,0.0,0.0,0.21940789611816403,1.100102039489746,0.38498256103515627,-0.6202475320434572,1.0556845132446289,1.6843182515086408,-0.9179657540893555,-0.11122262962541664,0.09588157726329181,0.0,0.0,-0.1840926283455179,0.09592352,-0.1342342081686072,0.8344855486097889,0.8191457407309324,4.169359781473172,2.753495514254726,5.009988599644711,5.0544740424933945,-0.5737088146692297,-0.5890486225480864,5.283037179888354,5.247755621766986,-1.3483691125514792,-1.3897865938243905,-0.02769936983673149,0.25848881691311204,1.072921406362523,0.05487017743821418,-0.59962348926472,0.7840898061433342,-0.15047960211274397
-0.31498644,0.41614122,0.95572559,-0.23080879,0.36672512,0.87658621,-0.20072927994118464,0.10113409013968955,-0.19870353979239674,0.0,0.0,0.1875777963256835,1.1307816537475586,0.38498256103515627,-0.6202475320434572,1.0418786868286132,1.6720464052055557,-0.9321550756835939,-0.1840917427923547,0.18025649815084718,-0.0038352446415064185,0.0,-0.10355160532069883,-0.26378967999999997,-0.0460229356980859,0.7424467013366504,0.7301748550335647,4.242990859291684,2.753495514254726,5.005386657281054,5.048338119341852,-0.5967185264875146,-0.6059224112148285,5.197134255766759,5.164920659221162,-1.3713788243697635,-1.4127963056426758,-0.030079510058815373,0.26559102986031047,1.0752897497923968,0.08095965901046648,-0.5983232129653324,0.7820530979363005,-0.15442738891785276
-0.31498644,0.41614122,0.95572559,-0.23080879,0.36672512,0.87658621,-0.20433724972282521,0.10167132587790939,-0.20317840296365264,0.0,0.0,0.14500983154296865,1.1656797149658202,0.3853660562133788,-0.6213980175781251,1.0288398507690428,1.5800075579324173,-0.9344560467529299,-0.16106323798368577,0.161063237983688,0.0,-0.007669677999223449,0.0,-0.55156024,-0.0038348389996117247,0.645805911699855,0.6304661038209982,4.32889378341328,2.7565634758304975,4.940959464189857,4.986978887826426,-0.653475815639283,-0.662679700366597,5.120435216372476,5.086687639038994,-1.3637089204303354,-1.4127963056426758,-0.0264715402771748,0.2650537941220906,1.0797646129636527,0.07806926307243858,-0.6179441927406054,0.7702801806513371,-0.1368159644092426
-0.31498644,0.41614122,0.95572559,-0.23080879,0.36672512,0.87658621,-0.21062587410630276,0.1006309353199123,-0.20819291077333946,0.0,0.0,0.11663118835449215,1.1955923388671874,0.3853660562133788,-0.6309853970336916,1.0230874230957032,1.4726289027804222,-0.9148977926635746,-0.13036890955439573,0.1533751877110572,0.0,-0.08052197354830515,0.003834379692776541,-0.50359848,0.18788460494604164,0.5568350260024878,0.5430291989115164,4.400990880443905,2.791845033951867,4.882668194250202,4.9240856755231155,-0.6918253353364241,-0.7040971816395092,5.079017735099564,5.0452701577660815,-1.288543861823939,-1.349903093339364,-0.02018291589369725,0.2660941846800877,1.0847791207733395,0.05326202080214514,-0.6662414666945918,0.7368102660300934,-0.10196125278444754
-0.31498644,0.41614122,0.95572559,-0.23080879,0.36672512,0.87658621,-0.21747656980168376,0.09125862171828086,-0.21481638241319623,0.0,0.0,0.09055351623535146,1.2423787506103514,0.3853660562133788,-0.6658834582519533,1.0223204327392579,1.397463844174026,-0.8439511846923833,-0.07284810026062695,0.13419386890115456,0.0,-0.11502331620098899,0.0,-0.28777056,0.19937374808171307,0.45559229400203544,0.44485442848683565,4.500699631656472,2.9559809782556306,4.764551673583008,4.805969154855921,-0.7915340865489906,-0.800737971276305,5.031464330675109,4.996182772553741,-1.2072428800659996,-1.2670681307935396,-0.013332220198316258,0.27546649828171915,1.0914025924131963,-0.0008120613579461266,0.7340573918048201,-0.6761201871427776,0.06340803285918267
-0.31498644,0.41614122,0.95572559,-0.23080879,0.36672512,0.87658621,-0.21915035537685248,0.08545449241183767,-0.2173749748949908,0.0,0.0,0.0851845837402343,1.2469806927490232,0.3842155706787109,-0.6704854003906251,1.0426456771850585,1.3253667471434007,-0.8190239981079106,-0.007669826866184744,0.003834913433092372,-0.003834913433092372,-0.015339653732369488,0.17640601792224245,-0.38369408,0.13422197015822415,0.44638840927472156,0.4356505437595217,4.511437497171672,3.0342139984377985,4.681716711037184,4.720066230734325,-0.7946020481247622,-0.8053399136399615,5.092823562190535,5.057542004069168,-1.1550875332778876,-1.211844822429657,-0.011658434623147529,0.28127062758816235,1.0939611848949908,0.028620793813441812,0.7634721814216024,-0.6436967028771527,0.044109330780583815
-0.31498644,0.41614122,0.95572559,-0.23080879,0.36672512,0.87658621,-0.22307406048031878,0.08763829691824354,-0.21794986750052614,0.0,0.0,0.0851845837402343,1.2469806927490232,0.3830650851440429,-0.6735533618164063,1.0756262625122068,1.282415285082603,-0.7733880718994142,0.0,0.0,-0.007672080977755703,-0.011508121466632444,0.1611137005328609,-0.1199044,0.23399846982154007,0.5123495831538042,0.5000777368507192,4.511437497171672,3.040349921589341,4.640299229764271,4.6817167110371845,-0.7946020481247622,-0.8053399136399615,5.174124543948474,5.141910947402877,-1.0875923786109194,-1.142815686974803,-0.007734729519681238,0.2790868230817565,1.0945360775005262,0.060137641000361314,0.7784338506810714,-0.6242873459328108,0.026258597771360356
-0.31498644,0.41614122,0.95572559,-0.23080879,0.36672512,0.87658621,-0.22869693162502883,0.09608384922647734,-0.21704281663380554,0.0,0.0,0.08556807891845697,1.2469806927490232,0.381914599609375,-0.6793057894897463,1.093650535888672,1.277813342718946,-0.7438589431762699,0.0,0.0,0.0,-0.05369243750177471,0.01917587053634851,0.07194264,0.1380662678617048,0.5875146417602006,0.5752427954571155,4.511437497171672,3.040349921589341,4.663308941582556,4.704726422855469,-0.8130098175793896,-0.8206797215188182,5.206338140494072,5.171056582372705,-1.0200972239439512,-1.0768545130957197,-0.0021118583749711872,0.2706412707735227,1.0936290266338056,0.09229764240814788,0.7750531138119597,-0.6245196948907515,0.027367255431365648
-0.31498644,0.41614122,0.95572559,-0.23080879,0.36672512,0.87658621,-0.23071427264259517,0.10279255427981032,-0.21539688780317967,0.0,0.0,0.10014089569091777,1.247364187927246,0.3822980947875976,-0.7111358892822266,1.097868982849121,1.3284347087191721,-0.7369560299682618,0.0882075674826224,0.0,0.0,-0.19175558148396363,0.03835111629679206,0.28777056,0.030680893037435424,0.6672816427302539,0.6504078540635119,4.509903516383785,3.040349921589341,4.69705651891604,4.738474000188953,-0.8958447801252141,-0.9035146840646426,5.209406102069844,5.174124543948476,-0.9924855697620103,-1.0461748973380072,-9.451735740484413e-05,0.2639325657201897,1.0919830978031797,0.10224634594159551,0.7642567416565074,-0.6356681490423958,0.037193035197261394
-0.31498644,0.41614122,0.95572559,-0.23080879,0.36672512,0.87658621,-0.2209205938520369,0.10000530080749992,-0.2085999340196102,0.0,0.0,0.13925740386962882,1.247364187927246,0.3822980947875976,-0.7414320083618164,1.1086068478393556,1.3483764589616853,-0.7361890396118165,0.19560773712617444,0.0,0.0,-0.14574694138812827,0.023012674956021304,-0.0,0.0,0.7409127205487648,0.727106893457794,4.511437497171672,3.0418839023772266,4.71086234600701,4.749211865704153,-0.95720401164064,-0.9648739155800685,5.246221640979099,5.212474063645617,-0.9878836273983529,-1.0431069357622356,-0.009888196147963102,0.2667198191925001,1.0851861440196102,0.08395177084041344,0.7551489107278269,-0.6488438155401101,0.04127863654103698
-0.31498644,0.41614122,0.95572559,-0.23080879,0.36672512,0.87658621,-0.20438318528031332,0.08474376543044077,-0.20240112658805887,0.0,0.0,0.16380109527587883,1.2481311782836912,0.381914599609375,-0.7483349215698243,1.1143592755126952,1.3744541323557413,-0.7488443804931642,0.09971616821229211,0.003835237238934397,0.0,-0.007670474477868794,0.030681897911472956,0.3597132,-0.10738664269015868,0.8053399136399616,0.7900001057611048,4.511437497171672,3.0418839023772266,4.718532249946439,4.764551673583009,-0.9526020692769834,-0.9648739155800685,5.27383329516104,5.237017756251788,-1.0231651855197228,-1.0722525707320631,-0.02642560471968669,0.28198135456955925,1.078987336588059,0.06834921439577887,0.758021796799023,-0.6475745403267653,0.037128899655650416
-0.31498644,0.41614122,0.95572559,-0.23080879,0.36672512,0.87658621,-0.19499626914520587,0.07928118394043876,-0.20032916607610451,0.0,0.0,0.1664855615234373,1.2481311782836912,0.3822980947875976,-0.7483349215698243,1.131616558532715,1.457289094901566,-0.7361890396118165,-0.0038352841479509644,0.0,0.0,0.0,0.1265643768823774,0.38369408,0.1265643768823774,0.8191457407309324,0.8038059328520761,4.511437497171672,3.040349921589341,4.763017692795122,4.805969154855921,-0.9081166264282996,-0.9188544919434989,5.304512910918754,5.2692313527973855,-1.0154952815802947,-1.073786551519949,-0.03581252085479414,0.28744393605956126,1.0769153760761045,0.03832230548712401,0.7413322918229985,-0.6677513062494512,0.055371716649960934
-0.31498644,0.41614122,0.95572559,-0.23080879,0.36672512,0.87658621,-0.1970176110041281,0.08812365051981841,-0.19979847686887375,0.0,0.0,0.1664855615234373,1.2481311782836912,0.3857495513916015,-0.7491019119262696,1.1599952017211914,1.589211442659731,-0.7358055444335938,0.0,0.0,0.01918256583177462,0.0,0.14962401348784626,0.43165583999999996,0.0,0.786932144185334,0.7731263170943627,4.511437497171672,3.040349921589341,4.8381827514015185,4.8811342134623175,-0.8759030298827013,-0.8881748761857864,5.373542046373608,5.336726507464354,-1.0078253776408665,-1.0599807244289776,-0.03379117899587192,0.2786014694801816,1.0763846868688738,0.02866170105028292,0.7165269778650134,-0.692631203787505,0.07765057903458768
-0.31498644,0.41614122,0.95572559,-0.23080879,0.36672512,0.87658621,-0.20055138320455904,0.10296228753215364,-0.19965013752079142,0.0,0.0,0.1664855615234373,1.2481311782836912,0.39226896942138667,-0.7491019119262696,1.1776359799194336,1.6168230968416726,-0.7657181683349612,0.0,0.0,0.03835056747729777,0.0,0.02301034048637933,-0.0,-0.24927868860243388,0.8053399136399616,0.7915340865489906,4.509903516383785,3.040349921589341,4.871930328735003,4.914881790795802,-0.8682331259432727,-0.8789709914584725,5.416493508434405,5.379677969525153,-1.0768545130957206,-1.1274758790959458,-0.030257406795440978,0.2637628324678464,1.0762363475207914,-0.01658777419268448,-0.6851843044143957,0.7221865199257403,-0.09324132758086108
-0.31498644,0.41614122,0.95572559,-0.23080879,0.36672512,0.87658621,-0.20161312435480475,0.11183664772081853,-0.1999568821636809,0.0,0.0,0.1664855615234373,1.2481311782836912,0.3957204260253906,-0.7491019119262696,1.179553455810547,1.6137551352659014,-0.8109705993652345,0.0,0.0,0.00767023959765018,0.0,0.00767023959765018,-0.04796176,-0.2377774275271467,0.8820389530342437,0.8666991451553869,4.511437497171672,3.040349921589341,4.867328386371346,4.910279848432145,-0.9142525495798419,-0.9219224535192705,5.416493508434405,5.378143988737266,-1.1658253987930873,-1.211844822429657,-0.029195665645195268,0.2548884722791815,1.076543092163681,-0.007521363314414444,-0.6734501151063688,0.7345018178455878,-0.08315919154632519
-0.31498644,0.41614122,0.95572559,-0.23080879,0.36672512,0.87658621,-0.19908767050327295,0.11348155279427158,-0.19992108699136268,0.0,0.0,0.1753059506225585,1.248514673461914,0.39763790191650383,-0.7494854071044923,1.1607621920776365,1.5800075579324173,-0.8305288534545903,0.0038349138165799193,0.0,0.0,0.0,-0.17640603556267184,-0.26378967999999997,-0.0076698276331598385,0.885106914610015,0.8697671067311585,4.511437497171672,3.0418839023772266,4.8734643095228884,4.914881790795802,-0.9019807032767573,-0.9127185687919566,5.350532334555322,5.312182814858184,-1.1903690913992575,-1.2409904573994837,-0.03172111949672707,0.25324356720572844,1.0765072969913627,0.004978999791688949,-0.673937136561662,0.7359539830612134,-0.0644645665499827
-0.31498644,0.41614122,0.95572559,-0.23080879,0.36672512,0.87658621,-0.19450430435909297,0.10224143216761944,-0.2000154490636762,0.0,0.0,0.17492245544433582,1.2868641912841796,0.39878838745117184,-0.7468009408569337,1.1373689862060545,1.5370560958716193,-0.8174900173950199,0.0,0.2033600524297518,0.011510946363948593,0.02685887484921227,-0.17650117758054065,-0.16786616,0.13045739212474627,0.7900001057611052,0.7792622402459051,4.5927384789296095,3.0418839023772266,4.86272644400769,4.907211886856373,-0.8222137023067035,-0.8329515678219033,5.269231352797384,5.229347852312358,-1.1290098598838325,-1.1903690913992575,-0.03630448564090705,0.2644836878323806,1.0766016590636762,0.011491946621943272,-0.6879952078420413,0.7233994967327486,-0.056777612454477884
-0.31498644,0.41614122,0.95572559,-0.23080879,0.36672512,0.87658621,-0.19296777516871236,0.08074720305368549,-0.20856053834047483,0.0,0.0,0.17492245544433582,1.3156263296508788,0.4007058633422851,-0.7314611337280275,1.1243301501464842,1.5002405569623638,-0.7760725381469729,0.0,0.16489947199180335,0.00383487144167,0.06519281450838778,-0.026844100091690002,-0.16786616,0.21475280073351113,0.705631162427395,0.6918253353364241,4.666369556748121,3.0418839023772266,4.847386636128833,4.891872078977517,-0.7424467013366502,-0.7547185476397353,5.186396390251559,5.149580851342305,-1.0507768397016646,-1.1106020904292038,-0.037841014831287656,0.2859779169463145,1.0851467483404749,-0.004138865506613621,0.7184680915323,-0.6933366304491986,0.05541469227203668
-0.31498644,0.41614122,0.95572559,-0.23080879,0.36672512,0.87658621,-0.19820063992216966,0.06602940535621532,-0.21868479185268586,0.0,0.0,0.1542137158203123,1.3294321560668945,0.4003223681640624,-0.7046164712524415,1.0771602432250975,1.4971725953865926,-0.7503783612060548,-0.11121719622435192,0.0,0.0,0.11505227195622628,-0.19942393805745992,0.07194264,0.06136121170998972,0.619728238305799,0.6074563920027138,4.697049172505833,3.0418839023772266,4.819774981946892,4.865794405583461,-0.6887573737606529,-0.6994952392758527,5.097425504554192,5.059075984857053,-1.0078253776408665,-1.0676506283684066,-0.032608150077830356,0.3006957146437847,1.0952710018526859,0.01867264738957039,0.7390933544444745,-0.6699393053736205,0.06762893442151752
-0.31498644,0.41614122,0.95572559,-0.23080879,0.36672512,0.87658621,-0.20831144561205098,0.05722731195776115,-0.22946757554374575,0.0,0.0,0.1308205099487303,1.3255972042846678,0.4079922717285156,-0.7011650146484376,1.0756262625122068,1.55086192296259,-0.7139463192749025,-0.10738434986363402,-0.034516398170455216,0.07670310704545381,0.007670310704545604,0.0,0.33573232,0.27996634071590565,0.6089903727905995,0.5936505649117425,4.689379268566405,3.0418839023772266,4.867328386371346,4.914881790795802,-0.6764855274575678,-0.6872233929727671,5.0728818119480215,5.037600253826653,-0.9418642037617841,-1.0001554737014384,-0.022497344387949036,0.30949780804223886,1.1060537855437458,0.028728549018807132,0.7508892071133907,-0.6535689562808236,0.09048584694797453
-0.31498644,0.41614122,0.95572559,-0.23080879,0.36672512,0.87658621,-0.22263417044296555,0.07386572912679668,-0.23020923218878886,0.0,0.0,0.1308205099487303,1.298752541809082,0.43330295349121095,-0.7007815194702149,1.1013204394531249,1.615289116053787,-0.6794317532348635,0.0,-0.11893268748327832,0.07673076611824473,-0.003836538305912347,0.2340288366606443,0.33573232,0.11893268748327832,0.6795534890333391,0.6688156235181397,4.62802003705098,3.0418839023772266,4.891872078977516,4.939425483401972,-0.7163690279425943,-0.7255729126699082,5.143444928190761,5.1050954084936215,-0.8805049722463583,-0.9372622613981267,-0.008174619557034468,0.29285939087320334,1.106795442188789,0.04322801320065347,0.7344102835215445,-0.6684488376941616,0.10931159919172853
-0.31498644,0.41614122,0.95572559,-0.23080879,0.36672512,0.87658621,-0.23830785122437073,0.10016728977799516,-0.22635773015026894,0.0,0.0,0.13120400512695296,1.2722913745117186,0.43330295349121095,-0.7003980242919923,1.1093738381958007,1.6521046549630423,-0.6663929171752931,0.0038348570229096673,-0.1572291379392919,0.0,0.0,-0.0038348570229096673,0.07194264,0.011504571068729002,0.7301748550335653,0.7148350471547085,4.5666608055355535,3.0418839023772266,4.853522559280376,4.899541982916945,-0.7669903939428204,-0.774660297882249,5.174124543948474,5.140376966614992,-0.8636311835796162,-0.9188544919434989,0.007499061224370718,0.26655783022200485,1.102943940150269,0.058575683687127504,0.7006217181330535,-0.6996421955578279,0.12727488187343095
-0.31498644,0.41614122,0.95572559,-0.23080879,0.36672512,0.87658621,-0.24104616729554865,0.11225123000063686,-0.22148753591653902,0.0,0.0,0.13618944244384745,1.258485548095703,0.4313854776000976,-0.714203850708008,1.0951845166015626,1.6336968855084146,-0.6721453448486332,0.030679804472599135,-0.0038349755590751694,-0.011504926677225509,-0.12655419344947616,-0.13805912012669944,-0.31175144,-0.057524633386127545,0.7623884515791637,0.745514662912421,4.532913228202069,3.040349921589341,4.789095366189178,4.835114789825748,-0.8421554525492168,-0.8498253564886453,5.120435216372476,5.083619677463224,-0.9111845880040708,-0.9633399347921827,0.010237377295548633,0.25447388999936316,1.098073745916539,-0.05584236613443867,-0.6787165358698334,0.7185074755760523,-0.14132410135107587
-0.31498644,0.41614122,0.95572559,-0.23080879,0.36672512,0.87658621,-0.23527277246037528,0.10803875577247979,-0.21581881530315805,0.0,0.0,0.14884478332519513,1.259636033630371,0.43100198242187493,-0.7268591915893556,1.0740922817993164,1.5953473658112736,-0.7120288433837891,0.11115160798673143,0.007665628137016267,-0.0038328140685081336,-0.0229968844110488,0.0038328140685081336,-0.09592352,-0.16481100494584086,0.7961360289126478,0.7807962210337909,4.537515170565726,3.040349921589341,4.775289539098208,4.822842943522663,-0.878970991458472,-0.8866408953979006,5.08055171588745,5.040668215402425,-0.9817477042468106,-1.0323690702470367,0.004463982460375271,0.2586863642275202,1.092405025303158,-0.04892583882927212,-0.6847187633767473,0.7143765863846059,-0.1357666019319481
-0.31498644,0.41614122,0.95572559,-0.23080879,0.36672512,0.87658621,-0.224080614566779,0.0932309352154434,-0.21305635090353203,0.0,0.0,0.15766517242431632,1.2910826382446288,0.42985149688720703,-0.7287766674804689,1.0599029602050782,1.5416580382352763,-0.7446259335327152,0.015341979246328507,0.14574880284011638,-0.0038354948115821266,0.0038354948115821266,-0.14191330802853203,-0.33573232,-0.164926276898027,0.7900001057611052,0.7746602978822485,4.603476344444809,3.0418839023772266,4.796765270128606,4.842784693765177,-0.8283496254582463,-0.8406214717613314,5.049872100129737,5.009988599644712,-1.0446409165501223,-1.0937283017624617,-0.0067281754332210175,0.2734941847845566,1.089642560903532,0.031338244275819355,0.7035477413334329,-0.7003551573867198,0.11636641969295533
-0.31498644,0.41614122,0.95572559,-0.23080879,0.36672512,0.87658621,-0.2151216665499515,0.07203613935132341,-0.21921157604037422,0.0,0.0,0.15689818206787098,1.3079564260864256,0.42946800170898436,-0.7283931723022462,1.051082571105957,1.4664929796288797,-0.7672521490478519,-0.007669448919521458,0.0843639381147316,0.0,0.003834724459760729,-0.015338897839040695,-0.38369408,-0.06135559135617166,0.701029220063738,0.6887573737606525,4.651029748869265,3.0418839023772266,4.773755558310322,4.819774981946892,-0.7562525284276211,-0.7669903939428209,4.979308983886997,4.939425483401973,-1.081456455459377,-1.1320778214596032,-0.015687123450048523,0.2946889806486766,1.0957977860403743,0.023609562935871933,0.7328645016548149,-0.6732793376576048,0.09511647720323697
-0.31498644,0.41614122,0.95572559,-0.23080879,0.36672512,0.87658621,-0.21341272630273025,0.05655318646461227,-0.22799655946206354,0.0,0.0,0.14654381225585933,1.3171603103637695,0.42985149688720703,-0.7138203555297853,1.0679563589477539,1.448085210174252,-0.7427084576416019,-0.007667841681822944,-0.003833920840912582,0.003833920840912582,0.0,0.2377030921365712,0.07194264,0.26837445886387185,0.6304661038209985,0.6135923151542562,4.6709714991117774,3.0418839023772266,4.848920616916718,4.896474021341174,-0.7255729126699082,-0.7378447589729933,5.039134234614537,4.999250734129513,-1.0446409165501223,-1.1044661672776614,-0.01739606369726976,0.31017193353538774,1.1045827694620636,0.032490658548569674,0.7691283780094713,-0.6350028165742099,0.06447726878846816
-0.31498644,0.41614122,0.95572559,-0.23080879,0.36672512,0.87658621,-0.22086088238605742,0.06749224977978757,-0.2281093845597849,0.0,0.0,0.13772342315673813,1.3033544839477538,0.4390553811645508,-0.7138203555297853,1.0740922817993164,1.4879687106592787,-0.7001404928588868,-0.015342144658066915,-0.13424376575808106,0.07671072329033235,0.0,0.003835536164516729,0.21582791999999998,0.17643466356776508,0.6166602767300278,0.6028544496390564,4.637223921778293,3.0418839023772266,4.9424934449777425,4.991580830190084,-0.7363107781851079,-0.7470486437003072,5.069813850372251,5.0345322922508835,-0.9510680884890981,-1.0108933392166373,-0.009947907613942597,0.29923287022021244,1.104695594559785,0.0503481683122139,0.75758246058466,-0.6465582112974637,0.07413741812284447
-0.31498644,0.41614122,0.95572559,-0.23080879,0.36672512,0.87658621,-0.2318051021672695,0.08243405896369549,-0.2260072863814816,0.0,0.0,0.13388847137451165,1.2807282684326171,0.45171072204589835,-0.714203850708008,1.0694903396606446,1.5033085185381352,-0.6997569976806641,-0.011504280592819473,-0.03834760197607009,0.05368664276649901,0.0,-0.05368664276649901,-0.0,0.003834760197607231,0.6642136811544826,0.6519418348513977,4.585068574990181,3.0418839023772266,4.976241022311227,5.028396369099339,-0.8160777791551612,-0.8237476830945893,5.019192484372024,4.979308983887,-0.9265243958829279,-0.9832816850346964,0.0009963121672694752,0.2842910610363045,1.1025934963814816,0.06678024069617451,0.7400454636930067,-0.6627050877086078,0.0932474012779452
-0.31498644,0.41614122,0.95572559,-0.23080879,0.36672512,0.87658621,-0.23836465943301413,0.09328533438947073,-0.22258355142502817,0.0,0.0,0.13427196655273432,1.274208850402832,0.45439518829345704,-0.727626181945801,1.0403447061157225,1.5017745377502496,-0.6997569976806641,0.003836374233064839,-0.011509122699194517,-0.003836374233064839,-0.13427309815726493,-0.10741847852581328,-0.0,0.0,0.7347767973972221,0.7225049510941366,4.56819478632344,3.0418839023772266,4.904143925280602,4.953231310492942,-0.8989127417009857,-0.9065826456404142,4.957833252856599,4.917949752371573,-0.934194299822356,-0.9878836273983529,0.007555869433014117,0.2734397856105293,1.0991697614250282,0.0726276726343243,0.7329556908634955,-0.6700813806298774,0.0921526979078462
-0.31498644,0.41614122,0.95572559,-0.23080879,0.36672512,0.87658621,-0.23488468630888307,0.08658392851420366,-0.2199616895869202,0.0,0.0,0.1492282785034178,1.2745923455810546,0.45324470275878903,-0.7560048251342775,1.0457136386108399,1.5263182303564198,-0.6683103930664065,0.04984696939858015,0.0,0.0,-0.1303689968885956,0.042178204875723546,0.28777056,0.17638158402574855,0.7807962210337914,0.7639224323670488,4.56819478632344,3.0418839023772266,4.888804117401746,4.937891502614086,-0.9710098387316104,-0.978679742671039,5.006920638068939,4.973173060735457,-0.8927768185494438,-0.9510680884890972,0.0040758963088830535,0.28014119148579636,1.0965478995869202,0.06377107639659506,0.739942313109001,-0.6632047844107355,0.09261769280666936
-0.31498644,0.41614122,0.95572559,-0.23080879,0.36672512,0.87658621,-0.22733572858898324,0.08312409022242734,-0.21446787526353617,0.0,0.0,0.16226711456298815,1.2745923455810546,0.45324470275878903,-0.7686601660156251,1.0767767480468748,1.5784735771445315,-0.6284268945312501,0.053691554761440864,0.0,0.0,-0.01917555527194396,0.13806399795798985,0.21582791999999998,0.15723955322993602,0.8237476830945893,0.8084078752157327,4.56819478632344,3.040349921589341,4.963969176008142,5.011522580432597,-0.9786797426710394,-0.9894176081862387,5.085153658251107,5.0452701577660815,-0.8191457407309324,-0.8789709914584725,-0.0034730614110167757,0.2836010297775727,1.0910540852635362,0.051997738849120595,0.727851826598992,-0.6748018279565019,0.11031974736035809
-0.31498644,0.41614122,0.95572559,-0.23080879,0.36672512,0.87658621,-0.22623288750203432,0.08744510619853868,-0.211449486677047,0.0,0.0,0.16571857116699196,1.2745923455810546,0.4574631497192383,-0.7690436611938478,1.095951506958008,1.5646677500535608,-0.6268929138183594,0.007669562652391287,0.0,0.026843469283376168,-0.003834781326196754,0.007669562652393508,-0.31175144,0.003834781326196754,0.8774370106705868,0.8620972027917304,4.56819478632344,3.0418839023772266,5.02072646515991,5.072881811948022,-0.9664078963679539,-0.9725438195194966,5.092823562190535,5.054474042493396,-0.7930680673368764,-0.8498253564886449,-0.004575902497965689,0.27928001380146134,1.088035696677047,0.060067685606180206,0.7142985326098695,-0.6862690644819,0.12330551728305658
-0.31498644,0.41614122,0.95572559,-0.23080879,0.36672512,0.87658621,-0.2278386213068392,0.09022247172446385,-0.211234195700715,0.0,0.0,0.170320513305664,1.2665389468383788,0.46398256774902347,-0.7690436611938478,1.0698738348388672,1.533988134295848,-0.6380142739868169,0.011505556725418092,-0.0038351855751393637,0.0076703711502787274,0.0,-0.06519815477736475,-0.0,-0.08820926822820536,0.8973787609131001,0.883572933822129,4.548253036080926,3.040349921589341,5.037600253826652,5.09128958140265,-0.9725438195194962,-0.9832816850346964,5.013056561220481,4.973173060735457,-0.8298836062461321,-0.8851069146100148,-0.002970168693160802,0.27650264827553617,1.087820405700715,0.07825413976073381,0.7221135999457893,-0.6791605528586563,0.10568434995004926
-0.31498644,0.41614122,0.95572559,-0.23080879,0.36672512,0.87658621,-0.22703973130392865,0.08340286180833156,-0.2111341566723145,0.0,0.0,0.18105837829589833,1.2588690432739256,0.46398256774902347,-0.7686601660156251,1.0464806289672852,1.4895026914471645,-0.6184560198974611,0.0881652922262753,-0.07283219792605311,-0.003833273575055544,0.0,-0.0191663678752755,-0.28777056,0.1954969523278283,0.9096506072161853,0.8958447801252145,4.529845266626298,3.0418839023772266,5.046804138553966,5.100493466129964,-0.9526020692769834,-0.9602719732164111,5.0023186957052825,4.9685711183718,-0.8130098175793901,-0.8728350683069301,-0.003769058696071359,0.28332225819166845,1.0877203666723145,0.07287268354863453,0.7301405257883095,-0.6713465259124937,0.10429873795601274
-0.31498644,0.41614122,0.95572559,-0.23080879,0.36672512,0.87658621,-0.22439062802654777,0.07073602013245106,-0.2113152560632764,0.0,0.0,0.19141274810790998,1.2431457409667968,0.46436606292724614,-0.7690436611938478,1.0779272335815429,1.4879687106592787,-0.5651501901245122,0.038351048796132756,-0.0076702097592269945,0.0,0.0,0.184085034221439,0.14388528,0.272292446452545,0.9219224535192704,0.9081166264282992,4.496097689292814,3.0418839023772266,5.117367254796706,5.174124543948475,-0.9249904150950417,-0.9387962421860125,5.088221619826878,5.048338119341853,-0.6810874698212253,-0.7378447589729937,-0.006418161973452241,0.29598909986754895,1.0879014660632764,0.08241031189910107,0.7451450345032784,-0.6532287038396835,0.1061116323865014
-0.31498644,0.41614122,0.95572559,-0.23080879,0.36672512,0.87658621,-0.22904426655877255,0.08131507131644544,-0.20824326504355695,0.0,0.0,0.19141274810790998,1.24506321685791,0.4831573266601562,-0.7690436611938478,1.0971019924926757,1.5462599805989332,-0.5087763989257814,0.0,-0.007667691052200294,0.09584613815250034,0.0,0.13801843893959864,0.3597132,0.31437533314020316,0.9280583766708129,0.9142525495798415,4.496097689292814,3.040349921589341,5.148046870554419,5.204804159706188,-0.9142525495798419,-0.926524395882927,5.126571139524019,5.091289581402652,-0.5890486225480869,-0.6458059116998554,-0.0017645234412274613,0.2854100486835546,1.084829475043557,0.10190733795779229,0.7255782785894505,-0.6684825359141169,0.1276015489222506
-0.31498644,0.41614122,0.95572559,-0.23080879,0.36672512,0.87658621,-0.2421903210391201,0.09433962370451193,-0.211776765231788,0.0,0.0,0.19141274810790998,1.22051952545166,0.4866087832641601,-0.7686601660156251,1.0852136419677734,1.603017269750702,-0.45585406433105513,0.0,-0.2071037532946683,0.0,0.00383525469064217,-0.122728150100545,0.21582791999999998,0.2339505361291635,0.9387962421860124,0.9249904150950412,4.433204476989504,3.040349921589341,5.111231331645163,5.163386678433276,-0.8851069146100152,-0.8989127417009861,5.106629389281506,5.065211908008596,-0.4985437560628334,-0.5568350260024877,0.011381531039120096,0.2723854962954881,1.088362975231788,0.12051120299617385,0.7035446520396009,-0.6830769561523421,0.15462161722263534
-0.31498644,0.41614122,0.95572559,-0.23080879,0.36672512,0.87658621,-0.24879783125644608,0.10111766800516309,-0.21026005740063558,0.0,0.0,0.19141274810790998,1.1775680654907226,0.48507480255126956,-0.7590727865600587,1.0464806289672852,1.6352308662963002,-0.40753367187500045,0.0,-0.17640222707629105,0.0,0.09587077558494107,-0.34896962312918434,0.09592352,0.23392469242725547,0.9173205111556134,0.9065826456404134,4.33963164892848,3.0372819600135696,5.092823562190535,5.146512889766534,-0.8130098175793896,-0.8252816638824751,5.022260445947795,4.9839109262506565,-0.41877675509278056,-0.47553404424454904,0.01798904125644607,0.26560745199483693,1.0868462674006356,-0.12209575552671342,-0.6810292611029171,0.6955267239402882,-0.19373783391187643
-0.31498644,0.41614122,0.95572559,-0.23080879,0.36672512,0.87658621,-0.2543307998462384,0.10224754761945354,-0.20765159355806084,0.0,0.0,0.19141274810790998,1.141519518737793,0.4846913073730469,-0.726475696411133,1.0100485870361329,1.6429007702357286,-0.36151425048828134,0.0,-0.16106821001310148,-0.00383495738126448,0.17257308215689493,-0.13805846572551683,-0.0,0.20708769858827747,0.906582645640414,0.8958447801252145,4.250660763231112,3.0357479792256843,5.125037158736134,5.180260467100018,-0.727106893457794,-0.7409127205487649,4.945561406553513,4.901075963704832,-0.3390097541227268,-0.3973010240623811,0.023522009846238423,0.2644775723805465,1.0842378035580609,-0.12004910234311943,-0.6634132386681848,0.6992965366182952,-0.23760353882057103
-0.31498644,0.41614122,0.95572559,-0.23080879,0.36672512,0.87658621,-0.2636088129235058,0.10054564479302708,-0.21119855056948944,0.0,0.0,0.19141274810790998,1.1012525250244138,0.4846913073730469,-0.690810644836426,0.9632621752929686,1.5999493081749305,-0.34310648193359405,0.0,-0.1954884523014625,0.0,0.1533242763148711,-0.15332427631487333,-0.31175144,-0.007666213815743889,0.8559612796401879,0.8452234141249884,4.163223858321631,3.0357479792256843,5.125037158736134,5.180260467100018,-0.6442719309119691,-0.65807775800294,4.855056540068261,4.812105078007464,-0.34207771569849843,-0.3957670432744953,0.03280002292350581,0.26617947520697294,1.0877847605694895,-0.12733982586316828,-0.6487853212990291,0.6952855711055235,-0.2818512909825314
-0.31498644,0.41614122,0.95572559,-0.23080879,0.36672512,0.87658621,-0.2694784107223236,0.09534475701537276,-0.2130130978841701,0.0,0.0,0.1910292529296873,1.0675049493408202,0.4808563555908203,-0.6528446221923829,0.9072718792724609,1.55086192296259,-0.35154337585449236,-0.003834910173451321,-0.16873604763185146,-0.026844371214158138,0.20325023919291335,-0.31446263422299725,-0.19184704,0.023009461040707925,0.7930680673368765,0.7792622402459051,4.07885491498792,3.0357479792256843,5.135775024251334,5.190998332615217,-0.5583690067903735,-0.5737088146692297,4.758415750431465,4.721600211522212,-0.3298058693954129,-0.3865631585471814,0.038669620722323605,0.27138036298462725,1.0895993078841701,-0.135292592944682,-0.649029282143794,0.6834056087148047,-0.3056365148200773
-0.31498644,0.41614122,0.95572559,-0.23080879,0.36672512,0.87658621,-0.269471469783086,0.08458074149578254,-0.21345962765245619,0.0,0.0,0.19064575775146464,1.036441839904785,0.47893887969970705,-0.6302184066772463,0.8654709048461914,1.4879687106592787,-0.3289171603393557,-0.003835455646034923,-0.11506366938104325,0.0,0.03451910081431209,-0.17259550407156599,-0.3597132,0.02684818952224446,0.7301748550335653,0.7163690279425943,4.000621894805752,3.0357479792256843,5.190998332615216,5.249289602554871,-0.5200194870932324,-0.5338253141842033,4.67558078788564,4.634163306612729,-0.294524311274043,-0.35281558121369727,0.03866267978308602,0.2821443785042175,1.0900458376524562,-0.13033846830657472,-0.6574355628706601,0.6695612793130018,-0.3201219417615276
-0.31498644,0.41614122,0.95572559,-0.23080879,0.36672512,0.87658621,-0.2698761252435886,0.07764962015151744,-0.21245504311936847,0.0,0.0,0.16610206634521463,1.010747662963867,0.47126897613525387,-0.625999959716797,0.8240534255981444,1.4020657865376829,-0.3289171603393557,-0.1227126453603658,-0.14572126636543523,-0.03451293150760302,0.00766954033502203,-0.08436494368525232,-0.43165583999999996,0.0,0.6381360077604268,0.6258641614573417,3.9331267401387837,3.0342139984377985,5.238551737039671,5.296843006979326,-0.5476311412751738,-0.5583690067903735,4.6218914603096435,4.583541940612504,-0.294524311274043,-0.35281558121369727,0.03906733524358863,0.2890754998484826,1.0890412531193685,0.14040609063246998,0.6677796922801127,-0.6521759735757938,0.33018617745455403
-0.31498644,0.41614122,0.95572559,-0.23080879,0.36672512,0.87658621,-0.269330198438823,0.08148002544386601,-0.20587150109255858,0.0,0.0,0.12238361602783199,0.9816020294189451,0.47126897613525387,-0.625999959716797,0.8064126473999023,1.3176968432039726,-0.32815016998291036,-0.22251680198462703,-0.10742190440637152,0.0,0.0,-0.1457868702657915,-0.38369408,0.007672993171883998,0.547631141275174,0.5338253141842033,3.8640976046839306,3.0342139984377985,5.273833295161041,5.333658545888581,-0.6043884304269427,-0.6151262959421424,4.562066209582103,4.520648728309192,-0.2899223689103865,-0.34821363885004075,0.03852140843882301,0.285245094556134,1.0824577110925586,0.15233483663235223,0.6898588767490387,-0.6369412822571148,0.3085362712476633
-0.31498644,0.41614122,0.95572559,-0.23080879,0.36672512,0.87658621,-0.279767629143151,0.10619941437386393,-0.1998900863485319,0.0,0.0,0.08595157409667964,0.9474709585571288,0.47165247131347654,-0.625999959716797,0.7791844897460938,1.3207648047797438,-0.2848152148437504,-0.09587518858090512,-0.19175037716181245,0.003835007543236382,0.0,-0.0383500754323616,0.33573232,0.2952955808291881,0.5154175447295755,0.5016117176386041,3.7843306037138777,3.0342139984377985,5.2799692183125835,5.338260488252239,-0.6427379501240837,-0.653475815639283,4.480765227824164,4.439347746551254,-0.21629129109187595,-0.27611654181941514,0.04895883914315102,0.2605257056261361,1.076476296348532,0.1808626940699721,0.7013581129731135,-0.6320995001436243,0.27538283384903534
-0.31498644,0.41614122,0.95572559,-0.23080879,0.36672512,0.87658621,-0.28955072502194623,0.12858023196393853,-0.19495900052284731,0.0,0.0,0.0851845837402343,0.9183253250122069,0.4708854809570312,-0.6256164645385743,0.7511893417358398,1.3483764589616853,-0.22805792846679696,0.007674880878200537,-0.08826113009930395,-0.011512321317300806,0.0038374404391002684,-0.18803458151590538,-0.0,0.31467011600621314,0.5553010452146021,0.5430291989115164,3.703029621955938,3.0342139984377985,5.278435237524699,5.333658545888581,-0.710233104791052,-0.722504951094137,4.445483669702794,4.407134150005655,-0.11965050145508016,-0.18407769454627676,0.058741935021946245,0.2381448880360615,1.0715452105228473,0.1959317931312022,0.6893151916315876,-0.6361728589398903,0.28590101884139163
-0.31498644,0.41614122,0.95572559,-0.23080879,0.36672512,0.87658621,-0.29037446716529314,0.13003126723657576,-0.19155442985005522,0.0,0.0,0.09783992462158198,0.8956991094970702,0.46168159667968744,-0.6248494741821291,0.7281796310424804,1.405133748113454,-0.18548996368408233,0.06520264360099115,-0.13807618644915687,-0.07670899247175468,0.0,-0.09588624058969279,0.43165583999999996,0.14958253531992152,0.5675728915176873,0.5553010452146019,3.626330582561655,3.0342139984377985,5.226279890736587,5.284571160676241,-0.6994952392758522,-0.7117670855789378,4.410202111581425,4.370318611096399,-0.05368932757599776,-0.11811652066719436,0.05956567716529315,0.23669385276342425,1.0681406398500553,0.1957570616936482,0.6758208962063569,-0.6350181915884767,0.318899961429296
-0.31498644,0.41614122,0.95572559,-0.23080879,0.36672512,0.87658621,-0.2836608117265088,0.1217824322301908,-0.18684427399850911,0.0,0.0,0.09783992462158198,0.8538981350708007,0.42448256439208976,-0.6217815127563477,0.7032524444580078,1.4925706530229357,-0.14944141693115265,0.0,-0.2070907448975792,-0.1994207173087808,0.03068011035519807,-0.0997103586543904,0.40767496,0.19175068971997905,0.5967185264875144,0.5844466801844295,3.5358257160764026,3.0296120560741415,5.148046870554419,5.201736198130416,-0.610524353578485,-0.6243301806694559,4.353444822429656,4.312027341156746,0.007669903939428124,-0.056757289151768475,0.052852021726508824,0.2449426877698092,1.0634304839985091,0.17588977360801406,0.6603699449847964,-0.6352821057172522,0.3597095626423525
-0.31498644,0.41614122,0.95572559,-0.23080879,0.36672512,0.87658621,-0.2671407752052618,0.11985956902937692,-0.17146715365288523,0.0,0.0,0.10819429443359363,0.8197670642089843,0.40223984405517577,-0.6056747152709963,0.6610679748535156,1.5600658076899039,-0.13026665802002002,0.08437118516993447,-0.1610722625971463,-0.030680430970884957,0.034515484842244606,-0.20325785518211242,0.26378967999999997,0.0038350538713607584,0.6320000846088842,0.6166602767300278,3.452990753530578,2.837864457588436,5.1066293892815064,5.16185269764539,-0.584446680184429,-0.5967185264875146,4.2844156869748025,4.244532186489778,0.024543692606170175,-0.035281558121369905,0.03633198520526182,0.2468655509706231,1.0480533636528853,-0.13177117770029245,-0.634912678422794,0.6428220398240405,-0.40780151130412884
-0.31498644,0.41614122,0.95572559,-0.23080879,0.36672512,0.87658621,-0.25130911950618684,0.10868056425551964,-0.16108500210513543,0.0,0.0,0.11509720764160147,0.7898544403076171,0.39035149353027343,-0.6029902490234376,0.631538846130371,1.624493000781101,-0.13678607604980497,0.01150393296133527,-0.099700752331569,-0.10353539665201299,0.01150393296133527,-0.09203146369067994,0.3597132,-0.06518895344756208,0.6565437772150544,0.6396699885483121,3.400835406742466,2.477378972435311,5.05600802328128,5.111231331645164,-0.5982525072753999,-0.6105243535784854,4.2153865515199485,4.170901108671266,-0.01687378866674205,-0.0644271930911966,0.020500329506186854,0.2580445557444804,1.0376712121051355,-0.08674518964855957,-0.6175810079426192,0.6378095028445319,-0.451960184952862
-0.31498644,0.41614122,0.95572559,-0.23080879,0.36672512,0.87658621,-0.2398454129411264,0.10657463068983197,-0.15085639901541714,0.0,0.0,0.11509720764160147,0.7653107489013671,0.36542430694580075,-0.5807475286865236,0.6077621450805664,1.6137551352659014,-0.17820355529785203,0.0,-0.13040958605993058,-0.11123170575699896,0.15725861848403375,-0.11890285787817162,-0.45563672,-0.24547686787751588,0.641203969336198,0.6273981422452266,3.3563499638937824,2.253417777404007,4.999250734129511,5.0544740424933945,-0.5445631796994026,-0.5568350260024877,4.169367127883379,4.1279496466104675,-0.08283496254582445,-0.1349903093339364,0.009036622941126393,0.26015048931016804,1.0274426090154172,-0.044983195137977064,-0.5998356409602347,0.6407972966663502,-0.47702467501597934
-0.31498644,0.41614122,0.95572559,-0.23080879,0.36672512,0.87658621,-0.22404611690107326,0.1049960474759773,-0.1394743275479734,0.0,0.0,0.11509720764160147,0.7449855044555663,0.34663304321289057,-0.5381795639038087,0.5951068041992187,1.5263182303564198,-0.2054317129516603,0.0,-0.1073859489252917,-0.10355073646367509,0.2569592349283772,-0.030681699692941752,-0.38369408,-0.07670424923234995,0.5445631796994027,0.5322913333963175,3.299592674742014,2.233476027161494,4.956299272068714,5.0099885996447115,-0.46172821715357815,-0.47553404424454904,4.1801049933985786,4.140221492913554,-0.12732040539450828,-0.17794177139473444,-0.0067626730989267525,0.2617290725240227,1.0160605375479734,-0.011827152846755468,-0.5998809603245204,0.6449294931194123,-0.4733591668072021
-0.31498644,0.41614122,0.95572559,-0.23080879,0.36672512,0.87658621,-0.213005950014061,0.10580019849522138,-0.13143526899838942,0.0,0.0,0.06984477661132793,0.7338641442871093,0.3182544000244141,-0.502131017150879,0.5801504922485352,1.435813363871167,-0.1831889926147463,-0.22243556249758079,-0.003835095905129708,-0.08820720581800548,0.09971249353339794,-0.1150528771539201,-0.45563672,0.25695142564375595,0.4003689856381523,0.389631120122953,3.278116943711616,2.2304080655857224,4.85198857849249,4.904143925280602,-0.39423306248660994,-0.40650490878969503,4.143289454489323,4.1018719732164115,-0.09664078963679579,-0.1610679827279924,-0.017802839985939012,0.26092492150477864,1.0080214789983895,-0.013222322169738494,-0.6194025868344948,0.64329363277425,-0.44982097288953116
-0.31498644,0.41614122,0.95572559,-0.23080879,0.36672512,0.87658621,-0.2123384440572307,0.11324533822778482,-0.12927073754108676,0.0,0.0,0.039548657531738085,0.731946668395996,0.30521556396484373,-0.47605334503173846,0.5709466079711913,1.3437745165980286,-0.1314171435546876,-0.11888593765530779,-0.007670060493891111,-0.049855393210290005,0.14189611913698,-0.03835030246945444,-0.45563672,0.24544193580450668,0.31600004230444206,0.3021942152134711,3.279650924499501,2.2304080655857224,4.77068759673455,4.822842943522663,-0.3390097541227268,-0.3512816004258119,4.108007896367953,4.063522453519271,-0.012271846303085532,-0.07669903939428213,-0.018470345942769306,0.2534797817722152,1.0058569475410868,0.04414457115715831,0.6474122299941335,-0.6304671546354321,0.4259340655750325
-0.31498644,0.41614122,0.95572559,-0.23080879,0.36672512,0.87658621,-0.215796470992794,0.11789712196699426,-0.13113340280139474,0.0,0.0,0.0295777828979491,0.7327136587524413,0.2967786700439453,-0.46608247039794937,0.5559902960205078,1.2701434387795176,-0.09651908233642592,-0.0038348878546461663,-0.0038348878546461663,-0.05752331781969027,0.03834887854646055,-0.04985354211039905,-0.28777056,0.1879095048776577,0.2837864457588436,0.268446637879987,3.2842528668631576,2.2304080655857224,4.695522538128154,4.746143904128381,-0.3282718886075271,-0.3405437349106126,4.058920511155613,4.017503029882702,0.052155346788111956,-0.01073786551519973,-0.01501231900720601,0.24882799803300576,1.0077196128013948,0.08475739795241054,0.6672310668663923,-0.6130342973035995,0.41449708953158465
-0.31498644,0.41614122,0.95572559,-0.23080879,0.36672512,0.87658621,-0.21314810713152313,0.11457149385557369,-0.13160907695558344,0.0,0.0,0.02996127807617177,0.7231262792968749,0.27645342559814445,-0.4288834381103517,0.5061359228515625,1.2870172274462597,-0.05471810791015663,0.0038360387621703515,-0.09206493029208511,-0.1304253179137875,0.2570145970654047,-0.295374984687106,0.43165583999999996,0.16494966677331624,0.32673790781964157,0.31293208072867085,3.253573251105445,2.2304080655857224,4.6218914603096435,4.6725128263098705,-0.2715145994557586,-0.2837864457588437,3.96841564467036,3.9254641826095633,0.11811652066719436,0.05522330836388267,-0.017660682868476885,0.2521536261444263,1.0081952869555835,0.10306240831973862,0.680218641402626,-0.5982655151084548,0.4108030103488975
-0.31498644,0.41614122,0.95572559,-0.23080879,0.36672512,0.87658621,-0.19605087911599342,0.0985865784350825,-0.12849631012696905,0.0,0.0,0.039932152709960755,0.6886117132568358,0.24385633544921873,-0.4123931454467775,0.4896456301879883,1.3805900555072839,-0.05356762237548862,0.046034421242535886,-0.13810326372760987,-0.16879287788930056,0.0038362017702115087,-0.023017210621267943,0.45563672,0.0,0.4049709280018093,0.3942330624866095,3.175340230923277,2.228874084797837,4.543658440127476,4.594279806127703,-0.2485048876374738,-0.2623107147284447,3.911658355518591,3.868706893457795,0.13959225169759293,0.08130098175793865,-0.03475791088400659,0.2681385415649175,1.005082520126969,0.06316530990879182,0.66661044234806,-0.5789942284371015,0.4651949539850747
-0.31498644,0.41614122,0.95572559,-0.23080879,0.36672512,0.87658621,-0.17365630830348425,0.0981747290705049,-0.1138126667247723,0.0,0.0,0.05450496948242178,0.6659854977416991,0.22890002349853514,-0.4054902322387697,0.4651019387817383,1.474162883568308,-0.08884917877197296,0.12268645304310924,-0.14569016298869195,-0.019169758287985957,0.06517717817915192,-0.1341883080159006,0.43165583999999996,-0.2913803259773861,0.45405831321414974,0.44178646691106405,3.107845076256309,2.228874084797837,4.482299208612051,4.5344545554001625,-0.24543692606170264,-0.25770877236478773,3.8671729126699077,3.825755431396997,0.05522330836388267,-0.0015339807878858025,-0.05715248169651577,0.2685503909294951,0.9903988767247723,0.005042701853809472,0.6395338000986253,-0.5799981327913345,0.5045525301175194
-0.31498644,0.41614122,0.95572559,-0.23080879,0.36672512,0.87658621,-0.15495559458325706,0.09634394635073112,-0.10259592884671975,0.0,0.0,0.06754380554199213,0.6356893786621093,0.22429808135986326,-0.3820970263671877,0.4344223245239258,1.5477939613868188,-0.13333461944580094,0.007669805467641475,-0.12271688748225916,-0.038349027338205714,0.14189140115136176,-0.18791023395720893,0.33573232,-0.21475455309395242,0.48933987133551954,0.47706802503243395,3.028078075286256,2.228874084797837,4.425541919460281,4.480765227824165,-0.20555342557667577,-0.2162912910918755,3.7950758156392825,3.753658334366372,0.018407769454627854,-0.035281558121369905,-0.07585319541674296,0.2703811736492689,0.9791821388467198,-0.054265333238256115,0.6159459847896108,-0.5830248263919147,0.5270179022014104
-0.31498644,0.41614122,0.95572559,-0.23080879,0.36672512,0.87658621,-0.1415394917690698,0.09879904843633774,-0.09261315794625469,0.0,0.0,0.06984477661132793,0.620349571533203,0.21049225494384763,-0.36905819030761733,0.4290533920288086,1.55086192296259,-0.19009190582275437,0.023011149120289506,-0.0383519152004851,-0.08053902192101826,0.0038351915200486213,0.07286863888092103,-0.26378967999999997,-0.264628214883346,0.5445631796994027,0.5307573526084317,2.994330497952772,2.201262430615895,4.391794342126797,4.44394968891491,-0.21015536794033274,-0.22242721424341827,3.8042797003665965,3.7659301806694567,-0.10277671278833811,-0.15800002115222078,-0.08926929823093022,0.26792607156366227,0.9691993679462547,-0.10750477589732924,0.5907822949928688,-0.5873818700218614,0.542587819483487
-0.31498644,0.41614122,0.95572559,-0.23080879,0.36672512,0.87658621,-0.13036563763090295,0.10448611256336576,-0.08457277521437756,0.0,0.0,0.0963059439086913,0.620349571533203,0.20819128387451172,-0.36905819030761733,0.4624174725341797,1.5324541535079623,-0.23227637542724633,0.10354426140089856,0.0,-0.0076699452889552235,-0.0038349726444778893,0.17640874164597678,0.04796176,-0.2185934407352308,0.5890486225480862,0.5752427954571155,2.994330497952772,2.1061556217669857,4.365716668732741,4.41940599630874,-0.29912625363769996,-0.31139809994078504,3.9024544707912776,3.8625709703062525,-0.17333982903107792,-0.2285631373949606,-0.10044315236909707,0.26223900743663425,0.9611589852143776,-0.12738879306325693,0.5955788282898218,-0.6010658071450014,0.5174725598289615
-0.31498644,0.41614122,0.95572559,-0.23080879,0.36672512,0.87658621,-0.12989220946319616,0.10253731355350171,-0.08476824633408786,0.0,0.0,0.10589332336425761,0.6207330667114257,0.19822040924072262,-0.36905819030761733,0.49271359161376954,1.5493279421747044,-0.2836647293090824,0.0076700739167950985,0.0,-0.07286570220955066,-0.0038350369583975493,0.14573140441910187,0.07194264,-0.264617550129422,0.628932123033113,0.615126295942142,2.994330497952772,2.0800779483729297,4.336571033762914,4.390260361338912,-0.3742913122440963,-0.385029177759296,3.989891375700759,3.9500078752157335,-0.2577087723647882,-0.31293208072867085,-0.10091658053680386,0.2641878064464983,0.9613544563340879,-0.13878098124415875,0.5818911515833207,-0.6143927237480501,0.5144551564124882
-0.31498644,0.41614122,0.95572559,-0.23080879,0.36672512,0.87658621,-0.12852459663120044,0.10662535169348197,-0.08349901604495935,0.0,0.0,0.11202924621582011,0.6119126776123046,0.19170099121093748,-0.3771115890502931,0.5253106817626954,1.576939596356646,-0.33313560729980507,0.05369494949713145,-0.07670707071018763,-0.003835353535509548,-0.0498595959616219,0.11889595960079155,0.16786616,-0.24162727273709264,0.6504078540635119,0.6366020269725405,2.969786805346601,2.0800779483729297,4.351910841641771,4.410202111581426,-0.4310486013958652,-0.4433204476989503,4.080396242186012,4.037444780125215,-0.34207771569849843,-0.3988350048502669,-0.10228419336879957,0.26009976830651804,0.9600852260449594,-0.15443293283554368,0.56633940631578,-0.6318905216054769,0.5060874576739284
-0.31498644,0.41614122,0.95572559,-0.23080879,0.36672512,0.87658621,-0.13075544101513872,0.11786481851431235,-0.08097060269745349,0.0,0.0,0.11356322692871079,0.595805880126953,0.19170099121093748,-0.3955193576049806,0.5609757333374024,1.598415327387045,-0.38260648529052776,-0.0038351532044730023,-0.04985699165814792,0.0,-0.10738428972523963,0.19175766022364346,0.09592352,-0.23394434547284426,0.6381360077604268,0.6243301806694559,2.926835343285804,2.0800779483729297,4.430143861823939,4.483833189399936,-0.47400006345666323,-0.4847379289718625,4.167833147095493,4.129483627398354,-0.4264466590322087,-0.48473792897186296,-0.10005334898486129,0.24886030148568766,0.9575568126974535,0.16944899990433307,-0.5448726140192143,0.6545561940124681,-0.4959405809199342
-0.31498644,0.41614122,0.95572559,-0.23080879,0.36672512,0.87658621,-0.1377241703110136,0.13658736381455505,-0.07817249505576429,0.0,0.0,0.11394672210693346,0.5938884042358398,0.19706992370605467,-0.4012717852783204,0.6023932125854492,1.6045512505385875,-0.42939289703369177,0.003835225809110764,0.0,0.04218748390021674,-0.003835225809110764,0.21860787111930577,-0.0,-0.21860787111930466,0.6273981422452273,0.615126295942142,2.9206994201342606,2.0800779483729297,4.5007069780666775,4.555930286430562,-0.44792239006260726,-0.46172821715357815,4.262939955944403,4.224590436247263,-0.5062136600022615,-0.5645049299419158,-0.0930846196889864,0.23013775618544496,0.9547587050557643,0.17811789494922878,-0.5236984021916116,0.6831425748754758,-0.4767915911940075
-0.31498644,0.41614122,0.95572559,-0.23080879,0.36672512,0.87658621,-0.1488860782386752,0.14914517459480886,-0.08149877213328238,0.0,0.0,0.11356322692871079,0.5965728704833984,0.20358934173583984,-0.4012717852783204,0.6108301065063476,1.6045512505385875,-0.4412812475585941,-0.003834974255175839,-0.003834974255175839,0.01917487127587864,0.0,0.02684481978622976,-0.0,0.03067979404140671,0.6089903727905995,0.5967185264875141,2.9237673817100323,2.0800779483729297,4.514512805157649,4.569736113521532,-0.3696893698804393,-0.38196121618352485,4.299755494853659,4.258338013580747,-0.4893398713355195,-0.5506991028509454,-0.08192271176132482,0.21757994540519116,0.9580849821332824,0.17511664563175047,-0.507988339465518,0.7077610010655813,-0.45864623923062514
-0.31498644,0.41614122,0.95572559,-0.23080879,0.36672512,0.87658621,-0.15388460219444036,0.1510123073786295,-0.08398697916236597,0.0,0.0,0.11356322692871079,0.596956365661621,0.20320584655761717,-0.38363100708007825,0.5962572897338867,1.5754056155687604,-0.39142687438964874,0.0,0.007669925040243519,0.0,0.15339850080486483,-0.1457285757646213,-0.19184704,0.23776767624754022,0.6519418348513976,0.6366020269725405,2.9299033048615755,2.0800779483729297,4.443949688914909,4.502240958854564,-0.29299033048615764,-0.3067961575771285,4.253736071217089,4.210784609156294,-0.3973010240623811,-0.4571262747899212,-0.07692418780555965,0.21571281262137051,0.960573189162366,0.17162301838827398,-0.5053898466946192,0.7133137222095617,-0.45421380001583816
-0.31498644,0.41614122,0.95572559,-0.23080879,0.36672512,0.87658621,-0.1530816699487866,0.14174889038889538,-0.08493585334124243,0.0,0.0,0.12736905334472648,0.5988738415527343,0.19783691406249998,-0.3521844024658205,0.5820679681396485,1.5017745377502496,-0.3477084240722661,0.11888403071643912,-0.003834968732788502,-0.03834968732788363,0.1533987493115334,0.0,-0.4796176,0.1802435304410507,0.7317088358214509,0.7163690279425943,2.934505247225232,2.0800779483729297,4.367250649520627,4.4224739578845105,-0.21935925266764666,-0.23163109897073175,4.226124417035147,4.184706935762238,-0.3282718886075271,-0.389631120122953,-0.0777271200512134,0.22497622961110464,0.9615220633412425,0.15807609090663777,-0.518995840069983,0.6949595002517319,-0.4718967688844583
-0.31498644,0.41614122,0.95572559,-0.23080879,0.36672512,0.87658621,-0.14586103570009248,0.12389615093947187,-0.08622241110633933,0.0,0.0,0.15689818206787098,0.5961893753051757,0.17981264068603514,-0.31230090393066423,0.5832184536743164,1.4388813254469381,-0.3342860928344731,0.16490534744624208,-0.023010048480870807,-0.10738022624406507,0.23777050096900093,0.007670016160289529,-0.2398088,0.015340032320581279,0.8268156446703606,0.8099418560036185,2.925301362497917,2.0800779483729297,4.2752118022474885,4.330435110611372,-0.13192234775816525,-0.14572817484913614,4.238396263338233,4.195444801277436,-0.3067961575771285,-0.3696893698804393,-0.08494775429990753,0.24282896906052814,0.9628086211063394,0.14176159082058734,-0.5437299295774607,0.6704078233373189,-0.4845768932355571
-0.31498644,0.41614122,0.95572559,-0.23080879,0.36672512,0.87658621,-0.13091015597576897,0.1050308669912155,-0.08596948985427644,0.0,0.0,0.17952439758300764,0.5678107321166991,0.15105050231933592,-0.2647475018310549,0.5678786465454102,1.4158716136286535,-0.3312181314086917,0.05368837037194641,-0.14956046032185247,-0.16489999471383612,0.21091859788979042,-0.14572557672385503,-0.02398088,0.007669767195992661,0.8759030298827012,0.8590292412159588,2.8424663999520927,2.0800779483729297,4.181638974186464,4.236862282550348,-0.03681553890925526,-0.05062136600022615,4.209250628368405,4.164765185519723,-0.3037281960013569,-0.363553446728897,-0.09989863402423105,0.2616942530087845,0.9625556998542765,0.1424358283064605,-0.5557301943294133,0.6512447680867179,-0.4967456471524659
-0.31498644,0.41614122,0.95572559,-0.23080879,0.36672512,0.87658621,-0.10895358860358897,0.09863098752135885,-0.07753596889007397,0.0,0.0,0.17914090240478497,0.5382816033935546,0.11845341217041014,-0.2237135177612306,0.5502378683471679,1.3698521899920844,-0.3312181314086917,0.0,-0.14956495616449758,-0.14956495616449758,0.17257494942057386,-0.011504996628038703,-0.31175144,0.0,0.8651651643675017,0.8482913757007591,2.7749712452851245,2.078543967585044,4.091134107701212,4.149425377640867,0.05675728915176892,0.04295146206079803,4.173969070247036,4.129483627398354,-0.31293208072867085,-0.3681553890925535,-0.12185520139641104,0.26809413247864117,0.954122178890074,-0.1701726464205471,0.5476518614456741,-0.6370340921456672,0.5150789012466548
-0.31498644,0.41614122,0.95572559,-0.23080879,0.36672512,0.87658621,-0.08870658416333813,0.10306724558642405,-0.06694561355786732,0.0,0.0,0.17914090240478497,0.5275437384033203,0.10963302307128905,-0.18114555297851576,0.5563737911987304,1.2885512082341455,-0.3316016265869144,0.0,0.0,-0.019174968110034763,0.2339346109424254,0.0651948915741177,-0.43165583999999996,-0.0038349936220071195,0.8697671067311585,0.8559612796401872,2.7396896871637555,2.078543967585044,4.012901087519044,4.069658376670813,0.13959225169759337,0.12732040539450828,4.2153865515199485,4.1693671278833815,-0.3221359654559848,-0.38349519697141066,-0.1421022058366619,0.26365787441357597,0.9435318235578674,-0.19038769451636625,0.551155837715851,-0.6291953500185252,0.5138997760687849
-0.31498644,0.41614122,0.95572559,-0.23080879,0.36672512,0.87658621,-0.08605208170045589,0.10105862141987515,-0.06685971504953059,0.0,0.0,0.17914090240478497,0.5221748059082031,0.10579807128906249,-0.1508494338989259,0.5951068041992187,1.2870172274462597,-0.3538443469238284,0.0,-0.042187569969008534,-0.011505700900638741,0.13039794354057427,0.1955969153108603,0.26378967999999997,-0.20326738257795204,0.8728350683069299,0.8544272988523023,2.7136120137696995,2.078543967585044,3.9423379712763045,4.003697202791731,0.20401944478879042,0.19021361769781953,4.312027341156743,4.2660079175201755,-0.37889325460775325,-0.43871850533529333,-0.14475670829954412,0.26566649858012487,0.9434459250495306,-0.18022271684733632,0.5658796102611902,-0.6250773656563806,0.5065356117459933
-0.31498644,0.41614122,0.95572559,-0.23080879,0.36672512,0.87658621,-0.09590498181673138,0.10337386207379351,-0.07173881659633119,0.0,0.0,0.1787574072265623,0.5152718927001952,0.09851166290283203,-0.1424125399780275,0.6273203991699219,1.37138617077997,-0.4044657104492191,-0.0038359444095615656,-0.046031332914736565,-0.0345234996860527,0.0038359444095615656,0.14192994315377347,0.45563672,-0.20714099811631564,0.7777282594580202,0.7639224323670488,2.6967382251029566,2.078543967585044,3.914726317094363,3.974551567821903,0.18714565612204836,0.17487380981896283,4.407134150005653,4.361114726369086,-0.4601942363656928,-0.520019487093232,-0.13490380818326864,0.2633512579262065,0.9483250265963312,-0.1755115222716836,0.5497027915759795,-0.6346641612024931,0.514027186993633
-0.31498644,0.41614122,0.95572559,-0.23080879,0.36672512,0.87658621,-0.10259397279212304,0.11268595649679225,-0.07372727527816858,0.0,0.0,0.1776069216918943,0.5141214071655272,0.09007476898193359,-0.14317953033447284,0.6556990423583984,1.4664929796288797,-0.4497181414794924,-0.011505254463957464,0.03068067857055213,-0.042185933034509036,-0.00767016964263831,0.14573322321012233,0.4796176,-0.22243491963650208,0.6964272777000812,0.6810874698212244,2.6982722058908433,2.078543967585044,3.9285321441853336,3.9898913757007604,0.10431069357622347,0.09050486648525258,4.499172997278792,4.4546875544301106,-0.544563179699403,-0.6043884304269422,-0.12821481720787697,0.25403916350320777,0.9503134852781686,-0.19778928853252195,0.5055149354570254,-0.6548019051358949,0.5258978155517292
-0.31498644,0.41614122,0.95572559,-0.23080879,0.36672512,0.87658621,-0.10774371702316157,0.12080456253843522,-0.07636444053820479,0.0,0.0,0.14769429779052712,0.5401990792846679,0.08662331237792967,-0.1696406976318361,0.6905971035766602,1.5615997884777895,-0.5076259133911134,-0.09586088688724599,0.09969532236273482,0.0,-0.1687151609215502,0.2530727413823264,0.4796176,-0.27607935423526153,0.6120583343663709,0.5982525072753999,2.76269939898204,2.078543967585044,4.002163222003844,4.061988472731385,0.012271846303085088,-0.0015339807878858025,4.5958137869155875,4.54979436327902,-0.6350680461846556,-0.6948932969121957,-0.12306507297683844,0.2459205574615648,0.9529506505382048,-0.2189821806305645,0.4607113970274441,-0.6727438549380322,0.5359174552656584
-0.31498644,0.41614122,0.95572559,-0.23080879,0.36672512,0.87658621,-0.12086364417010678,0.1341305220093245,-0.08363299842241101,0.0,0.0,0.10896128479003897,0.5605243237304687,0.08969127380371092,-0.20453875885009776,0.7370000201416016,1.6429007702357286,-0.5578637817382814,-0.1610566638440131,0.09970174428438985,0.019173412362382472,-0.14955261642658424,0.2492543607109741,0.38369408,-0.25308904318345077,0.5276893910326605,0.5123495831538039,2.8271265920732365,2.0800779483729297,4.060454491943499,4.121813723458925,-0.04295146206079803,-0.05522330836388312,4.692454576552382,4.6479691337037,-0.7225049510941375,-0.7823302018216767,-0.10994514582989323,0.23259459799067553,0.960219208422411,-0.22420897639866247,0.43058562464071387,-0.7021269934176789,0.5209069397399897
-0.31498644,0.41614122,0.95572559,-0.23080879,0.36672512,0.87658621,-0.14857100744452148,0.1651104862417468,-0.09721508116127142,0.0,0.0,0.08633506927490231,0.6034757836914062,0.10119612915039061,-0.2547766271972658,0.7960582775878906,1.6766483475692127,-0.6353298077392582,0.0,0.13425682019511448,0.03452318233588633,-0.17261591167943194,0.1764518208278639,-0.0,-0.2224827306090453,0.48780589054763385,0.4693981210930058,2.936039228013117,2.0800779483729297,4.091134107701212,4.1540273200045235,-0.15339807878856426,-0.16720390587953515,4.835114789825747,4.792163327764952,-0.8130098175793901,-0.8728350683069301,-0.08223778255547853,0.20161463375825323,0.9738012911612715,0.21442500678041018,-0.39577560423329705,0.752854760047126,-0.4802013096976872
-0.31498644,0.41614122,0.95572559,-0.23080879,0.36672512,0.87658621,-0.15758452627838873,0.17341509753202905,-0.10440126445937103,0.0,0.0,0.08633506927490231,0.6368398641967773,0.10157962432861325,-0.29197565948486337,0.8286553677368164,1.6613085396903562,-0.6805822387695315,0.0,0.15346674765863982,0.0,-0.15730341635010484,0.1266100668183769,-0.26378967999999997,-0.1995067719562301,0.4939418136991764,0.48166996739609136,3.029612056074141,2.081611929160815,4.104939934792182,4.167833147095494,-0.2162912910918755,-0.2285631373949606,4.914881790795801,4.871930328735004,-0.9035146840646426,-0.9618059540042969,-0.07322426372161128,0.19331002246797097,0.9809874744593711,0.2001512479450839,-0.40078239478088784,0.7769269114556505,-0.4423771289699617
-0.31498644,0.41614122,0.95572559,-0.23080879,0.36672512,0.87658621,-0.1559333838940781,0.1732448449095337,-0.10747351281313944,0.0,0.0,0.08671856445312476,0.6517961761474609,0.10311360504150388,-0.2927426498413087,0.8286553677368164,1.5692696924172178,-0.6660094219970705,0.0,0.02301061247926328,0.00767020415975415,0.0,-0.01917551039938496,-0.5275793599999999,0.14189877695545247,0.4924078329112908,0.47860200582031975,3.064893614195512,2.081611929160815,4.120279742671039,4.184706935762236,-0.14266021327336453,-0.15646604036433542,4.908745867644258,4.861192463219805,-0.9050486648525284,-0.9679418771558392,-0.07487540610592192,0.1934802750904663,0.9840597228131395,0.18274896710680893,-0.43445315834207465,0.7880424880535414,-0.3960332123072189
-0.31498644,0.41614122,0.95572559,-0.23080879,0.36672512,0.87658621,-0.15326230857615566,0.16284164588790478,-0.10721956081180162,0.0,0.0,0.08633506927490231,0.6487282147216796,0.10311360504150388,-0.2927426498413087,0.8436116796875,1.4726289027804222,-0.6203734957885745,0.0,0.0,0.0,0.0,0.13045173143780134,-0.43165583999999996,0.25322983161455526,0.4816699673960913,0.4647961787293493,3.0602916718318536,2.081611929160815,4.1371535313377805,4.201580724428978,-0.08590292412159606,-0.10431069357622347,4.956299272068713,4.911813829220032,-0.822213702306704,-0.8866408953979006,-0.07754648142384435,0.20388347411209523,0.9838057708118016,0.15718008816071405,-0.4829663444774231,0.7739561390563984,-0.3781928407635688
-0.31498644,0.41614122,0.95572559,-0.23080879,0.36672512,0.87658621,-0.15677477006083887,0.16089861267715544,-0.10714799723062951,0.0,0.0,0.08671856445312476,0.647194234008789,0.10503108093261718,-0.285839736633301,0.8796602264404296,1.3821240362951694,-0.5923783477783204,0.0038351987690252083,0.007670397538054857,0.0,0.06903357784249038,0.18408954091330992,-0.4796176,0.14573755322303786,0.5537670644267165,0.5430291989115164,3.0587576910439687,2.081611929160815,4.1187457618831536,4.178571012610694,-0.012271846303085088,-0.02914563496982714,5.040668215402423,4.996182772553741,-0.7577865092155074,-0.8206797215188182,-0.07403401993916114,0.20582650732284458,0.9837342072306295,0.1228244877794941,-0.5160286421028352,0.7612226518536301,-0.3730531597991577
-0.31498644,0.41614122,0.95572559,-0.23080879,0.36672512,0.87658621,-0.16574195923249782,0.16159606118363048,-0.11190748862098288,0.0,0.0,0.08978652587890612,0.65601462310791,0.1046475857543945,-0.2658979873657228,0.8919320721435546,1.2870172274462597,-0.5705191226196291,0.030680646047940217,0.07670161511984722,0.0038350807559922495,0.05752621133988569,-0.003835080755992527,-0.45563672,0.13039274570374149,0.6488738732756263,0.632000084608884,3.0925052683774528,2.081611929160815,4.023638953034244,4.083464203761784,0.07516505860639633,0.05829126993965428,5.056008023281279,5.011522580432597,-0.7148350471547094,-0.7777282594580202,-0.06506683076750219,0.20512905881636953,0.9884936986209829,0.08066454265575128,-0.5428461830415325,0.7532494378321687,-0.36252798170748035
-0.31498644,0.41614122,0.95572559,-0.23080879,0.36672512,0.87658621,-0.1683712680827613,0.15035955463610925,-0.11693587906016312,0.0,0.0,0.12238361602783199,0.6847767614746093,0.10426409057617186,-0.24403876220703136,0.8643204193115235,1.141289052597124,-0.5214317398071291,0.2148052078101866,0.14192486944601612,-0.003835807282324602,0.09973098934044354,-0.1802829422692627,-0.4796176,0.2339842442218088,0.7455146629124216,0.7301748550335647,3.167670326983849,2.0846798907365867,3.9300661249732194,3.992959337276531,0.12578642460662248,0.11044661672776623,4.976241022311227,4.93022159867466,-0.6059224112148289,-0.6672816427302539,-0.062437521917238725,0.21636556536389076,0.9935220890601631,0.04906230308983829,-0.5751681064702364,0.7343986282358776,-0.356977862843377
-0.31498644,0.41614122,0.95572559,-0.23080879,0.36672512,0.87658621,-0.15549754795959983,0.11041777534756819,-0.12201865247576937,0.0,0.0,0.16801954223632798,0.6985825878906249,0.07741942810058591,-0.22793196472167987,0.8424611941528319,1.1014055521120971,-0.4865336785888674,0.17637029094967452,0.06518032491618429,-0.19554097474855262,0.05751205139663294,-0.026838957318429744,-0.0,0.10352169251393885,0.8452234141249884,0.8298836062461312,3.1983499427415616,2.086213871524472,3.841095239275852,3.9024544707912785,0.1349903093339364,0.11965050145507972,4.937891502614085,4.893406059765404,-0.5553010452146028,-0.6181942575179136,-0.07531124204040018,0.2563073446524318,0.9986048624757694,0.03176451599457504,-0.6217473853841071,0.6897868996718282,-0.36961498526545755
-0.31498644,0.41614122,0.95572559,-0.23080879,0.36672512,0.87658621,-0.12486256762630069,0.07518204603085216,-0.12007823571916842,0.0,0.0,0.18029138793945299,0.697432102355957,0.03600194885253906,-0.2263979840087892,0.8248204159545898,1.0691919555664988,-0.47924727020263713,0.0,-0.015346415295331874,-0.1688105682486566,0.011509811471499739,-0.1304445300103259,-0.21582791999999998,0.003836603823833246,0.8958447801252145,0.8805049722463574,3.20295188510522,2.086213871524472,3.752124353578485,3.8150175658817966,0.15800002115222123,0.1457281748491357,4.904143925280601,4.85965848243192,-0.544563179699403,-0.6089903727905996,-0.10594622237369933,0.29154307396914786,0.9966644457191685,0.04792832586397242,-0.6437906136448723,0.6559875050091188,-0.3910459239457008
-0.31498644,0.41614122,0.95572559,-0.23080879,0.36672512,0.87658621,-0.09393354866389905,0.06461932510024504,-0.11040014009032972,0.0,0.0,0.17990789276123031,0.6958981216430663,0.026798064575195304,-0.2137426431274415,0.8275048822021485,1.0538521476876421,-0.47924727020263713,0.0,0.0,-0.0038348855537530513,0.02684419887627122,0.09203725329007434,-0.0,0.0,0.9234564343071561,0.9065826456404134,3.204485865893105,2.086213871524472,3.7045709491540304,3.7705321230331137,0.17947575218262024,0.1672039058795347,4.921017713947343,4.876532271098661,-0.5583690067903735,-0.6212622190936843,-0.13687524133610096,0.302105794899755,0.9869863500903298,-0.07100403732298637,0.6597569660586783,-0.640879889705533,0.3859431815590317
-0.31498644,0.41614122,0.95572559,-0.23080879,0.36672512,0.87658621,-0.09018313010874682,0.06251946312225876,-0.11052356539229091,0.0,0.0,0.1898787673950193,0.6958981216430663,0.026798064575195304,-0.2137426431274415,0.8796602264404296,1.0170366087783869,-0.4784802798461918,0.04218760625301642,0.0,-0.0038352369320924654,0.0,0.21093803126508434,-0.3597132,0.007670473864185208,0.9940195505498954,0.9802137234589248,3.20295188510522,2.086213871524472,3.6677554102447747,3.733716584123858,0.12732040539450828,0.11658253987930856,5.017658503584139,4.974707041523343,-0.5384272565478607,-0.605922411214828,-0.1406256598912532,0.30420565687774126,0.987109775392291,-0.07176163133468594,0.6628802183980871,-0.6371736877987888,0.3865873457597656
-0.31498644,0.41614122,0.95572559,-0.23080879,0.36672512,0.87658621,-0.10058604662387896,0.06438003326241593,-0.11684573418120758,0.0,0.0,0.2098205166625975,0.6939806457519531,0.02718155975341796,-0.2137426431274415,0.9099563455200195,1.0323764166572436,-0.4608395016479494,0.11121646439636351,-0.003835050496426481,0.0,0.0,0.14573191886420073,0.40767496,0.003835050496426481,1.0446409165501216,1.0293011086712651,3.19221401959002,2.086213871524472,3.675425314184203,3.741386488063286,0.14572817484913614,0.13192234775816525,5.111231331645163,5.068279869584368,-0.5322913333963175,-0.5967185264875141,-0.13022274337612105,0.3023450867375841,0.9934319441812076,-0.04456761586558833,0.666335580249738,-0.6391472154453941,0.38144653504482273
-0.31498644,0.41614122,0.95572559,-0.23080879,0.36672512,0.87658621,-0.10443493930400119,0.06162878813403133,-0.12129253956849972,0.0,0.0,0.21940789611816403,0.685160256652832,0.02718155975341796,-0.2041552636718752,0.9310485803222657,1.1259492447182673,-0.4907521255493168,0.007667867745566958,-0.03833933872783257,0.0,0.05750900809174996,0.061342941964533444,0.45563672,-0.21470029687586595,1.0768545130957201,1.0599807244289776,3.1707382885596207,2.0846798907365867,3.76439619988157,3.830357373760653,0.2178252718797613,0.2024854640009046,5.174124543948474,5.132707062675564,-0.5982525072753999,-0.6611457195787116,-0.12637385069599882,0.3050963318659687,0.9978787495684998,-0.03494913118808672,0.655913903374193,-0.6392828658744834,0.399841127185455
-0.31498644,0.41614122,0.95572559,-0.23080879,0.36672512,0.87658621,-0.10882167581994776,0.06697685823398469,-0.1233791826841556,0.0,0.0,0.21940789611816403,0.6751893820190429,0.029099035644531243,-0.18229603851318377,0.9571262524414061,1.213386149627749,-0.5352375662231448,0.0,-0.06515923995860873,0.015331585872613787,0.15331585872613787,0.15331585872613676,0.43165583999999996,-0.22614089162105266,1.102932186489776,1.0875923786109194,3.1477285767413363,2.081611929160815,3.8104156235181392,3.8779107781851083,0.29299033048615764,0.27765052260730094,5.2370177562517854,5.194066294190989,-0.6703496043060255,-0.7363107781851079,-0.12198711418005226,0.2997482617660153,0.9999653926841556,0.05767337207268886,-0.6162530591467125,0.659648415813621,-0.4263448331581655
-0.31498644,0.41614122,0.95572559,-0.23080879,0.36672512,0.87658621,-0.11832488748731376,0.07509427839466609,-0.12855544995179058,0.0,0.0,0.2232428479003905,0.6721214205932616,0.03140000671386718,-0.1658057458496095,0.9855048956298829,1.3038910161130017,-0.5827909683227541,0.003836483344742758,0.007672966689485516,0.007672966689485239,0.01918241672371379,0.14194988375547762,0.4796176,-0.24169845071878487,1.1044661672776617,1.0875923786109194,3.1369907112261366,2.081611929160815,3.856435047154709,3.925464182609563,0.3190680038802136,0.3037281960013569,5.325988641949152,5.283037179888357,-0.7577865092155074,-0.822213702306704,-0.11248390251268625,0.2916308416053339,1.0051416599517906,0.07601455804201908,-0.5729897514400122,0.6831732646510581,-0.446294546433636
-0.31498644,0.41614122,0.95572559,-0.23080879,0.36672512,0.87658621,-0.12666042564186744,0.08091419045850501,-0.135717589109548,0.0,0.0,0.227077799682617,0.6740388964843749,0.036385444030761716,-0.1658057458496095,1.0227039279174805,1.392861901810369,-0.6073346597290041,0.038353665771217973,0.007670733154242928,0.038353665771218806,0.0,0.19176832885609651,0.40767496,-0.0076707331542440384,1.1305438406717176,1.1106020904292038,3.14312663437768,2.081611929160815,3.8947845668518495,3.959211759943047,0.27765052260730094,0.2623107147284447,5.419561470010176,5.378143988737266,-0.7884661249732199,-0.8544272988523023,-0.10414836435813257,0.285810929541495,1.012303799109548,0.09231350406930322,-0.5287708851398543,0.7061772467892588,-0.46172856107458216
-0.31498644,0.41614122,0.95572559,-0.23080879,0.36672512,0.87658621,-0.13824705292923525,0.08829746563395408,-0.14476495876974516,0.0,0.0,0.23589818878173818,0.6740388964843749,0.040220395812988266,-0.1658057458496095,1.0645049023437498,1.469560941204651,-0.6073346597290041,0.03834947448736086,0.003834947448736086,0.0038349474487359473,0.0,0.15723284539817287,0.33573232,0.0,1.1474176293384597,1.135145783035374,3.140058672801908,2.081611929160815,3.8825127205487644,3.9469399136399623,0.24083498369804568,0.2270291566070748,5.516202259646972,5.473250797586177,-0.7823302018216776,-0.8498253564886449,-0.09256173707076476,0.27842765436604594,1.0213511687697452,0.09519490423769973,-0.4870385505332829,0.7270904847733303,-0.47441628076373793
-0.31498644,0.41614122,0.95572559,-0.23080879,0.36672512,0.87658621,-0.14935698458766825,0.09305912430704621,-0.15515806068163462,0.0,0.0,0.23743216949462886,0.6552476327514648,0.03983690063476561,-0.1658057458496095,1.0951845166015626,1.4710949219925367,-0.6073346597290041,0.01150470359963963,-0.1687356527947079,0.0,0.0,0.17257055399459,-0.28777056,0.0,1.1259418983080607,1.1121360712170896,3.0863693452259096,2.081611929160815,3.862570970306251,3.9269981633974487,0.24236896448593148,0.2285631373949606,5.608241106920111,5.568357606435086,-0.7761942786701344,-0.8452234141249884,-0.08145180541233177,0.2736659956929538,1.0317442706816347,0.08974014709697094,-0.448510331340141,0.740476268170789,-0.49242266901111764
-0.31498644,0.41614122,0.95572559,-0.23080879,0.36672512,0.87658621,-0.1570108251835383,0.10348388811426368,-0.15775068646373114,0.0,0.0,0.2370486743164062,0.6245680184936523,0.03983690063476561,-0.1658057458496095,1.120495198364258,1.4588230756894516,-0.5893103863525395,0.0,-0.11507109819635528,0.0,0.0,0.05753554909817986,0.1199044,0.17644235056774268,1.1474176293384597,1.1305438406717174,3.0066023442558567,2.081611929160815,3.807347661942368,3.8748428166093367,0.2699806186678728,0.25464081078901657,5.663464415283993,5.622046934011083,-0.7225049510941375,-0.7900001057611048,-0.07379796481646173,0.26324123188573634,1.0343368964637312,0.08002546974630388,-0.4350305034386163,0.7499236356631104,-0.4918932058319671
-0.31498644,0.41614122,0.95572559,-0.23080879,0.36672512,0.87658621,-0.16547837381209698,0.11650179812921801,-0.15816162466902817,0.0,0.0,0.24165061645507802,0.6096117065429687,0.032166997070312495,-0.1658057458496095,1.1266311212158202,1.4710949219925367,-0.5386890228271488,0.042166140826397094,-0.01533314211868955,-0.06516585400443281,0.0,0.049832711885742426,-0.0,0.2759965581364186,1.1826991874598294,1.1673593795809722,2.962116901407173,2.0800779483729297,3.750590372790599,3.8150175658817966,0.24390294527381684,0.23009711818284595,5.688008107890163,5.646590626617254,-0.6412039693361979,-0.7071651432152803,-0.06533041618790303,0.250223321870782,1.0347478346690282,0.06756608947142473,-0.4235789874213578,0.7554535411992195,-0.49528336541640056
-0.31498644,0.41614122,0.95572559,-0.23080879,0.36672512,0.87658621,-0.16571614008683003,0.11702519371002637,-0.1571967173582346,0.0,0.0,0.2577574139404295,0.608077725830078,0.019511656188964832,-0.16925720245361342,1.135835005493164,1.4465512293863665,-0.5026404760742191,0.11888397959610196,-0.01917483541872684,-0.03834967083745229,-0.034514703753707195,0.026844769586217572,-0.28777056,0.15339868334980583,1.2455923997631406,1.2317865726721697,2.9575149590435164,2.0800779483729297,3.6984350260024876,3.7643961998815705,0.21015536794033274,0.19634954084936185,5.709483838920563,5.669600338435538,-0.5783107570328871,-0.6442719309119695,-0.06509264991316999,0.24969992628997364,1.0337829273582346,-0.06343846714748032,0.41339136832839174,-0.7456499969782272,0.5187381029806155
-0.31498644,0.41614122,0.95572559,-0.23080879,0.36672512,0.87658621,-0.1584230304897212,0.10913833769257347,-0.15561561423312742,0.0,0.0,0.2888205233764647,0.6046262692260741,0.014909714050292955,-0.1696406976318361,1.1323835488891603,1.3667842284163132,-0.4623734823608401,0.15339562156098513,-0.03834890539024684,-0.015339562156098625,0.0,-0.05752335808536749,-0.45563672,0.22625854180245403,1.3453011509757073,1.3299613430968504,2.9391071895888885,2.0800779483729297,3.6646874486690035,3.733716584123858,0.21015536794033274,0.19788352163724765,5.694144031041706,5.648124607405139,-0.5123495831538047,-0.5798447378207721,-0.07238575951027881,0.25758678230742654,1.0322018242331275,-0.057013201149165825,0.42366326014389066,-0.7309866256937001,0.5318998871553868
-0.31498644,0.41614122,0.95572559,-0.23080879,0.36672512,0.87658621,-0.1472735202644219,0.0924841042784772,-0.15260177914325224,0.0,0.0,0.3145147003173827,0.5827670440673828,0.003788353881835932,-0.16887370727539075,1.1135922851562499,1.3821240362951694,-0.4385967813110354,0.09202950545981471,-0.13420969546222747,-0.08436038000482907,0.007669125454984744,-0.003834562727492372,0.40767496,0.06135300363987795,1.3928545554001621,1.3775147475213059,2.874679996497692,2.0800779483729297,3.68002725654786,3.7490563920027142,0.2699806186678728,0.25617479157690193,5.660396453708222,5.614377030071655,-0.47553404424454904,-0.5430291989115172,-0.08353526973557812,0.2742410157215228,1.0291879891432523,-0.04378638397908681,0.4559424826123418,-0.7052082183816554,0.5411844176011555
-0.31498644,0.41614122,0.95572559,-0.23080879,0.36672512,0.87658621,-0.1342208719662256,0.0862890807172414,-0.14417945516456843,0.0,0.0,0.3145147003173827,0.5459515069580078,0.0014873828124999933,-0.1462474917602541,1.1043884008789062,1.4756968643561936,-0.43399483917236337,-0.003834983037338457,-0.19558413490425355,0.019174915186691593,0.14572935541885582,-0.06519471163475156,0.4796176,0.003834983037338457,1.406660382491133,1.3913205746122763,2.7811071684366677,2.078543967585044,3.7582602767300277,3.827289412184882,0.363553446728897,0.34667965806215495,5.635852761102052,5.588299356677599,-0.48780589054763457,-0.5553010452146019,-0.09658791803377442,0.2804360392827586,1.0207656651645685,-0.06410845877341699,0.44535464070399056,-0.6930850372417281,0.5631895601560356
-0.31498644,0.41614122,0.95572559,-0.23080879,0.36672512,0.87658621,-0.13768029602529389,0.09409175419552657,-0.14244235257405313,0.0,0.0,0.3145147003173827,0.5263932528686522,0.017977675476074206,-0.10713098358154316,1.0894320889282225,1.5493279421747044,-0.4688929003906255,0.0,-0.015341133830160444,0.061364535320639485,0.18409360596191868,-0.030682267660320887,0.31175144,-0.237787574367478,1.4143302864305611,1.3989904785517044,2.7304858024364407,2.078543967585044,3.8441632008516233,3.9131923363064782,0.45405831321415,0.43871850533529333,5.606707126132225,5.563755664071429,-0.5675728915176874,-0.6335340653967698,-0.09312849397470613,0.27263336580447345,1.0190285625740532,-0.09135425723743121,0.3909561162211652,-0.696830437071065,0.5943358115116473
-0.31498644,0.41614122,0.95572559,-0.23080879,0.36672512,0.87658621,-0.14525873645424506,0.09320456945641897,-0.14770671594742024,0.0,0.0,0.3148981954956054,0.5336796612548828,0.02526408386230468,-0.07721835968017587,1.093650535888672,1.5754056155687604,-0.5271841674804691,0.0,0.046021140276308645,0.02684566516117972,0.030680760184206506,0.06903171041446242,-0.0,-0.29146722174995293,1.4005244593395905,1.3836506706728482,2.7396896871637555,2.078543967585044,3.9085903939428204,3.976085548609789,0.4663301595172351,0.4540583132141496,5.637386741889937,5.595969260617027,-0.6596117387908258,-0.727106893457794,-0.08555005354575496,0.27352055054358104,1.0242929259474203,-0.11140728620159088,0.3447838104804854,-0.7032620559435426,0.6116657757973835
-0.31498644,0.41614122,0.95572559,-0.23080879,0.36672512,0.87658621,-0.1477209222724313,0.08802647840009126,-0.1556732792461698,0.0,0.0,0.3145147003173827,0.5578398574829101,0.02833204528808593,-0.08143680664062525,1.1385194717407225,1.5861434810839599,-0.5678346563720704,0.0,0.15339531477525606,0.02684418008566981,-0.042183711563196946,0.21475344068535737,0.04796176,-0.1687348462527789,1.3989904785517049,1.3836506706728482,2.8087188226186086,2.0800779483729297,3.9515418560036184,4.017503029882701,0.3758252930319821,0.3620194659410112,5.734027531526733,5.692610050253823,-0.7301748550335656,-0.7992039904884187,-0.08308786772756871,0.27869864159990876,1.0322594892461698,-0.11701999932464315,0.3270867753362089,-0.7145503902569459,0.607238257146128
-0.31498644,0.41614122,0.95572559,-0.23080879,0.36672512,0.87658621,-0.15521074091730305,0.08866443250222611,-0.16881782459410244,0.0,0.0,0.3145147003173827,0.5935049090576171,0.04443884277343749,-0.11441739196777356,1.170349571533203,1.589211442659731,-0.5885433959960942,-0.0038347709344294357,0.17256469204931796,0.09586927336073228,-0.1802342339181768,0.13421698270502358,-0.0,-0.0536867930820121,1.3453011509757073,1.3284273623089646,2.900757669891748,2.0800779483729297,4.023638953034244,4.088066146125441,0.27918450339518674,0.26537867630421585,5.812260551708901,5.7708430704359905,-0.7623884515791639,-0.8283496254582463,-0.07559804908269696,0.2780606874977739,1.0454040345941025,-0.10013674732335348,0.32405566201762565,-0.7322810447753286,0.5905294499113238
-0.31498644,0.41614122,0.95572559,-0.23080879,0.36672512,0.87658621,-0.16992149302886264,0.09401920386965285,-0.18223695361896952,0.0,0.0,0.31413120513916004,0.6111456872558593,0.08317185577392577,-0.15621836639404307,1.1534757836914062,1.589211442659731,-0.6008152416992192,0.0,0.03451568607405232,0.1457328967571092,-0.06903137214810352,-0.20325904021386132,-0.0,-0.05752614345675572,1.2425244381873695,1.2271846303085123,2.960582920619288,2.0800779483729297,4.157095281580294,4.2230564554593775,0.2178252718797613,0.20708740636456158,5.766241128072331,5.7202217044357635,-0.7731263170943636,-0.8375535101855602,-0.06088729697113737,0.27270591613034717,1.0588231636189696,-0.07100472654745672,0.3414901085867739,-0.7544841579304528,0.555964468268692
-0.31498644,0.41614122,0.95572559,-0.23080879,0.36672512,0.87658621,-0.17631661010361824,0.09692903259352414,-0.18003161130894962,0.0,0.0,0.31413120513916004,0.6264854943847655,0.09736117736816405,-0.15621836639404307,1.1227961694335937,1.589211442659731,-0.6322618463134768,0.0,0.04218819904128788,0.07670581643870447,0.0,-0.18409395945289073,-0.0,-0.17642337780902223,1.2041749184902284,1.187301129823486,2.994330497952772,2.081611929160815,4.250668109641318,4.315095302732516,0.29912625363769996,0.28685440733461487,5.706415877344791,5.660396453708223,-0.8084078752157335,-0.8774370106705867,-0.054492179896381776,0.26979608740647587,1.0566178213089497,-0.07312098006422019,0.34769355237744515,-0.7606938400336111,0.5432378831087905
-0.31498644,0.41614122,0.95572559,-0.23080879,0.36672512,0.87658621,-0.17397032484649025,0.09079661729600763,-0.178248171150014,0.0,0.0,0.31374770996093737,0.6395243304443359,0.10311360504150388,-0.15621836639404307,1.1312330633544923,1.576939596356646,-0.6844171905517582,-0.003836466380789175,0.10742105866209357,0.015345865523156145,0.0,0.15729512161235173,-0.07194264,-0.30308084408233593,1.1612234564294304,1.1458836485505737,3.037281960013569,2.081611929160815,4.342706956914457,4.407134150005654,0.34514567727426915,0.3282718886075271,5.724823646799419,5.68340616552651,-0.8881748761857864,-0.952602069276983,-0.056838465153509765,0.2759285027039924,1.054834381150014,-0.08263875777127976,0.3588377835281006,-0.7628230115937205,0.5315141896598309
-0.31498644,0.41614122,0.95572559,-0.23080879,0.36672512,0.87658621,-0.1744301365151081,0.09159854268372686,-0.1814911329516905,0.0,0.0,0.3026263497924804,0.6763398675537109,0.12804079162597654,-0.15621836639404307,1.1753350088500976,1.5646677500535608,-0.7369560299682618,-0.015341261633920104,0.1725891933816206,0.2032717166494633,0.0,0.24162487073426772,-0.04796176,-0.2492955015512289,1.0829904362472627,1.0691846091562915,3.1201169225593937,2.0846798907365867,4.436279784975481,4.496105035703022,0.31446606151655665,0.30066023442558576,5.821464436436214,5.780046955163304,-0.9817477042468106,-1.0446409165501214,-0.056378653484891905,0.27512657731627316,1.0580773429516905,-0.08174319673496014,0.3676051529640347,-0.7750884558123899,0.5073680980986125
-0.31498644,0.41614122,0.95572559,-0.23080879,0.36672512,0.87658621,-0.19011858590751654,0.09612560922618668,-0.20012627353521062,0.0,0.0,0.27079624999999985,0.709703948059082,0.161021376953125,-0.16427176513671893,1.1891408352661132,1.5539298845383613,-0.7825919561767583,-0.17642637555814175,0.1304021036734096,0.16492030758695872,-0.08054247579828293,0.0,-0.0,-0.2492981393756356,0.9894176081862387,0.9756117810952674,3.2090878082567613,2.086213871524472,4.5175807667334205,4.578939998248846,0.2178252718797613,0.20401944478879042,5.852144052193927,5.80612462855736,-1.0691846091562924,-1.1305438406717174,-0.04069020409248347,0.27059951077381333,1.0767124835352107,0.05235101675214927,-0.3803395800337872,0.7929573694310484,-0.47309595767637924
-0.31498644,0.41614122,0.95572559,-0.23080879,0.36672512,0.87658621,-0.20918208709819133,0.11060898797665819,-0.21284102640256675,0.0,0.0,0.228228285217285,0.733097153930664,0.18671555389404296,-0.21681060455322276,1.169199085998535,1.5539298845383613,-0.8263104064941409,-0.2262453994170858,0.09970136245498755,0.13421337253555965,-0.25308807392419763,-0.17256005040286215,-0.0,-0.16872538261613396,0.9157865303677278,0.900446722488871,3.279650924499501,2.086213871524472,4.597347767703473,4.658706999218899,0.12732040539450828,0.1135145783035374,5.796920743830045,5.750901320193478,-1.1566215140657734,-1.2164467647933135,-0.02162670290180868,0.2561161320233418,1.0894272364025668,0.030549260453420383,-0.393498686469001,0.8110505987901082,-0.4317666645714174
-0.31498644,0.41614122,0.95572559,-0.23080879,0.36672512,0.87658621,-0.21945707989775778,0.13740445698015064,-0.20659161103329293,0.0,0.0,0.21365546844482397,0.7469029803466796,0.21356021636962888,-0.2536261416625978,1.1377524813842772,1.555463865326247,-0.8286113775634769,-0.015341871531140043,0.04986108247620292,0.1572541831941796,-0.1572541831941799,-0.157254183194181,0.02398088,-0.003835467882785011,0.889708856973672,0.8728350683069293,3.3226023865602983,2.086213871524472,4.689386614976612,4.749211865704153,0.05062136600022615,0.038349519697141066,5.712551800496334,5.666532376859767,-1.185767149035601,-1.247126380551026,-0.01135171010224223,0.22932066301984938,1.083177821033293,0.031909581227231164,-0.41305857309442134,0.8307144387383829,-0.37185738541902985
-0.31498644,0.41614122,0.95572559,-0.23080879,0.36672512,0.87658621,-0.22503522728986516,0.14571487321313153,-0.2016392769283547,0.0,0.0,0.21403896362304664,0.7725971572875976,0.2354194415283203,-0.2854562414550783,1.096718497314453,1.5692696924172178,-0.8286113775634769,0.0,0.2185991309015638,0.06519623202327351,-0.19558869606982052,-0.15340289887828917,0.07194264,0.0,0.9357282806102412,0.9203884727313847,3.377825694924182,2.086213871524472,4.76761963515878,4.830512847462091,-0.026077673394055978,-0.038349519697141066,5.618978972435309,5.5714255680108575,-1.168893360368859,-1.2425244381873695,-0.00577356271013485,0.22101024678686848,1.0782254869283547,0.033945964454723504,-0.4277965292827634,0.8330093703892446,-0.3491893324180663
-0.31498644,0.41614122,0.95572559,-0.23080879,0.36672512,0.87658621,-0.22344687728789284,0.1392764970675986,-0.1970050380832794,0.0,0.0,0.21403896362304664,0.7990583245849608,0.25075924865722654,-0.31191740875244156,1.0530000469970702,1.576939596356646,-0.8274608920288089,0.0,0.08824865512152123,0.09975934926780676,-0.13045453365790144,-0.2225400868281857,-0.0,0.0,1.0124273200045233,0.9986214929135517,3.4560587151063498,2.086213871524472,4.839716732189404,4.901075963704831,-0.08436894333371026,-0.09817477042468115,5.5238721635864,5.476318759161947,-1.1535535524900027,-1.228718611096399,-0.007361912712107177,0.22744862293240142,1.0735912480832794,0.04519805757361165,-0.44394170292347623,0.8278948572244497,-0.3397984775985386
-0.31498644,0.41614122,0.95572559,-0.23080879,0.36672512,0.87658621,-0.21883564388812995,0.1291433206175704,-0.191959487748543,0.0,0.0,0.21902440093994135,0.82782046295166,0.27530294006347655,-0.33032517730712907,1.0211699472045899,1.5401240574473907,-0.8274608920288089,0.04601681959574049,0.12271151892197021,0.14188519375352765,-0.09203363919147765,-0.10737257905672339,-0.40767496,0.0,1.0783884938836057,1.064582666792635,3.529689792924861,2.087747852312358,4.913347810007915,4.9762410223112274,-0.12885438618239364,-0.14266021327336453,5.42876535473749,5.381211950313038,-1.1535535524900027,-1.228718611096399,-0.011973146111870059,0.23758179938242963,1.068545697748543,0.058441460989812746,-0.4632234167864816,0.8188887441156028,-0.333811154005981
-0.31498644,0.41614122,0.95572559,-0.23080879,0.36672512,0.87658621,-0.21805254145482858,0.11587919826883997,-0.19199414338339593,0.0,0.0,0.22439333343505852,0.8565826013183593,0.30483206878662106,-0.3487329458618166,0.9901068377685547,1.4511531717500235,-0.8274608920288089,0.0421813410144307,0.15722136196287248,0.12654402304328763,-0.04601600837937783,-0.16872536405771613,-0.43165583999999996,-0.0038346673649482447,1.1044661672776617,1.0875923786109194,3.6048548515312575,2.087747852312358,4.983910926250655,5.043736176978196,-0.1687378866674205,-0.1810097329705056,5.33365854588858,5.284571160676242,-1.1535535524900027,-1.228718611096399,-0.012756248545171434,0.25084592173116005,1.068580353383396,0.05573803451281691,-0.4980809781032037,0.8032398191271845,-0.321891913115151
-0.31498644,0.41614122,0.95572559,-0.23080879,0.36672512,0.87658621,-0.2179360372360495,0.10031104135051822,-0.19266099860813302,0.0,0.0,0.2247768286132812,0.8922476528930663,0.32477381805419914,-0.3667572192382814,0.9494563488769531,1.4250754983559675,-0.8228589498901369,0.0038342820098452236,0.18787981848240928,0.09969133225597138,-0.08435420421659158,-0.20321694652178907,-0.0,0.04601138411814268,1.0829904362472627,1.0722525707320631,3.696893698804395,2.087747852312358,5.0544740424933945,5.121969197160364,-0.20862138715244738,-0.22242721424341827,5.2354837754639,5.187930371039446,-1.1305438406717174,-1.2072428800659996,-0.012872752763950501,0.2664140786494818,1.069247208608133,0.042598256149033016,-0.5525562114847641,0.7770858893143048,-0.29833629070440265
-0.31498644,0.41614122,0.95572559,-0.23080879,0.36672512,0.87658621,-0.2146114120999633,0.083795839975004,-0.19408378369598644,0.0,0.0,0.22439333343505852,0.917174839477539,0.3485505191040039,-0.3866989685058595,0.9222281912231445,1.422007536780196,-0.7898783645629885,0.0,0.11501829675365265,0.13418801287926216,-0.11118435352853075,-0.12652012642901836,-0.04796176,0.2185347638319396,1.0016894544893238,0.9878836273983529,3.7613208918955916,2.172116795646068,5.11583327400882,5.181794447887903,-0.25770877236478773,-0.2715145994557586,5.14037696661499,5.092823562190537,-1.0707185899441773,-1.1443496677626879,-0.016197377900036725,0.282929280024996,1.0706699936959865,0.044600022961159363,-0.5859568808258059,0.755878755965025,-0.2886393563697141
-0.31498644,0.41614122,0.95572559,-0.23080879,0.36672512,0.87658621,-0.21875974893430597,0.07491970724238328,-0.1975966057540065,0.0,0.0,0.22400983825683585,0.9493884344482421,0.37156022979736325,-0.39973780456542984,0.8992184805297851,1.3989978249619115,-0.7549803033447269,0.0,0.18408540608880644,0.1227236040592043,-0.011505337880550819,-0.18025029346195617,-0.09592352,0.1649098429545573,0.9111845880040709,0.8958447801252145,3.8303500273504465,2.3838061443742866,5.171056582372703,5.238551737039672,-0.2500388684253596,-0.26691265709210166,5.052940061705508,5.003852676493169,-1.004757416065095,-1.0783884938836055,-0.012049041065694044,0.29180541275761673,1.0741828157540065,0.034544821351711705,-0.6049439998760888,0.7402973968403632,-0.2912201513684771
-0.31498644,0.41614122,0.95572559,-0.23080879,0.36672512,0.87658621,-0.2233081237290139,0.06270093319725112,-0.20439276308573595,0.0,0.0,0.22400983825683585,0.9624272705078123,0.39380295013427735,-0.39973780456542984,0.8635534289550781,1.3836580170830552,-0.7246841842651368,-0.0038367666879731152,0.007673533375944009,0.09975593388729767,0.0,-0.18416480102270288,-0.02398088,0.1342868340790546,0.8421554525492171,0.8268156446703605,3.853359739168731,2.528000338435537,5.221677948372929,5.2876391222520125,-0.19788352163724765,-0.21168934872821854,4.959367233644484,4.910279848432145,-0.9541360500648688,-1.0293011086712651,-0.007500666270986112,0.3040241868027489,1.080978973085736,0.017540147472638323,-0.6316112861915011,0.7181523403836847,-0.29157630627949177
-0.31498644,0.41614122,0.95572559,-0.23080879,0.36672512,0.87658621,-0.2279200166380542,0.05264212957746739,-0.20947845435058776,0.0,0.0,0.203684593811035,0.9478544537353515,0.3984048922729492,-0.39973780456542984,0.816767017211914,1.3345706318707147,-0.7005239880371095,-0.14573152100690864,-0.13806144095391323,0.03835040026497602,0.0,-0.24927760172234248,-0.33573232,0.11888624082142467,0.7715923363064775,0.7547185476397349,3.8196121618352468,2.5341362615870793,5.276901256736812,5.342862430615895,-0.18407769454627676,-0.19788352163724765,4.86579440558346,4.816707020371121,-0.9081166264283,-0.9802137234589248,-0.002888773361945818,0.3140829904225326,1.0860646643505878,0.008111142441986656,-0.6470165813688435,0.7007168107119363,-0.3004990914923921
-0.31498644,0.41614122,0.95572559,-0.23080879,0.36672512,0.87658621,-0.2292149434503057,0.05333587950455709,-0.2043237517453701,0.0,0.0,0.17300497955322247,0.913723382873535,0.4202641174316406,-0.39973780456542984,0.7784174993896484,1.2624735348400895,-0.6775142773437501,-0.195593574327083,-0.1342308843421159,0.115055043721813,0.0,-0.24161559181580775,-0.3597132,0.10354953934963125,0.6780195082454534,0.6611457195787107,3.730641276137879,2.531068300011308,5.362804180858408,5.427231373949606,-0.1948155600614765,-0.21015536794033274,4.775289539098207,4.726202153885868,-0.8682331259432727,-0.9418642037617833,-0.0015938465496943,0.3133892404954429,1.0809099617453701,0.003027421475061947,-0.6657198173666709,0.6848069305831761,-0.296390666704854
-0.31498644,0.41614122,0.95572559,-0.23080879,0.36672512,0.87658621,-0.24365161046804598,0.07021371363597961,-0.19951708290480863,0.0,0.0,0.12545157745361313,0.8945486239624022,0.4486427606201171,-0.39973780456542984,0.7588592453002929,1.19191041859735,-0.6694608786010745,-0.253045145464101,-0.042174190910683876,0.09585043388791598,0.0,-0.015336069422067267,-0.33573232,0.007668034711033634,0.5813787186086581,0.5660389107298016,3.6830878717134254,2.531068300011308,5.427231373949605,5.496260509404459,-0.22242721424341783,-0.23316507975861755,4.7093283652191245,4.6587069992189,-0.8559612796401881,-0.9280583766708128,0.012842820468045968,0.2965114063640204,1.0761032929048087,0.019762186207128916,0.6820412420512407,-0.6751366983943742,0.2803919375065187
-0.31498644,0.41614122,0.95572559,-0.23080879,0.36672512,0.87658621,-0.26680621314644515,0.09839547351623168,-0.20072740015410828,0.0,0.0,0.09247099212646481,0.8807427975463866,0.47510392791748046,-0.39973780456542984,0.7504223513793945,1.1121434176272968,-0.6679268978881838,-0.10355029220272402,-0.13039666425528323,0.15724303630784137,0.0,-0.042187156082591964,-0.40767496,0.011505588022525385,0.5353592949720888,0.5154175447295755,3.652408255955711,2.531068300011308,5.47478477837406,5.542279933041028,-0.26537867630421585,-0.27918450339518674,4.67558078788564,4.626493402673301,-0.8528933180644165,-0.926524395882927,0.03599742314644516,0.26832964648376834,1.0773136101541083,0.05591011731088906,0.6979362473439548,-0.6685010392787467,0.2507297627106847
-0.31498644,0.41614122,0.95572559,-0.23080879,0.36672512,0.87658621,-0.2852216392460577,0.12052079965685353,-0.20379104145469584,0.0,0.0,0.09093701141357413,0.8753738650512695,0.48277383148193354,-0.40855819366455093,0.7247281744384766,1.033910397445129,-0.6357133029174808,0.0,0.011504785052443438,0.038349283508142575,-0.08436842371791523,-0.23776555775048885,-0.3597132,0.25694019950456126,0.5629709491540303,0.5506991028509454,3.6309325249253135,2.531068300011308,5.511600317283316,5.583697414313941,-0.34667965806215495,-0.36048548515312584,4.620357479521758,4.571270094309419,-0.7900001057611057,-0.865165164367502,0.054412849246057715,0.2462043203431465,1.0803772514546959,0.09136320299882998,0.7151625980879247,-0.656835321671416,0.22082251614980647
-0.31498644,0.41614122,0.95572559,-0.23080879,0.36672512,0.87658621,-0.2855122991370618,0.11470850115390441,-0.20262059089469686,0.0,0.0,0.10666031372070295,0.8761408554077147,0.48392431701660155,-0.4388543127441408,0.7028689492797852,0.9633472812023895,-0.5839414538574221,0.1188840188279847,0.0,0.003834968349289972,-0.19174841746449195,-0.04601962019147745,-0.31175144,0.2837876578474491,0.6212622190936847,0.6043884304269422,3.6340004865010833,2.531068300011308,5.536144009889486,5.6082411069201115,-0.4433204476989503,-0.45405831321415,4.571270094309417,4.522182709097079,-0.701029220063738,-0.7731263170943627,0.05470350913706179,0.2520166188460956,1.079206800894697,0.11124540649445906,0.7394365374545335,-0.6303464370755298,0.20861791839944618
-0.31498644,0.41614122,0.95572559,-0.23080879,0.36672512,0.87658621,-0.27842113879581454,0.0991058530392449,-0.19924053388351404,0.0,0.0,0.11816516906738261,0.8776748361206054,0.48392431701660155,-0.47336887878417977,0.7036359396362304,0.9265317422931343,-0.5314026144409181,0.057571021524325,0.011514204304865445,0.0,-0.16503692836973138,0.057571021524325,-0.09592352,0.2609886309102745,0.6350680461846555,0.6181942575179136,3.6340004865010833,2.531068300011308,5.546881875404685,5.614377030071654,-0.5353592949720887,-0.5476311412751738,4.598881748491358,4.551328344066905,-0.6105243535784854,-0.6810874698212244,0.04761234879581455,0.2676192669607551,1.075826743883514,0.13082916494165694,0.7648295275040716,-0.599269293318291,0.19696658991911103
-0.31498644,0.41614122,0.95572559,-0.23080879,0.36672512,0.87658621,-0.2788688362417967,0.09836065789056142,-0.19607513141309163,0.0,0.0,0.11394672210693346,0.8703884277343749,0.4866087832641601,-0.5098009207153321,0.7569417694091797,0.9403375693841047,-0.46122299682617207,-0.038350634592744154,-0.07286620572621588,0.023010380755646712,-0.04985582497056806,0.09971164994113724,0.2398088,0.22243368063792007,0.5384272565478601,0.5215534678811178,3.609456793894914,2.531068300011308,5.548415856192571,5.623580914798968,-0.6028544496390569,-0.6166602767300278,4.7001244804918105,4.651037095279472,-0.5031456984264908,-0.5752427954571155,0.04806004624179672,0.2683644621094386,1.0726613414130917,0.174257989766471,0.7738183611065593,-0.579770813959991,0.18629304951360026
-0.31498644,0.41614122,0.95572559,-0.23080879,0.36672512,0.87658621,-0.289408872629478,0.11703181210714211,-0.19623812819342612,0.0,0.0,0.1024418667602538,0.8351068713378905,0.4881427639770508,-0.5251407278442384,0.7500388562011718,0.9572113580508468,-0.4071501766967778,-0.0652090114354126,-0.16494044068957311,0.0,-0.09205978084999407,-0.06137318723332938,-0.0,0.2761793425499789,0.5016117176386047,0.4862719097597479,3.5174179466217748,2.531068300011308,5.554551779344113,5.626648876374739,-0.6335340653967698,-0.6473398924877407,4.67558078788564,4.624959421885416,-0.4555922940020354,-0.527689391032661,0.05860008262947802,0.2496933078928579,1.0728243381934262,0.20172136277979452,0.7527286816450707,-0.594387925675833,0.19852208299813104
-0.31498644,0.41614122,0.95572559,-0.23080879,0.36672512,0.87658621,-0.2952447661572044,0.13487345736376963,-0.18977648959083926,0.0,0.0,0.0851845837402343,0.7982913342285155,0.4831573266601562,-0.5262912133789064,0.7247281744384766,0.9771531082933604,-0.351926871032715,-0.06517787865862043,-0.1993676288381332,-0.03450593576044617,0.0,-0.09201582869452166,0.31175144,0.23770755746085018,0.4816699673960913,0.4647961787293493,3.426913080136522,2.5295343192234223,5.483988663101374,5.554551779344115,-0.6227961998815701,-0.636602026972541,4.608085633218672,4.557464267218448,-0.3589515043652405,-0.432582582183751,0.06443597615720442,0.2318516626362304,1.0663626995908393,0.22315307384577687,0.7390478523082892,-0.600494854094569,0.2083672427173445
-0.31498644,0.41614122,0.95572559,-0.23080879,0.36672512,0.87658621,-0.29789433808255683,0.15073279343169838,-0.18243319322193374,0.0,0.0,0.07943215606689447,0.7787330801391601,0.4563126641845703,-0.5262912133789064,0.7109223480224609,1.0446482629603286,-0.3120433724975591,-0.03067517279954176,-0.06901913879897062,-0.15337586399771433,0.0,-0.08052232859880072,0.33573232,0.172547846997426,0.46479617872934925,0.44792239006260726,3.367087829408982,2.5295343192234223,5.416493508434406,5.48552264388926,-0.5583690067903735,-0.5737088146692297,4.572804075097302,4.525250670672849,-0.27765052260730094,-0.34974761963792655,0.06708554808255685,0.21599232656830164,1.0590194032219338,0.22070029116484796,0.7145815215380137,-0.6180763308353461,0.24216993995391817
-0.31498644,0.41614122,0.95572559,-0.23080879,0.36672512,0.87658621,-0.2883448110996917,0.15199769286132797,-0.17253593420625568,0.0,0.0,0.07981565124511714,0.7691457006835937,0.4336864486694335,-0.5259077182006837,0.6863786566162109,1.0691919555664988,-0.33083463623046905,0.0038351364823996956,-0.0690324566831923,-0.05369191075359463,0.0038351364823996956,-0.10354868502478845,-0.0,-0.17641627819038155,0.461728217153578,0.44792239006260726,3.3287383097118415,2.5295343192234223,5.387347873464579,5.457910989707319,-0.5522330836388307,-0.5645049299419158,4.557464267218446,4.5068429012182225,-0.28685440733461487,-0.35128160042581147,0.05753602109969169,0.21472742713867204,1.0491221442062557,0.20210350215373157,0.6981496119618906,-0.6303620939811264,0.2727359972691316
-0.31498644,0.41614122,0.95572559,-0.23080879,0.36672512,0.87658621,-0.27268938377560015,0.1435382156384991,-0.1617342485770369,0.0,0.0,0.0790486608886718,0.7511214273071288,0.43215246795654294,-0.5262912133789064,0.6882961325073242,1.0615220516270707,-0.3411890060424807,-0.007670177850013323,-0.0767017785001299,0.0,0.0,0.030680711400052182,-0.09592352,-0.05752633387509548,0.461728217153578,0.44792239006260726,3.2919227708025858,2.5295343192234223,5.379677969525151,5.451775066555776,-0.6335340653967698,-0.6504078540635119,4.557464267218446,4.5068429012182225,-0.3267379078196422,-0.3942330624866095,0.04188059377560016,0.2231869043615009,1.038320458577037,0.17442357258143296,0.7066766291668816,-0.6310257252061257,0.26831156002928125
-0.31498644,0.41614122,0.95572559,-0.23080879,0.36672512,0.87658621,-0.2721372513905639,0.15012259111709986,-0.15774233600983545,0.0,0.0,0.0740632235717773,0.7499709417724608,0.43215246795654294,-0.5542863613891603,0.7116893383789062,1.0155026279905015,-0.39832978759765636,-0.00767167549133942,0.007671675491341641,0.0,-0.1956277250292052,0.16110518531816892,-0.28777056,-0.2685086421969441,0.44638840927472156,0.432582582183751,3.2842528668631576,2.5295343192234223,5.381211950313036,5.447173124192119,-0.7286408742456794,-0.743980682124536,4.61268757558233,4.562066209582104,-0.4371845245474084,-0.5062136600022615,0.0413284613905639,0.21660252888290016,1.0343285460098355,0.1749972051340817,0.7066658073246432,-0.6345164688207068,0.2595924994077666
-0.31498644,0.41614122,0.95572559,-0.23080879,0.36672512,0.87658621,-0.2698978885533201,0.16061475854190518,-0.1527118726044282,0.0,0.0,0.07291273803710929,0.7522719128417967,0.43215246795654294,-0.5930193743896486,0.7481213803100586,1.0369783590209,-0.4374462957763674,-0.011505334313747591,0.003835111437914753,0.0,-0.20709601764744887,0.24928224346452224,0.2398088,-0.199425794771616,0.3942330624866098,0.38042723539563905,3.2873208284389293,2.5295343192234223,5.40422166213132,5.47478477837406,-0.8268156446703605,-0.8406214717613314,4.704726422855468,4.652571076067357,-0.5077476407901473,-0.5798447378207721,0.0390890985533201,0.20611036145809483,1.0292980826044282,0.1792784419650735,0.7192446875590139,-0.6368576838041868,0.21203445532337067
-0.31498644,0.41614122,0.95572559,-0.23080879,0.36672512,0.87658621,-0.2684562466343079,0.17502165655630952,-0.14832145545755326,0.0,0.0,0.05220399841308576,0.769912691040039,0.4325359631347656,-0.6401892813110353,0.7929903161621094,1.0385123398087859,-0.45738804504394537,-0.08822083644947717,0.12274203332101036,0.0038356885412817125,-0.25699113226586584,0.26466250934842817,-0.16786616,-0.015342754165122409,0.3574175235773544,0.34361169648638334,3.331806271287613,2.5295343192234223,5.407289623707092,5.476318759161947,-0.9142525495798419,-0.9280583766708128,4.790629346977064,4.738474000188955,-0.5353592949720891,-0.605922411214828,0.03764745663430791,0.1917034634436905,1.0249076654575533,0.17240597390146267,0.7101366455861957,-0.6554929413103284,0.19055479172933
-0.31498644,0.41614122,0.95572559,-0.23080879,0.36672512,0.87658621,-0.27053082681247387,0.1957396209307145,-0.14624789800180216,0.0,0.0,0.04606807556152326,0.7952233728027343,0.4375214004516601,-0.6781553039550783,0.8428446893310546,0.9756191275054746,-0.45738804504394537,0.003835725371319591,0.1419218387388193,0.019178626856596843,-0.19178626856597286,0.2685007759923603,-0.33573232,0.003835725371319591,0.4003689856381523,0.3865631585471814,3.3962334643788097,2.5295343192234223,5.41495952764652,5.487056624677146,-0.9878836273983524,-0.9986214929135526,4.868862367159231,4.8182410011590076,-0.5184855063053471,-0.5921165841238576,0.03972203681247388,0.1709854990692855,1.0228341080018022,0.19260143571071986,0.7091305751913282,-0.6611800119027672,0.1512597307654684
-0.31498644,0.41614122,0.95572559,-0.23080879,0.36672512,0.87658621,-0.27399516369467825,0.20554193508168273,-0.1486475060708573,0.0,0.0,0.05450496948242178,0.8232185208129882,0.43675441009521476,-0.6980970532226564,0.870456342163086,0.9495414541114187,-0.44434920898437547,0.08053317484702434,0.1303870449904195,-0.007669826175907292,-0.07286334867111594,0.2147551329253975,-0.0,0.06902843558316119,0.46939812109300616,0.4540583132141496,3.471398522985206,2.5295343192234223,5.385813892676692,5.457910989707319,-1.0154952815802942,-1.0293011086712651,4.945561406553513,4.894940040553289,-0.48320394818397716,-0.5568350260024877,0.04318637369467826,0.1611831849183173,1.0252337160708573,0.2346333727849979,0.7188584083996735,-0.6452975281709927,0.10853971247903314
-0.31498644,0.41614122,0.95572559,-0.23080879,0.36672512,0.87658621,-0.2728083961684835,0.19935222384929352,-0.15135225753932857,0.0,0.0,0.06907778625488259,0.8554321157836913,0.4329194583129883,-0.7003980242919923,0.9088058599853515,0.9127259152021634,-0.41443658508300807,0.06135975068710338,0.15723436113570255,-0.02684489092560759,0.0,0.19174922089719723,-0.26378967999999997,0.18407925206131237,0.4954757944870621,0.47860200582031975,3.5542334855310305,2.531068300011308,5.329056603524924,5.401153700555549,-1.0062913968529803,-1.0200972239439512,5.032998311462995,4.9823769454627715,-0.4249126782443229,-0.4985437560628334,0.04199960616848353,0.1673728961507065,1.0279384675393286,0.2542851871327081,0.7258924881377885,-0.6321933304820817,0.093545348168617
-0.31498644,0.41614122,0.95572559,-0.23080879,0.36672512,0.87658621,-0.27405951322488287,0.1900602178806431,-0.15829145200171968,0.0,0.0,0.07099526214599594,0.8845777493286132,0.4129777090454101,-0.7007815194702149,0.9525243103027343,0.8621045492019372,-0.37186862030029344,0.0,0.12271444426892246,-0.11504479150211452,-0.0038348263834039656,0.237759235771037,-0.19184704,0.1802368400199775,0.47553404424454876,0.4601942363656919,3.6309325249253135,2.531068300011308,5.263095429645841,5.332124565100696,-0.9679418771558397,-0.9832816850346964,5.126571139524019,5.075949773523796,-0.3558835427894689,-0.4295146206079794,0.04325072322488288,0.17666490211935693,1.0348776620017197,0.2822812631095756,0.7296754295361286,-0.6162954992451933,0.08983826377800617
-0.31498644,0.41614122,0.95572559,-0.23080879,0.36672512,0.87658621,-0.272300245426616,0.18650147769324996,-0.16243320442762765,0.0,0.0,0.07099526214599594,0.8964660998535156,0.3995553778076172,-0.7007815194702149,0.987422371520996,0.825289010292682,-0.3266161892700197,0.0038349185334830183,0.0076698370669660365,-0.046019022401794,0.0,0.13038723013841708,-0.19184704,0.2454347861429043,0.4525243324262641,0.43871850533529333,3.6662140830466825,2.535670242374965,5.189464351827331,5.2569595064943,-0.948000126913326,-0.9541360500648688,5.2109400828577295,5.16185269764539,-0.2730485802436444,-0.34821363885004075,0.04149145542661603,0.18022364230675006,1.0390194144276277,0.3170111200552182,0.7299187756809085,-0.5998671435202975,0.08295746376679222
-0.31498644,0.41614122,0.95572559,-0.23080879,0.36672512,0.87658621,-0.27306125313255436,0.19008032364756655,-0.16547945099615935,0.0,0.0,0.07061176696777327,0.8960826046752929,0.3857495513916015,-0.7007815194702149,1.0065971304321288,0.816085125565368,-0.27062589324951203,-0.0038349529327125834,-0.0038349529327125834,-0.05368934105797506,0.0,0.026844670528988084,-0.0,0.2531068935590216,0.46019423636569234,0.44792239006260726,3.6662140830466825,2.535670242374965,5.154182793705961,5.22167794837293,-0.8897088569736717,-0.9065826456404142,5.24928960255487,5.201736198130417,-0.18407769454627676,-0.2623107147284447,0.042252463132554374,0.17664479635243346,1.0420656609961594,0.34923666467731773,0.7222589459247647,-0.591114520885609,0.08342296011822829
-0.31498644,0.41614122,0.95572559,-0.23080879,0.36672512,0.87658621,-0.2728252603361321,0.19460901153461968,-0.1662819830333354,0.0,0.0,0.07444671874999975,0.8956991094970702,0.3853660562133788,-0.6980970532226564,1.0065971304321288,0.816085125565368,-0.21962103454589865,0.03451258984914334,0.0,0.0038347322054595083,0.026843125438223217,-0.007669464410921237,-0.0,0.2837701832040769,0.5276893910326605,0.5138835639416897,3.6662140830466825,2.5341362615870793,5.15111483213019,5.220143967585044,-0.8053399136399615,-0.8191457407309324,5.2370177562517854,5.184862409463676,-0.09664078963679579,-0.17487380981896283,0.042016470336132095,0.17211610846538034,1.0428681930333354,0.37195489022262607,0.7091971645600936,-0.5909227724205847,0.09746393412010237
-0.31498644,0.41614122,0.95572559,-0.23080879,0.36672512,0.87658621,-0.27557990317903736,0.19421466756278713,-0.1693197834435426,0.0,0.0,0.08825254516601544,0.8949321191406249,0.381914599609375,-0.6743203521728517,0.9851214004516602,0.816085125565368,-0.16209675781250033,0.05750081984894915,-0.003833387989930091,-0.026833715929509526,0.16866907155691846,-0.15716890758712707,-0.0,0.25683699532530724,0.624330180669456,0.605922411214828,3.6662140830466825,2.532602280799194,5.086687639038993,5.157250755281733,-0.7086991240031661,-0.7240389318820228,5.163386678433275,5.10969735085728,-0.012271846303085532,-0.09203884727313838,0.04477111317903737,0.17251045243721289,1.0459059934435426,0.3883834788948782,0.7001142470076704,-0.5880150139317604,0.11505067513589849
-0.31498644,0.41614122,0.95572559,-0.23080879,0.36672512,0.87658621,-0.277096733744003,0.17940293718116998,-0.1750385911302469,0.0,0.0,0.11816516906738261,0.8945486239624022,0.3635068310546875,-0.6286844259643556,0.9521408151245117,0.8498327028988522,-0.12067927856445326,0.1304346649017436,0.0,-0.1457799195960658,0.2762145844978094,-0.20332462469977702,0.26378967999999997,0.18797937000545595,0.7209709703062513,0.7056311624273945,3.6662140830466825,2.532602280799194,5.0115225804325965,5.0790177350995656,-0.610524353578485,-0.6273981422452275,5.0897556006147635,5.03913423461454,0.05368932757599687,-0.026077673394055978,0.046287943744003024,0.18732218281883004,1.051624801130247,0.39493889994938025,0.6984589471573944,-0.5782718291658666,0.14758067636286354
-0.31498644,0.41614122,0.95572559,-0.23080879,0.36672512,0.87658621,-0.269003387849001,0.14610517143588464,-0.18017325695665687,0.0,0.0,0.1553642013549803,0.892631148071289,0.32745828430175783,-0.5907184033203127,0.9264466381835937,0.8943181457475355,-0.08079578002929733,0.16110355296215104,-0.015343195520204385,-0.20329734064271504,0.20329734064271504,-0.1419245585618953,0.19184704,0.18411834624245704,0.8130098175793898,0.7976700097005329,3.661612140683026,2.531068300011308,4.934823541038314,5.005386657281054,-0.5169515255174608,-0.5338253141842033,5.048338119341851,4.996182772553741,0.11658253987930856,0.03834951969714062,0.03819459784900103,0.22061994856411538,1.056759466956657,0.36994957700534065,0.7044568563006841,-0.5713487694103185,0.2010930923175668
-0.31498644,0.41614122,0.95572559,-0.23080879,0.36672512,0.87658621,-0.24824592676426707,0.10874488049838749,-0.17986774734829736,0.0,0.0,0.18911177703857418,0.8734563891601561,0.3017641073608398,-0.5692426733398439,0.9130243069458008,0.9556773772629614,-0.05165014648437527,0.14956704265036572,-0.10354641414256062,-0.09204125701560907,0.042185576132153464,-0.06903094276170597,0.3597132,0.08820620463995744,0.8989127417009858,0.883572933822129,3.6125247554706856,2.531068300011308,4.905677906068487,4.973173060735456,-0.47400006345666323,-0.4908738521234053,5.043736176978195,4.9931148109779695,0.1610679827279924,0.08590292412159606,0.01743713676426706,0.25798023950161253,1.0564539573482974,0.332782525901793,0.7099820904947642,-0.5650723824750364,0.25666013363024065
-0.31498644,0.41614122,0.95572559,-0.23080879,0.36672512,0.87658621,-0.23065413084100864,0.08765585738918319,-0.17569425405697425,0.0,0.0,0.19946614685058583,0.8531311447143554,0.29869614593505855,-0.5565873324584962,0.9122573165893555,1.0354443782330147,-0.04359674774169964,0.0,-0.08436609354064901,0.0,0.09587056084164705,-0.007669644867332031,0.38369408,0.0038348224336660153,0.966407896367954,0.952602069276983,3.566505331834115,2.531068300011308,4.902609944492716,4.973173060735456,-0.4371845245474075,-0.45405831321415,5.032998311462995,4.979308983887,0.15800002115222078,0.08590292412159606,-0.00015465915899137705,0.2790692626108168,1.0522804640569743,0.2956980901916158,0.7024556622090967,-0.5684492521394645,0.3098130562605358
-0.31498644,0.41614122,0.95572559,-0.23080879,0.36672512,0.87658621,-0.2295562375347813,0.08749019336720076,-0.17431490398105798,0.0,0.0,0.19946614685058583,0.841242794189453,0.29869614593505855,-0.5270582037353517,0.8896311010742187,1.1182793407788392,-0.0708249053955079,0.0,-0.04601954149772153,0.0,0.12655373911873474,-0.18407816599088833,0.43165583999999996,-0.23009770748860983,1.0200972239439514,1.004757416065095,3.5373596968642893,2.531068300011308,4.88727013661386,4.956299272068714,-0.3742913122440963,-0.389631120122953,4.959367233644484,4.907211886856375,0.08897088569736677,0.018407769454627854,-0.0012525524652187148,0.27923492663279925,1.050901113981058,0.268503159903892,0.6818429860796569,-0.5821621443629664,0.3522547843909498
-0.31498644,0.41614122,0.95572559,-0.23080879,0.36672512,0.87658621,-0.22818394717710314,0.08210491141475018,-0.17408537860883044,0.0,0.0,0.21902440093994135,0.8282039581298827,0.2994631362915039,-0.4867912100219728,0.8451456604003906,1.1888424570215788,-0.09997053894042995,0.16490749622246412,-0.10738162544718549,0.00767011610337063,0.2531138314112219,-0.20325807673931393,0.31175144,-0.03835058051685315,1.090660340186691,1.0768545130957197,3.503612119530805,2.5295343192234223,4.9424934449777425,5.013056561220482,-0.28992236891038603,-0.3083301383650139,4.870396347947117,4.8182410011590076,0.04908738521234035,-0.019941750242513656,-0.002624842822896878,0.28462020858524983,1.0506715886088305,0.22627148165060948,0.6685218183025857,-0.5932993945030065,0.3871377319861867
-0.31498644,0.41614122,0.95572559,-0.23080879,0.36672512,0.87658621,-0.2176732041694496,0.06152115635606825,-0.17337313955371203,0.0,0.0,0.24855352966308586,0.8197670642089843,0.30138061218261714,-0.4706844125366212,0.8037281811523438,1.2072502264762064,-0.1252812207031253,0.15722150974013213,0.0,0.011504012907813761,0.0,-0.14188282586304451,-0.09592352,-0.21857624524847366,1.1780972450961724,1.1627574372173157,3.4821363885004057,2.5295343192234223,5.014590542008368,5.088221619826879,-0.30066023442558576,-0.31446606151655665,4.792163327764949,4.74000798097684,0.006135923151542322,-0.06289321230331169,-0.013135585830550411,0.30520396364393176,1.049959349553712,0.17300945533711162,0.6606433353206387,-0.5924020140424533,0.4274084295130633
-0.31498644,0.41614122,0.95572559,-0.23080879,0.36672512,0.87658621,-0.20127854412673277,0.03986018627763843,-0.16950944261001066,0.0,0.0,0.26312634643554667,0.8224515304565428,0.3117349819946289,-0.4706844125366212,0.7788009945678711,1.2026482841125494,-0.14138801818847702,0.026842541377965018,0.019173243841404057,0.04218113645109026,0.0,-0.07285832659733742,0.14388528,0.007669297536562068,1.1826991874598294,1.168893360368858,3.4836703692882907,2.5295343192234223,5.065211908008594,5.1403769666149906,-0.36662140830466816,-0.38042723539563905,4.749211865704151,4.695522538128156,0.012271846303084644,-0.0659611738790824,-0.029530245873267247,0.3268649337223616,1.0460956526100107,0.13460754563943314,0.6662152506030361,-0.5846180534935784,0.4430121669325136
-0.31498644,0.41614122,0.95572559,-0.23080879,0.36672512,0.87658621,-0.19709855432185566,0.02866309341360118,-0.17053536916611234,0.0,0.0,0.2623593560791013,0.8186165786743163,0.32323983734130857,-0.47720383056640636,0.7634611874389649,1.268609457991632,-0.11914529785156258,0.0,-0.003835325266201126,0.03835325266201015,-0.05752987899301467,-0.07287118005781806,0.40767496,0.03835325266201126,1.0461748973380074,1.030835089459151,3.4836703692882907,2.5295343192234223,5.059075984857051,5.129639101099792,-0.46786414030512047,-0.48013598660820556,4.660240980006784,4.606551652430788,0.04295146206079803,-0.035281558121369905,-0.03371023567814435,0.33806202658639883,1.0471215791661124,0.12209087860931953,0.6687704216508704,-0.5774151446788542,0.4521412292423898
-0.31498644,0.41614122,0.95572559,-0.23080879,0.36672512,0.87658621,-0.19901961275515315,0.029636899517238968,-0.17019418011826726,0.0,0.0,0.2623593560791013,0.8197670642089843,0.3228563421630859,-0.47758732574462903,0.7116893383789062,1.3391725742343716,-0.08808218841552762,0.0,0.0,-0.003835114199313044,-0.003835114199313044,-0.28379845074915416,0.26378967999999997,0.16490991057045645,0.9771457618831535,0.9618059540042969,3.4836703692882907,2.5295343192234223,5.039134234614538,5.109697350857278,-0.4034369472139234,-0.4172427743048943,4.572804075097302,4.522182709097079,0.07516505860639633,-0.003067961575771605,-0.03178917724484687,0.33708822048276105,1.0467803901182673,0.10088013043982459,0.6473935260738569,-0.5838615444581355,0.4793855635947571
-0.31498644,0.41614122,0.95572559,-0.23080879,0.36672512,0.87658621,-0.18817814442638695,0.017079124126529677,-0.16801702030923582,0.0,0.0,0.262742851257324,0.8028932763671874,0.3224728469848632,-0.4580290716552736,0.6798592385864257,1.3698521899920844,-0.02864043579101594,0.0,-0.15347185134687907,0.0038367962836721157,0.1880030178999259,-0.15347185134688018,0.07194264,0.341474869246805,0.9572040116406402,0.9418642037617833,3.437650945651722,2.5295343192234223,5.046804138553966,5.120435216372478,-0.3144660615165562,-0.3298058693954129,4.489969112551478,4.434745804187596,0.14726215563702105,0.07056311624273981,-0.04263064557361307,0.34964599587347034,1.0446032303092359,0.07963814373791363,0.645871971021467,-0.5669598266691906,0.5050383332521065
-0.31498644,0.41614122,0.95572559,-0.23080879,0.36672512,0.87658621,-0.18537037170038853,0.011000529243625767,-0.16864872793525543,0.0,0.0,0.2562234332275388,0.7622427874755858,0.32208935180664056,-0.42083003936767593,0.6445776821899414,1.4373473446590526,0.021213937377929426,-0.06136397133696967,-0.1917624104280305,-0.003835248208560743,0.18792716221946976,-0.16108042475954565,0.50359848,0.24929113355644386,0.9572040116406402,0.9418642037617833,3.339476175227041,2.5295343192234223,5.045270157766081,5.117367254796706,-0.22549517581918943,-0.24236896448593148,4.434745804187595,4.381056476611599,0.23623304133438872,0.1610679827279924,-0.04543841829961148,0.35572459075637425,1.0452349379352555,0.07758526714874828,0.635563618846691,-0.5463391395082898,0.5399564402443008
-0.31498644,0.41614122,0.95572559,-0.23080879,0.36672512,0.87658621,-0.18595240596474064,0.013642891502833154,-0.16521599440459334,0.0,0.0,0.24356809234619137,0.7277282214355468,0.32093886627197266,-0.37634459869384784,0.6211844763183594,1.533988134295848,0.031951802368164195,-0.1035462836708198,-0.16490704436463935,-0.003835047543363861,0.2377729476885505,-0.19558742471155025,0.45563672,0.053690665607094054,0.9295923574586986,0.9127185687919566,3.247437327953902,2.528000338435537,4.979308983886998,5.051406080917624,-0.1349903093339364,-0.1487961364249073,4.382590457399483,4.328901129823487,0.28225246497095746,0.20862138715244694,-0.04485638403525938,0.35308222849716686,1.0418022044045934,0.04664615551028824,0.5934157891529699,-0.5329912995602599,0.6013336111952609
-0.31498644,0.41614122,0.95572559,-0.23080879,0.36672512,0.87658621,-0.18881287243579217,0.02014321999533586,-0.16175515489250303,0.0,0.0,0.22784479003906233,0.6886117132568358,0.3102010012817382,-0.3261067303466798,0.5809174826049804,1.6720464052055557,0.01009257720947243,-0.06902891878071941,-0.20708675634215823,-0.053689159051671265,0.21859157613894406,-0.20708675634215712,0.45563672,-0.19941687647763137,0.8958447801252145,0.8789709914584725,3.152330519104993,2.528000338435537,4.945561406553514,5.02072646515991,-0.039883500485026424,-0.053689327575997314,4.307425398793087,4.255270052004976,0.21629129109187506,0.14266021327336453,-0.04199591756420784,0.34658190000466416,1.038341364892503,0.008594340038120056,0.5480725053728418,-0.5287650170805398,0.6480356648252177
-0.31498644,0.41614122,0.95572559,-0.23080879,0.36672512,0.87658621,-0.1826012249019893,0.027682729889406177,-0.1509658590625974,0.0,0.0,0.2255438189697263,0.6567816134643554,0.3017641073608398,-0.3015630389404298,0.5448689358520508,1.7042600017511542,-0.013300628662110014,0.0,-0.14960962565897196,-0.03836144247665979,0.07288674070565349,-0.1994795008786289,0.04796176,-0.01918072123833489,0.8835729338221293,0.8682331259432727,3.064893614195512,2.5034566458293668,4.90107596370483,4.9762410223112274,-0.009203884727313927,-0.021475731030399015,4.227658397823033,4.172435089459151,0.18561167533416256,0.11198059751565204,-0.04820756509801072,0.33904239011059384,1.0275520690625974,-0.04815343124802101,0.504609653473374,-0.5270820957701398,0.6820812334312394
-0.31498644,0.41614122,0.95572559,-0.23080879,0.36672512,0.87658621,-0.17233406900467577,0.0326007661504073,-0.13907964880069523,0.0,0.0,0.22170886718749983,0.6356893786621093,0.2810553677368164,-0.2992620678710939,0.5069029132080078,1.6935221362359547,-0.040145291137695605,-0.03835127584474953,-0.06519716893607576,-0.1342294654566267,0.0,-0.17258074130137624,-0.19184704,-0.23777791023745642,0.8421554525492171,0.8252816638824747,3.020408171346828,2.3224469128588607,4.867328386371346,4.939425483401972,-0.08436894333371026,-0.09664078963679534,4.152493339216637,4.098804011640642,0.1365242901218222,0.06289321230331169,-0.05847472099532425,0.3341243538495927,1.0156658588006953,-0.08709870803496081,0.4862721008602911,-0.5259956251541594,0.6923018570697644
-0.31498644,0.41614122,0.95572559,-0.23080879,0.36672512,0.87658621,-0.15351250945971953,0.03724246192488906,-0.12377335640547893,0.0,0.0,0.20521857452392567,0.6149806390380859,0.27415245452880854,-0.2992620678710939,0.47430582305908203,1.5830755195081885,-0.07312587646484392,-0.0767026744194063,-0.16107561628075234,-0.003835133720970426,0.0,-0.1534053488388115,-0.62350288,-0.10738374418716748,0.7700583555185919,0.7547185476397349,2.9835926324375723,2.06934008285773,4.888804117401746,4.959367233644485,-0.08283496254582445,-0.09664078963679534,4.069658376670812,4.017503029882702,0.09050486648525258,0.013805827090970446,-0.07729628054028048,0.32948265807511096,1.000359566405479,-0.11658402897833593,0.49490972820133117,-0.526687896862831,0.6812285845566604
-0.31498644,0.41614122,0.95572559,-0.23080879,0.36672512,0.87658621,-0.146660781460927,0.04959189889594856,-0.11206891889469317,0.0,0.0,0.17300497955322247,0.6030922885131835,0.2760699304199219,-0.2892911932373048,0.4420922280883789,1.457289094901566,-0.1091744232177736,-0.18413764813061234,-0.011508603008162577,0.007672402005442458,0.003836201002721229,-0.11892223108435365,-0.599522,-0.2608616681850347,0.7286408742456796,0.7117670855789369,2.9559809782556314,1.9788352163724772,4.925619656311,4.997716753341626,-0.0674951546669682,-0.07976700097005329,3.9837554525492163,3.9300661249732207,0.029145634969826695,-0.04295146206079803,-0.084148008539073,0.31713322110405145,0.9886551288946932,-0.1124397056901351,0.5346174899962989,-0.5426298580620785,0.6380394103140508
-0.31498644,0.41614122,0.95572559,-0.23080879,0.36672512,0.87658621,-0.14798243955538362,0.06412968578347494,-0.10531516197833934,0.0,0.0,0.16111662902832014,0.5981068511962889,0.2829728436279296,-0.2866067269897462,0.42866989685058593,1.4066677289013398,-0.16132976745605498,0.003835161297088363,-0.019175806485441815,0.02301096778252907,0.02301096778253018,-0.04218677426797033,-0.04796176,-0.28380193598453,0.7792622402459057,0.7654564131549346,2.9467770935283166,1.9788352163724772,4.90107596370483,4.9762410223112274,-0.053689327575997314,-0.0674951546669682,3.913192336306477,3.859503008730481,-0.04908738521234035,-0.12118448224296596,-0.08282635044461639,0.30259543421652507,0.9819013719783394,-0.0967115252389215,0.5768878240473528,-0.5603751471373014,0.5863676439084268
-0.31498644,0.41614122,0.95572559,-0.23080879,0.36672512,0.87658621,-0.149882441420398,0.07253028763992408,-0.10200314946296274,0.0,0.0,0.1676360470581053,0.5854515103149414,0.2810553677368164,-0.2635970162963869,0.38034950439453125,1.4496191909621376,-0.20965015991210967,0.061359330985707776,-0.061359330985707776,-0.015339832746426389,0.0,-0.23393244938301105,0.45563672,-0.2646121148758655,0.8728350683069299,0.857495260428073,2.914563496982719,1.9773012355845914,4.8550565400682615,4.927153637098887,-0.04908738521234035,-0.05982525072754008,3.831891354548538,3.7782020269725423,-0.12578642460662248,-0.199417502425133,-0.08092634857960201,0.29419483236007593,0.9785893594629628,-0.09941553559556456,0.5908448492049697,-0.5778960026195686,0.5541255504003828
-0.31498644,0.41614122,0.95572559,-0.23080879,0.36672512,0.87658621,-0.1334578786755343,0.07079603767171105,-0.09412144868890338,0.0,0.0,0.1787574072265623,0.5873689862060546,0.27798740631103513,-0.2635970162963869,0.36961163940429687,1.5171143456291059,-0.2614220089721684,0.053688558815437326,0.0191744852912273,-0.007669794116491364,0.0,0.03834897058245516,0.26378967999999997,-0.27227769113543454,0.8912428377615575,0.8759030298827009,2.917631458558489,1.9773012355845914,4.8811342134623175,4.953231310492942,-0.1349903093339364,-0.1472621556370215,3.8349593161243094,3.781269988548313,-0.21322332951610434,-0.28378644575884326,-0.09735091132446572,0.29592908232828896,0.9707076586889034,-0.14947844413177322,0.5741123807295236,-0.5773014111436857,0.5610474576402001
-0.31498644,0.41614122,0.95572559,-0.23080879,0.36672512,0.87658621,-0.12487601077149382,0.06889073669665557,-0.09145977694326235,0.0,0.0,0.17990789276123031,0.6034757836914062,0.28143886291503906,-0.26896594879150404,0.40949513793945314,1.5370560958716193,-0.3070579351806644,-0.003833390633891051,0.099668156481164,0.0306671250711273,-0.0536674688744725,0.27983751627403675,-0.0,-0.19166953169454368,0.8068738944278473,0.7930680673368764,2.962116901407173,1.9773012355845914,4.951697329705056,5.023794426735682,-0.2270291566070748,-0.24390294527381684,3.926998163397448,3.8733088358214522,-0.2899223689103865,-0.3620194659410112,-0.10593277922850619,0.29783438330334444,0.9680459869432624,-0.1865634559378931,0.5490401777783122,-0.5836920745641985,0.5683770950562764
-0.31498644,0.41614122,0.95572559,-0.23080879,0.36672512,0.87658621,-0.13605036979708965,0.07042081842721387,-0.09766020616977211,0.0,0.0,0.17990789276123031,0.6218835522460937,0.3040650784301757,-0.29964556304931655,0.4436262088012695,1.5477939613868188,-0.3584462890625004,0.003835851481191617,0.06137362369906365,0.13425480184170102,-0.15343405924765913,0.1572699107288502,0.14388528,-0.26850960368340426,0.7163690279425945,0.701029220063738,3.0004664211043135,1.9819031779482483,5.019192484372025,5.095891523766308,-0.32520392703175593,-0.337475773334841,4.020570991458472,3.9668816638824755,-0.37429131224409673,-0.44945637085049306,-0.09475842020291037,0.29630430157278614,0.9742464161697721,-0.18314304033899564,0.5362214304116761,-0.6036832868672372,0.5607955897649466
-0.31498644,0.41614122,0.95572559,-0.23080879,0.36672512,0.87658621,-0.15423480456252006,0.07545296634048615,-0.10586100069839,0.0,0.0,0.16188361938476548,0.6218835522460937,0.31978838073730464,-0.32457274963378924,0.46778640502929686,1.584609500296074,-0.3845239611816411,-0.17634033356823517,0.0,0.04600182614823478,-0.07283622473470637,0.042168340635882255,0.14388528,-0.04216834063588392,0.628932123033113,0.6120583343663704,3.0020004018922,1.9834371587361341,5.1066293892815064,5.184862409463674,-0.37889325460775325,-0.39269908169872414,4.08806614612544,4.034376818549443,-0.41570879351700896,-0.4908738521234053,-0.07657398543747995,0.29127215365951387,0.98244721069839,-0.17014990882076209,0.5335516317992278,-0.6298326413031635,0.538221616698687
-0.31498644,0.41614122,0.95572559,-0.23080879,0.36672512,0.87658621,-0.17317251622472132,0.09272194760752672,-0.10931320539137923,0.0,0.0,0.12008264495849597,0.6161311245727538,0.3474000335693359,-0.35026692657470715,0.48466019287109374,1.6045512505385875,-0.4090676525878907,-0.2147656692228161,-0.019175506180609373,0.16490935315323507,-0.1687444543893558,0.10354773337528674,0.07194264,-0.19175506180608484,0.5522330836388308,0.536893275759974,2.986660594013344,1.9773012355845914,5.200202217342531,5.279969218312584,-0.4371845245474075,-0.4509903516383784,4.134085569762009,4.081930222973899,-0.4555922940020354,-0.5338253141842033,-0.05763627377527869,0.2740031723924733,0.9858994153913793,-0.16220511973338408,0.5199301509382684,-0.6542825465689892,0.5246679774226619
-0.31498644,0.41614122,0.95572559,-0.23080879,0.36672512,0.87658621,-0.20124102450858652,0.12385191320695232,-0.11382067106458305,0.0,0.0,0.09937390533447243,0.5935049090576171,0.3792301333618163,-0.37979605529785165,0.5249271865844727,1.6091531929022445,-0.4278589163208011,-0.10356107670440054,-0.14958822190635399,0.08438309953691743,-0.11123226757139111,0.2416425123102642,-0.0,-0.05753393150244598,0.48780589054763385,0.47400006345666323,2.9206994201342606,1.9773012355845914,5.2538915449185275,5.3305905843128105,-0.5016117176386046,-0.5154175447295755,4.198512762853206,4.14482343527721,-0.4908738521234053,-0.5675728915176874,-0.02956776549141349,0.2428732067930477,0.9904068810645831,0.14301232588271803,-0.5123623334051141,0.6852179725178397,-0.49750240611661684
-0.31498644,0.41614122,0.95572559,-0.23080879,0.36672512,0.87658621,-0.23002433714007622,0.1586790202135344,-0.11937706512134438,0.0,0.0,0.07674768981933577,0.5758641308593749,0.37884663818359376,-0.39705333831787126,0.525694176940918,1.6045512505385875,-0.4650579486083988,-0.11119053965474017,-0.026839095778730348,-0.0038341565398176693,-0.057512348097279474,-0.04600987847782313,-0.07194264,-0.2875617404863996,0.4770680250324344,0.4632621979414635,2.880815919649235,1.9773012355845914,5.290707083827783,5.372008065585723,-0.5062136600022615,-0.5154175447295755,4.221522474671491,4.16629916630761,-0.5522330836388312,-0.6273981422452275,-0.0007844528599237899,0.20804609978646563,0.9959632751213444,0.11748345523930323,-0.4977432365899475,0.7190811468448829,-0.47050144784713066
-0.31498644,0.41614122,0.95572559,-0.23080879,0.36672512,0.87658621,-0.2317317807777183,0.18112986238198614,-0.11384915598012435,0.0,0.0,0.07828167053222645,0.5820000537109374,0.3968709115600586,-0.39705333831787126,0.5130388360595703,1.5539298845383613,-0.4769462991333011,0.015338845996816652,0.03451240349283636,0.07669422998408104,0.0,-0.0997024989793038,-0.28777056,0.02300826899522498,0.526155410244775,0.5123495831538039,2.88234990043712,1.9773012355845914,5.329056603524924,5.407289623707093,-0.4786020058203202,-0.4924078329112911,4.164765185519722,4.108007896367955,-0.5430291989115172,-0.6227961998815701,0.0009229907777182911,0.18559525761801388,0.9904353659801244,0.12220762179126266,-0.4966211202264019,0.7381496569980632,-0.43996345756760186
-0.31498644,0.41614122,0.95572559,-0.23080879,0.36672512,0.87658621,-0.2355081177719959,0.1773680156128667,-0.11700513847933147,0.0,0.0,0.08403409820556629,0.5885194717407226,0.3880505224609375,-0.39743683349609393,0.4746893182373047,1.4772308451440792,-0.4596890161132814,0.0,0.06519354987622443,-0.09587286746503476,-0.0038349146986015677,-0.19558064962867275,-0.43165583999999996,0.011504744095804703,0.5491651220630596,0.5353592949720882,2.9114955354069476,1.9773012355845914,5.292241064615668,5.372008065585723,-0.49240783291129064,-0.5016117176386046,4.07732828061024,4.023638953034245,-0.5138835639416897,-0.5936505649117434,0.004699327771995887,0.18935710438713332,0.9935913484793315,0.10904351495232853,-0.5170829924868214,0.7350870880917941,-0.42471362545654434
-0.31498644,0.41614122,0.95572559,-0.23080879,0.36672512,0.87658621,-0.2199034790921031,0.16000773325677187,-0.11052312717747792,0.0,0.0,0.08786904998779277,0.6007913174438476,0.36925925872802734,-0.39705333831787126,0.4482281509399414,1.3943958825982548,-0.4497181414794924,0.03450474736912675,0.01533544327516843,-0.10351424210738247,0.0,-0.11501582456375935,-0.38369408,0.09201265965100615,0.5200194870932324,0.5062136600022615,2.934505247225232,1.9773012355845914,5.204804159706187,5.284571160676241,-0.4632621979414635,-0.47553404424454904,4.012901087519044,3.9561437983672767,-0.4924078329112911,-0.5721748338813439,-0.010905310907896926,0.20671738674322815,0.987109337177478,0.10533985124147478,-0.5568422301280979,0.7119578595825221,-0.41466402383744866
-0.31498644,0.41614122,0.95572559,-0.23080879,0.36672512,0.87658621,-0.20108856259397437,0.14268541281768665,-0.10454776831135759,0.0,0.0,0.08403409820556629,0.5946553945922851,0.33321071197509766,-0.39705333831787126,0.44055824737548827,1.3253667471434007,-0.4412812475585941,-0.034513570323534276,-0.030678729176475773,-0.18407237505885465,0.0,-0.019174205735297496,-0.28777056,0.0038348411470596104,0.44178646691106466,0.4295146206079794,2.926835343285804,1.9773012355845914,5.114299293220935,5.189464351827332,-0.4203107358806655,-0.42644665903220824,3.9837554525492163,3.926998163397449,-0.48473792897186296,-0.5614369683661451,-0.029720227406025646,0.22403970718231336,0.9811339783113576,0.1013863146583874,-0.5972755806002699,0.6896834302456302,-0.39663517502009554
-0.31498644,0.41614122,0.95572559,-0.23080879,0.36672512,0.87658621,-0.18002174598345758,0.13883456429433078,-0.09369594411335125,0.0,0.0,0.07674768981933577,0.5770146163940428,0.31326896270751947,-0.3771115890502931,0.43825727630615235,1.273211400355289,-0.4412812475585941,-0.0038349323391197437,-0.12271783485182736,-0.0805335791215124,0.19174661695598053,0.0,-0.21582791999999998,0.0,0.41264083194123746,0.4003689856381518,2.8792819388613484,1.9773012355845914,5.026862388311453,5.103561427705736,-0.3482136388500403,-0.36048548515312584,3.980687490973445,3.9254641826095633,-0.4908738521234053,-0.5706408530934581,-0.05078704401654244,0.22789055570566924,0.9702821541133513,0.10282164780883116,-0.6233364473787625,0.6782172561584457,-0.37536746737032134
-0.31498644,0.41614122,0.95572559,-0.23080879,0.36672512,0.87658621,-0.171198812001394,0.1438905296304525,-0.08682815145882317,0.0,0.0,0.07176225250244128,0.5616748092651367,0.29984663146972657,-0.3567863446044923,0.4413252377319336,1.2118521688398634,-0.4412812475585941,-0.049858099563306287,-0.015340953711786122,-0.07286953013098602,0.015340953711787233,0.023011430567680295,-0.33573232,0.0,0.4341165629716364,0.4187767550927797,2.8440003807399794,1.9773012355845914,4.9363575218262,5.014590542008368,-0.3067961575771281,-0.32060198466809897,3.986823414124988,3.9316001057611065,-0.48473792897186296,-0.5645049299419158,-0.05960997799860601,0.2228345903695475,0.9634143614588232,0.10389235920151454,-0.6315739684526225,0.6769331518926006,-0.36343115983814384
-0.31498644,0.41614122,0.95572559,-0.23080879,0.36672512,0.87658621,-0.1618518287931349,0.1454457119777994,-0.0811979645526465,0.0,0.0,0.07828167053222645,0.5632087899780273,0.2645650750732421,-0.33684459533691424,0.47814077484130857,1.1305511870819243,-0.45432008361816445,0.0613645494357066,-0.0038352843397318013,-0.1495760892495347,0.09588210849329058,0.18792893264685104,-0.43165583999999996,-0.126564383211145,0.5353592949720888,0.5215534678811178,2.8455343615278643,1.9773012355845914,4.798299250916492,4.8719303287350035,-0.2607767339405589,-0.2730485802436444,4.086532165337554,4.029774876185787,-0.5031456984264908,-0.5844466801844295,-0.06895696120686512,0.2212794080222006,0.9577841745526465,0.09252057400357937,-0.6533274180382961,0.6706883930698492,-0.33879242557478334
-0.31498644,0.41614122,0.95572559,-0.23080879,0.36672512,0.87658621,-0.15345068926940433,0.14251700055255911,-0.07880728026974715,0.0,0.0,0.09822341979980465,0.5662767514038085,0.24117186920166014,-0.32687372070312515,0.5187912637329102,1.0569201092634137,-0.4769462991333011,0.12267175589378129,0.030667938973445323,-0.1073377864070589,0.030667938973445323,0.2338430346725207,-0.31175144,-0.11500477115041968,0.6227961998815703,0.6074563920027138,2.8593401886188357,1.9773012355845914,4.706260403643354,4.779891481461865,-0.2270291566070748,-0.24083498369804568,4.173969070247036,4.118745761883154,-0.5476311412751738,-0.6273981422452275,-0.07735810073059568,0.2242081194474409,0.9553934902697472,-0.08055197497056069,0.669060401554636,-0.6676230878999444,0.31646322203825594
-0.31498644,0.41614122,0.95572559,-0.23080879,0.36672512,0.87658621,-0.14487462101467444,0.13529614503519888,-0.07812445853555305,0.0,0.0,0.12391759674072245,0.584684519958496,0.2281330331420898,-0.321504788208008,0.5414174792480468,1.029308455081472,-0.5053249423217778,0.1227225731463534,0.09204192985976505,-0.05752620616235357,0.01534032164329362,0.09204192985976505,-0.0,-0.14189797520047182,0.6994952392758524,0.684155431396996,2.900757669891748,1.9773012355845914,4.631095345036957,4.704726422855469,-0.2270291566070748,-0.23930100291016032,4.242998205701889,4.187774897338008,-0.5936505649117434,-0.6734175658817962,-0.08593416898532558,0.23142897496480114,0.9547106685355531,-0.07591553500664631,0.6789093823942223,-0.6656118107045916,0.30046597060616576
-0.31498644,0.41614122,0.95572559,-0.23080879,0.36672512,0.87658621,-0.13560156469354825,0.12063741844329523,-0.08085317343331033,0.0,0.0,0.13925740386962882,0.5915874331665039,0.21394371154785155,-0.321504788208008,0.5644271899414063,1.0906676865968978,-0.5647666949462895,0.007670026131470988,0.03068010452588284,-0.0728652482489716,0.0,0.09971033970911951,0.45563672,-0.27995595379868216,0.6994952392758524,0.684155431396996,2.916097477770604,1.9773012355845914,4.634163306612729,4.70779438443124,-0.3021942152134711,-0.31446606151655665,4.322765206671943,4.267541898308062,-0.6688156235181397,-0.7501166052760784,-0.09520722530645176,0.24608770155670479,0.9574393834333104,-0.09279317202231757,0.674739288382164,-0.6647172359072675,0.30702982954001323
-0.31498644,0.41614122,0.95572559,-0.23080879,0.36672512,0.87658621,-0.12832974071944772,0.12045667016355885,-0.08059596021137005,0.0,0.0,0.13887390869140614,0.5923544235229491,0.21586118743896485,-0.34413100372314465,0.6135145727539062,1.1842405146579218,-0.6207569909667972,0.0,0.007668934594566273,0.0383446729728358,-0.17638549567504314,0.3067573837826831,0.45563672,-0.3029229164854027,0.624330180669456,0.6105243535784846,2.9237673817100323,1.9773012355845914,4.727736134673753,4.801367212492264,-0.3957670432744953,-0.40803888957758083,4.419405996308739,4.364182687944856,-0.7669903939428204,-0.8498253564886449,-0.10247904928055229,0.24626844983644117,0.9571821702113701,0.13328995201174015,-0.6414100613231803,0.6838020347100452,-0.3213124635810202
-0.31498644,0.41614122,0.95572559,-0.23080879,0.36672512,0.87658621,-0.1398448373817525,0.13683875333072756,-0.08363455340503101,0.0,0.0,0.12353410156249978,0.6115291824340819,0.2361864318847656,-0.391684405822754,0.656082537536621,1.2762793619310604,-0.6694608786010745,-0.14572822893046644,0.1840777628595355,0.057524300893604705,-0.22242729678860457,0.19558262303825577,0.40767496,-0.2262622501815117,0.5660389107298016,0.5506991028509454,2.9651848629829445,1.9773012355845914,4.812105078007463,4.885736155825974,-0.49394181369917645,-0.5046796792143762,4.512978824369762,4.459289496793767,-0.8636311835796162,-0.9418642037617833,-0.09096395261824752,0.22988636666927245,0.960220763405031,0.14594417482718014,-0.6035604864541182,0.715315759934411,-0.32052831484088545
-0.31498644,0.41614122,0.95572559,-0.23080879,0.36672512,0.87658621,-0.1586848326939945,0.15544333925548132,-0.0911580779337472,0.0,0.0,0.11317973175048812,0.6241845233154296,0.26188060882568354,-0.406257222595215,0.668354383239746,1.3698521899920844,-0.6909366085815432,-0.0038354755164084686,-0.03068380413126664,0.1610899716891493,-0.0038354755164084686,0.0,0.43165583999999996,-0.11122878997584115,0.5660389107298016,0.5522330836388303,3.0096703058316283,1.9819031779482483,4.884202175038088,4.959367233644485,-0.4847379289718625,-0.4970097752749476,4.529852613036505,4.471561343096852,-0.9234564343071563,-1.0001554737014384,-0.07212395730600552,0.2112817807445187,0.9677442879337472,0.14210751781440534,-0.5783105057719647,0.7442473152000885,-0.30242080965413587
-0.31498644,0.41614122,0.95572559,-0.23080879,0.36672512,0.87658621,-0.17613720153307824,0.1659282580667269,-0.09987725217928112,0.0,0.0,0.11356322692871079,0.6272524847412109,0.2799048822021484,-0.406257222595215,0.6441941870117187,1.4542211333257946,-0.6913201037597658,0.003835699014751767,0.0115070970442553,0.06137118423602605,0.0,-0.18411355270807814,0.38369408,0.0,0.6565437772150544,0.6412039693361979,3.0096703058316283,1.9819031779482483,4.934823541038314,5.0099885996447115,-0.4049709280018092,-0.4172427743048943,4.466959400733193,4.40866813079354,-0.9357282806102409,-1.0139613007924089,-0.05467158846692177,0.20079686193327312,0.9764634621792811,0.14419739418368613,-0.5494668034803845,0.7629473023524078,-0.3085526814287421
-0.31498644,0.41614122,0.95572559,-0.23080879,0.36672512,0.87658621,-0.18141907052921072,0.16422684397581613,-0.10299027734357646,0.0,0.0,0.12660206298828114,0.6222670474243163,0.28028837738037105,-0.40587372741699235,0.6422767111206055,1.4035997673255685,-0.7001404928588868,0.1265709097731711,-0.01150644634301596,0.0,0.0,0.08054512440110838,-0.38369408,-0.08821608862978457,0.743980682124536,0.7301748550335647,3.003534382680085,1.9788352163724772,4.939425483401971,5.014590542008368,-0.3712233506683251,-0.3834951969714102,4.48229920861205,4.424007938672396,-0.9556700308527546,-1.0323690702470367,-0.049389719470789295,0.20249827602418388,0.9795764873435765,0.15595747162451726,-0.5334148117722368,0.765258917635088,-0.32484564735648
-0.31498644,0.41614122,0.95572559,-0.23080879,0.36672512,0.87658621,-0.17595740390575867,0.15796935621498145,-0.100673436905094,0.0,0.0,0.14884478332519513,0.6422087966918945,0.2768369207763671,-0.40203877563476575,0.6844611807250977,1.3130949008403157,-0.7377230203247072,0.09204952512082672,0.1534158752013797,-0.030683175040275942,0.0383539688003452,0.21094682840189696,-0.4796176,-0.22245301904199974,0.8114758367915043,0.7946020481247622,3.0510877871045405,1.9834371587361341,4.86272644400769,4.9363575218262,-0.316000042304442,-0.3313398501832987,4.571270094309417,4.5160467859455355,-1.0246991663076086,-1.1029321864897756,-0.05485138609424134,0.20875576378501856,0.977259646905094,0.14988312548640054,-0.5552414010731485,0.7575805040691713,-0.3087293557196263
-0.31498644,0.41614122,0.95572559,-0.23080879,0.36672512,0.87658621,-0.17290808981817,0.14492215838401964,-0.10591278479445465,0.0,0.0,0.1565146868896483,0.6732719061279296,0.25306021972656245,-0.3656067337036134,0.7139903094482422,1.290085189022031,-0.7572812744140629,0.02301201097397718,0.11506005486988256,-0.14574273616851657,0.17259008230482217,0.16491941198016424,0.14388528,-0.00767067032465906,0.8130098175793898,0.7992039904884187,3.127786826498822,1.9834371587361341,4.775289539098208,4.847386636128833,-0.2285631373949606,-0.24390294527381684,4.649503114491584,4.595813786915588,-1.0461748973380072,-1.1290098598838316,-0.05790070018183002,0.22180296161598037,0.9824989947944547,0.13253355891629653,-0.5835787542717175,0.7508458425793941,-0.2794659442667221
-0.31498644,0.41614122,0.95572559,-0.23080879,0.36672512,0.87658621,-0.16559402679953097,0.12731497729199753,-0.11273925680562591,0.0,0.0,0.1565146868896483,0.6878447229003906,0.23273497528076167,-0.34796595550537124,0.7205097274780273,1.3683182092041988,-0.7465434094238286,0.0,0.0536963264151729,-0.06520268207556756,0.08437994150955758,-0.011506355660393559,0.45563672,0.09205084528315291,0.7593204900033924,0.743980682124536,3.178408192499049,1.9849711395240195,4.735406038613181,4.809037116431693,-0.1687378866674205,-0.1810097329705056,4.667910883946212,4.60961961400656,-0.9970875121256668,-1.081456455459377,-0.06521476320046904,0.23941014270800248,0.9893254668056259,0.13356296704779094,-0.5908157831111581,0.7429771714000796,-0.2847500079692297
-0.31498644,0.41614122,0.95572559,-0.23080879,0.36672512,0.87658621,-0.16096433334645913,0.12138552223817262,-0.11533965336473673,0.0,0.0,0.1565146868896483,0.707402976989746,0.23235148010253906,-0.3433640133666993,0.7312475924682618,1.4005318057497973,-0.7350385540771489,0.0038348430644258268,0.13038466419047257,0.0,0.030678744515405504,0.12271497806162202,-0.02398088,0.007669686128847213,0.7715923363064775,0.7562525284276207,3.230563539287161,1.9849711395240195,4.703192442067582,4.7768235198860935,-0.15186409800067846,-0.16566992509164935,4.698590499703926,4.641833210552159,-0.9924855697620103,-1.0753205323078348,-0.06984445665354089,0.2453395977618274,0.9919258633647368,0.1495244903575559,-0.5647578442703288,0.7470479910130255,-0.31719127232924743
-0.31498644,0.41614122,0.95572559,-0.23080879,0.36672512,0.87658621,-0.1643733223294477,0.11552054948021051,-0.12132378834158941,0.0,0.0,0.15728167724609365,0.7219757937622069,0.22276410064697263,-0.3410630422973634,0.7791844897460938,1.3284347087191721,-0.7526793322753909,0.007665403665885385,0.07665403665885052,-0.05749052749413817,0.007665403665885385,0.25679102280715155,-0.45563672,-0.14564266965181788,0.8559612796401879,0.840621471761331,3.278116943711616,1.9849711395240195,4.606551652430787,4.680182730249299,-0.12425244381873668,-0.13959225169759337,4.7952312893407205,4.74000798097684,-1.0415729549743507,-1.1198059751565177,-0.0664354676705523,0.2512045705197895,0.9979099983415894,0.14528763941315498,-0.5587836531927934,0.746059010821314,-0.33173526060790026
-0.31498644,0.41614122,0.95572559,-0.23080879,0.36672512,0.87658621,-0.16608860827453434,0.1142600927031519,-0.12599144757478886,0.0,0.0,0.16955352294921866,0.7423010382080077,0.21432720672607422,-0.33032517730712907,0.7975922583007813,1.2931531505978024,-0.7714705960083013,0.12273603405868762,0.053697014900676666,-0.011506503193001824,0.08054552235101332,0.011506503193002381,-0.0,-0.06520351809368015,0.9280583766708129,0.9111845880040708,3.3302722904997264,1.9849711395240195,4.5267846514607335,4.600415729279245,-0.08436894333371026,-0.1012427320004523,4.835114789825747,4.776823519886095,-1.0783884938836064,-1.1535535524900018,-0.06472018172546568,0.2524650272968481,1.002577657574789,0.12157049749374149,-0.5826060383633095,0.7432616340553442,-0.30553716884057486
-0.31498644,0.41614122,0.95572559,-0.23080879,0.36672512,0.87658621,-0.1602180040229844,0.10131837254260423,-0.1307605105555142,0.0,0.0,0.19524769989013668,0.7622427874755858,0.1932349719238281,-0.3287911965942384,0.8144660461425781,1.3453084973859142,-0.7760725381469729,0.08436872744347937,0.1725723970434784,-0.17640733920000057,0.0,0.15339768626087005,0.40767496,-0.0038349421565218905,1.0016894544893238,0.9878836273983529,3.3808936564999534,1.9849711395240195,4.476163285460508,4.549794363279019,-0.09510680884890954,-0.10891263593988043,4.884202175038087,4.827444885886321,-1.0829904362472629,-1.159689475641545,-0.07059078597701562,0.2654067474573958,1.0073467205555142,0.1191753794799739,-0.5971110253575075,0.7349814798173407,-0.29842566352078753
-0.31498644,0.41614122,0.95572559,-0.23080879,0.36672512,0.87658621,-0.1466300322881157,0.08653476667652255,-0.1332223981219599,0.0,0.0,0.21825741058349601,0.7883204595947264,0.17406021301269528,-0.3287911965942384,0.8505145928955078,1.3652502476284274,-0.7772230236816409,0.1035507861714322,0.11505642907936714,-0.08053950035555733,0.0,0.23011285815873428,-0.14388528,-0.011505642907937158,1.05231082048955,1.0369710126106932,3.4514567727426932,1.9849711395240195,4.428609881036053,4.50377493964245,-0.11198059751565159,-0.12732040539450828,4.973173060735455,4.916415771583688,-1.0860583978230345,-1.1642914180052015,-0.08417875771188432,0.28019035332347747,1.00980860812196,0.13743226750356047,-0.5816210327545284,0.7351411639191916,-0.3199950237393103
-0.31498644,0.41614122,0.95572559,-0.23080879,0.36672512,0.87658621,-0.137282473584334,0.07296393605200752,-0.13887605342485576,0.0,0.0,0.22516032379150386,0.8113301702880859,0.16677380462646482,-0.3287911965942384,0.8919320721435546,1.3345706318707147,-0.7914123452758792,0.05368825977609989,0.026844129888048834,-0.003834875698292849,0.0,0.21091816340609892,-0.09592352,-0.04218363268122134,1.0921943209745766,1.0768545130957197,3.5097480426823466,1.9849711395240195,4.3795224958237124,4.45468755443011,-0.1012427320004523,-0.116582539879309,5.068279869584365,5.013056561220484,-1.1136700520049754,-1.1903690913992575,-0.093526316415666,0.2937611839479925,1.0154622634248558,0.1390707718295841,-0.5783070384499934,0.7323147965755792,-0.33156496862363155
-0.31498644,0.41614122,0.95572559,-0.23080879,0.36672512,0.87658621,-0.13719808512876955,0.06751989485142096,-0.14583760382972433,0.0,0.0,0.23052925628662102,0.8109466751098632,0.16677380462646482,-0.3287911965942384,0.9245291622924805,1.3422405358101428,-0.7956307922363286,0.04985576015619469,0.019175292367766078,0.00383505847355316,0.0,0.11121669573304635,0.16786616,-0.0038350584735534375,1.145883648550574,1.1305438406717174,3.514349985046005,1.9849711395240195,4.336571033762914,4.410202111581426,-0.12271846303085132,-0.1365242901218222,5.131173081887676,5.074415792735909,-1.1182719943686328,-1.1919030721871433,-0.09361070487123047,0.29920522514857906,1.0224238138297244,0.12481092671679922,-0.5922256742102073,0.7296172543690346,-0.31835459083441986
-0.31498644,0.41614122,0.95572559,-0.23080879,0.36672512,0.87658621,-0.1430130869686154,0.07193088469617176,-0.14941786429795167,0.0,0.0,0.24050013092041,0.8101796847534178,0.161021376953125,-0.332626148376465,0.9532913006591797,1.3606483052647707,-0.7956307922363286,0.09203921737305115,0.003834967390543983,-0.03451470651489446,-0.03451470651489474,0.19558333691773647,-0.0,0.0,1.1719613219446299,1.1550875332778876,3.514349985046005,1.9865051203119053,4.298221514065773,4.374920553460056,-0.15953400194010658,-0.17487380981896328,5.206338140494072,5.152648812918077,-1.1060001480655473,-1.1919030721871433,-0.08779570303138462,0.29479423530382826,1.0260040742979517,0.11471911981116273,-0.5845274592768902,0.7375392865117582,-0.3181241483332919
-0.31498644,0.41614122,0.95572559,-0.23080879,0.36672512,0.87658621,-0.14392230848051693,0.07442968746076989,-0.1511543922477837,0.0,0.0,0.24203411163330069,0.8170825979614257,0.1460650650024414,-0.3406795471191407,0.9878058666992187,1.3560463629011137,-0.7952472970581059,-0.0038351062219542614,0.04985638088540317,-0.06903191199517393,-0.06136169955126596,0.18408509865379788,-0.07194264,0.0038351062219542614,1.1719613219446299,1.1550875332778876,3.532757754500631,1.9865051203119053,4.281347725399032,4.356512784005428,-0.1702718674553063,-0.1840776945462772,5.301444949342982,5.244687660191216,-1.090660340186691,-1.176563264308287,-0.08688648151948308,0.2922954325392301,1.0277406022477837,0.11101289129023768,-0.5736341307241657,0.7447163895084465,-0.32251747430676736
-0.31498644,0.41614122,0.95572559,-0.23080879,0.36672512,0.87658621,-0.14209437473639333,0.07735525754074196,-0.15211041985518314,0.0,0.0,0.24203411163330069,0.828970948486328,0.14299710357666015,-0.3425970230102541,1.0276893652343748,1.375988113143627,-0.7902618597412112,0.0,0.04602130365803783,0.0,-0.0038351086381700045,0.20709586646117137,0.31175144,0.030680869105360036,1.167359379580973,1.1535535524900018,3.5619033894704586,1.9865051203119053,4.250668109641318,4.325833168247716,-0.1702718674553063,-0.18561167533416256,5.395017777404006,5.336726507464354,-1.0707185899441773,-1.159689475641545,-0.08871441526360668,0.28936986245925805,1.0286966298551832,0.10326013878248311,-0.5747675366739584,0.7475792767123549,-0.3163935011257415
-0.31498644,0.41614122,0.95572559,-0.23080879,0.36672512,0.87658621,-0.14877154123086025,0.08135798561919322,-0.15868863133822975,0.0,0.0,0.24203411163330069,0.8305049291992187,0.13686118072509765,-0.3433640133666993,1.0683398541259765,1.448085210174252,-0.7634171972656252,-0.0038338948924217095,0.0,-0.05367452849390199,-0.007667789784842309,0.19552863951350052,0.33573232,0.21086421908318514,1.1397477253990314,1.1274758790959458,3.566505331834115,1.9849711395240195,4.2061826667926345,4.279813744611146,-0.1702718674553063,-0.18561167533416256,5.487056624677145,5.430299335525378,-1.0154952815802947,-1.1060001480655473,-0.08203724876913976,0.2853671343808068,1.0352748413382298,0.0886221902784659,-0.567037803243753,0.7544551843860274,-0.3184518987787509
-0.31498644,0.41614122,0.95572559,-0.23080879,0.36672512,0.87658621,-0.15785181462659717,0.0903404546534386,-0.16501956078557545,0.0,0.0,0.24203411163330069,0.8312719195556639,0.12880778198242185,-0.3494999362182618,1.105922381591797,1.440415306234824,-0.7350385540771489,0.0,0.007666123475627699,-0.04216367911595706,-0.022998370426885316,0.18015390167727255,-0.33573232,0.08432735823191245,1.1182719943686326,1.1060001480655473,3.566505331834115,1.9865051203119053,4.157095281580294,4.235328301762462,-0.1825437137583914,-0.1963495408493623,5.579095471950283,5.525406144374287,-0.9679418771558401,-1.056912762853207,-0.07295697537340284,0.2763846653465614,1.0416057707855755,0.07818301813526314,-0.5352617575350351,0.7688246021764475,-0.34101465904561007
-0.31498644,0.41614122,0.95572559,-0.23080879,0.36672512,0.87658621,-0.16230116858965452,0.09603625271046329,-0.16782309060938083,0.0,0.0,0.24203411163330069,0.8519806591796873,0.12037088806152343,-0.36752420959472665,1.121262188720703,1.3529784013253423,-0.7269851553344728,0.0,0.13040069389333078,-0.026847201683921077,-0.06520034694666484,-0.007670629052549197,-0.45563672,0.0038353145262745984,1.1428156869748027,1.1274758790959458,3.6201946594101138,1.9865051203119053,4.117211781095268,4.1969787820653215,-0.2009514832130188,-0.21322332951610434,5.599037222192797,5.539211971465258,-0.9633399347921827,-1.0492428589137788,-0.0685076214103455,0.2706888672895367,1.0444093006093809,0.05810593634729098,-0.5345372524978151,0.7696801565022091,-0.3442180741042319
-0.31498644,0.41614122,0.95572559,-0.23080879,0.36672512,0.87658621,-0.15577442670701194,0.08984605732504886,-0.16628043907659784,0.0,0.0,0.2554564428710937,0.8669369711303709,0.11883690734863281,-0.36905819030761733,1.1143592755126952,1.3192308239918582,-0.7154802999877932,0.1303927691752293,0.011505244338990101,-0.0038350814463301262,0.0,-0.011505244338991211,-0.0,0.11505244338990768,1.205708899278114,1.1903690913992575,3.6585441791072544,1.9865051203119053,4.060454491943499,4.138687512125667,-0.20862138715244738,-0.22242721424341827,5.580629452738169,5.5208042020106305,-0.9280583766708128,-1.0185632431560654,-0.07503436329298807,0.27687906267495116,1.0428666490765979,0.03892475063785205,-0.5760215846315954,0.7520714901130987,-0.3179189701564697
-0.31498644,0.41614122,0.95572559,-0.23080879,0.36672512,0.87658621,-0.1425163613506303,0.07239479240759422,-0.16478126781776037,0.0,0.0,0.2577574139404295,0.8661699807739257,0.07895340881347654,-0.38478149261474626,1.1105243237304687,1.3192308239918582,-0.6395482546997071,0.0,0.0,-0.10737604066455565,-0.088201747688742,-0.034513727356463346,-0.0,0.21475208132911464,1.2210487071569704,1.2057088992781138,3.6646801022587976,1.9849711395240195,3.9377360289126475,4.019037010670587,-0.24543692606170264,-0.25924275315267353,5.566823625647198,5.505464394131774,-0.7915340865489915,-0.8805049722463583,-0.0882924286493697,0.2943303275924058,1.0413674778177604,0.03638722858858743,-0.596736623481636,0.7306740784844978,-0.32969192107512746
-0.31498644,0.41614122,0.95572559,-0.23080879,0.36672512,0.87658621,-0.1314237406250224,0.06996458452066823,-0.1582228636431261,0.0,0.0,0.2577574139404295,0.892631148071289,0.0670650582885742,-0.4123931454467775,1.1350680151367187,1.2870172274462597,-0.5958298043823245,0.0,0.16876492299687854,-0.049862363612714275,-0.141915957974649,0.16876492299687854,-0.38369408,0.19561388801910803,1.1811652066719438,1.1658253987930873,3.7245053529863377,1.9865051203119053,3.890182624488193,3.9730175870340183,-0.31293208072867085,-0.32673790781964174,5.628182857162624,5.568357606435086,-0.7516505860639642,-0.8360195293976744,-0.09938504937497761,0.2967605354793318,1.0348090736431261,0.03756521983429919,-0.5990491907952389,0.7218755970679536,-0.3444191394567898
-0.31498644,0.41614122,0.95572559,-0.23080879,0.36672512,0.87658621,-0.1264071598124045,0.06444134421368114,-0.1589045599605633,0.0,0.0,0.2577574139404295,0.9018350323486327,0.0670650582885742,-0.44882518737792987,1.1392864620971679,1.1934443993852357,-0.5693686370849611,0.0,0.0,0.0,-0.22241687877762814,0.0,-0.4796176,0.13038230824895455,1.1581554948536592,1.1443496677626879,3.7521170071682786,1.9865051203119053,3.842629220063738,3.922396221033792,-0.40650490878969503,-0.4172427743048943,5.628182857162624,5.568357606435086,-0.6703496043060255,-0.7577865092155065,-0.10440163018759552,0.3022837757863189,1.0354907699605633,0.005277802199927578,-0.6349875357601324,0.7009676035378803,-0.3246650474313087
-0.31498644,0.41614122,0.95572559,-0.23080879,0.36672512,0.87658621,-0.12216706173462702,0.06407577240609102,-0.15394507094595034,0.0,0.0,0.2577574139404295,0.90145153717041,0.06246311614990234,-0.4779708209228517,1.1331505392456054,1.1397550718092382,-0.5149123217773441,0.0038354732148102567,0.0,-0.023012839288860568,-0.12273514287392377,-0.053696625007341375,-0.16786616,0.26848312503670907,1.2118448224296565,1.1965050145507998,3.7521170071682786,1.9865051203119053,3.7720661038209986,3.854901066366824,-0.4632621979414635,-0.47400006345666323,5.580629452738169,5.519270221222746,-0.6243301806694559,-0.710233104791052,-0.108641728265373,0.302649347593909,1.0305312809459504,-0.020423575548531452,-0.6680034503675373,0.6840699681015472,-0.2922371410351989
-0.31498644,0.41614122,0.95572559,-0.23080879,0.36672512,0.87658621,-0.11827645989283866,0.06465331691708742,-0.14836643787656423,0.0,0.0,0.26619430786132803,0.9006845468139647,0.06169612579345703,-0.488708685913086,1.1143592755126952,1.0968036097484402,-0.45316959808349644,0.07670152154084497,-0.00383507607704236,-0.0038350760770422213,-0.01150522823112597,-0.10354705408013928,-0.2398088,0.2837956297011213,1.282407938672396,1.2655341500056538,3.7521170071682786,1.9865051203119053,3.6953670644267165,3.776668046184656,-0.47246608266877743,-0.4847379289718625,5.520804202010629,5.457910989707319,-0.48473792897186296,-0.5706408530934581,-0.11253233010716135,0.3020718030829126,1.0249526478765643,0.039782935837614976,0.6811414365090886,-0.6722939723417463,0.28720110765704004
-0.31498644,0.41614122,0.95572559,-0.23080879,0.36672512,0.87658621,-0.11368847830491127,0.05596497400509881,-0.14640213368474908,0.0,0.0,0.2849855715942382,0.9006845468139647,0.050191270446777334,-0.488708685913086,1.0882816033935545,1.029308455081472,-0.4125191091918947,0.11891297069403163,-0.0038359022804527764,-0.05753853420678957,0.0,-0.13425657981584274,-0.38369408,0.2109746254248938,1.3499030933393643,1.333029304672622,3.7521170071682786,1.9865051203119053,3.6079301595172346,3.6922991028509458,-0.42491267824432244,-0.43871850533529333,5.4533090473436605,5.391949815828237,-0.44792239006260726,-0.5353592949720891,-0.11712031169508874,0.3107601459949012,1.0229883436847491,0.060815908681244285,0.6983480972230807,-0.651157697365774,0.29086940973137787
-0.31498644,0.41614122,0.95572559,-0.23080879,0.36672512,0.87658621,-0.09816027447098644,0.03956375723657235,-0.14383652622745535,0.0,0.0,0.2999418835449217,0.9006845468139647,0.03140000671386718,-0.48717470520019546,1.0514660662841795,1.046182243748214,-0.37378609619140635,0.03835101466236708,0.0,-0.12272324691957719,0.01150530439870968,-0.2339411894404461,0.45563672,0.21476568210926364,1.3882526130365054,1.3698448435818777,3.7505830263803936,1.9865051203119053,3.569580639820094,3.6524156023659193,-0.3482136388500403,-0.3620194659410112,5.36894010400995,5.306046891706641,-0.34974761963792655,-0.4371845245474075,-0.13264851552901358,0.32716136276342767,1.0204227362274554,0.0666055647944865,0.7206087429911245,-0.6259252226109486,0.2906963260218352
-0.31498644,0.41614122,0.95572559,-0.23080879,0.36672512,0.87658621,-0.07879791283912066,0.027275504808364603,-0.139591238159393,0.0,0.0,0.3068447967529295,0.8688544470214843,0.0206621417236328,-0.44652421630859385,1.0023786834716797,1.1397550718092382,-0.3400385205078127,0.023011758279611938,-0.2339528758427125,-0.026847051326212956,0.21477641060970365,-0.20710582451650078,0.45563672,0.15724701491067714,1.3744467859455345,1.359106978066678,3.678485929349767,1.9865051203119053,3.5542408319412373,3.640143756062834,-0.25310683000113077,-0.26691265709210166,5.272299314373155,5.2094061020698454,-0.31753402309232825,-0.4034369472139234,-0.15201087716087935,0.3394496151916354,1.016177448159393,0.030914880889012085,0.7056445875965915,-0.6229574322740159,0.33620532968681427
-0.31498644,0.41614122,0.95572559,-0.23080879,0.36672512,0.87658621,-0.06984214550850085,0.020359707184471887,-0.13584479433740404,0.0,0.0,0.30646130157470686,0.8343398809814452,0.0206621417236328,-0.4100921743774415,0.9716990692138672,1.2149201304156347,-0.35269386138916037,0.0,-0.17258265187891453,-0.0038351700417536406,0.20709918225469742,-0.16491231179540586,0.31175144,-0.12656061137787028,1.3023496889149093,1.2870098810360524,3.5879810628645146,1.9849711395240195,3.5619107358806654,3.646279679214376,-0.15800002115222078,-0.17180584824319167,5.17565852473636,5.11276531243305,-0.3543495620015831,-0.4371845245474075,-0.16096664449149917,0.34636541281552813,1.012431004337404,-0.005447394525390878,0.6773654503424672,-0.6180354327022546,0.39897189938612015
-0.31498644,0.41614122,0.95572559,-0.23080879,0.36672512,0.87658621,-0.06948372630698266,0.022858139818126566,-0.1314152011604962,0.0,0.0,0.30646130157470686,0.804427257080078,0.021045636901855458,-0.3671407144165041,0.9252961526489257,1.242531784597576,-0.3967958068847661,0.0,-0.13418479865701963,0.0,0.199360272290428,-0.23003108341203352,-0.0,-0.21852952924143476,1.2900778426118242,1.2747380347329678,3.5082140618944617,1.9849711395240195,3.5925903516383784,3.6769592949720895,-0.06135923151542544,-0.07669903939428213,5.083619677463221,5.020726465159912,-0.3942330624866104,-0.47706802503243484,-0.16132506369301736,0.34386698018187345,1.0080014111604962,-0.035802402938260924,0.6511336516000223,-0.6234216498446753,0.43137988154619633
-0.31498644,0.41614122,0.95572559,-0.23080879,0.36672512,0.87658621,-0.06194148623133719,0.021063915783323006,-0.12579717097147058,0.0,0.0,0.3068447967529295,0.7959903631591796,0.0206621417236328,-0.33147566284179697,0.9007524612426758,1.3038910161130017,-0.4524026077270511,0.0038346966215135076,-0.007669393243027015,-0.003834696621513369,0.10737150540237489,-0.0038346966215123974,0.26378967999999997,-0.2339164939123151,1.3652429012182208,1.3483691125514783,3.4836703692882907,1.9849711395240195,3.62020200582032,3.7045709491540304,0.021475731030399015,0.006135923151542322,5.049872100129737,4.988512868614313,-0.5261554102447752,-0.6105243535784854,-0.16886730376866282,0.345661204216677,1.0023833809714706,-0.07244551236412526,0.639794941470904,-0.6247922496909607,0.44164321044554766
-0.31498644,0.41614122,0.95572559,-0.23080879,0.36672512,0.87658621,-0.056871253629771384,0.01852902851892968,-0.12563414749577106,0.0,0.0,0.3068447967529295,0.8036602667236327,0.02296311279296874,-0.30233002929687514,0.9095728503417968,1.3698521899920844,-0.4942035821533204,0.0,0.061358573819642374,0.015339643454910594,0.0805331281382802,0.046018930364731224,0.3597132,-0.16106625627655818,1.3836506706728484,1.3667768820061061,3.50514610031869,1.9849711395240195,3.6892311412751737,3.77513406539677,0.07516505860639633,0.05982525072754008,5.075949773523793,5.016124522796256,-0.596718526487515,-0.6795534890333395,-0.17393753637022863,0.34819609148107034,1.002220357495771,0.1104834853906298,-0.6154556845370456,0.6324114030967579,-0.45723464114190326
-0.31498644,0.41614122,0.95572559,-0.23080879,0.36672512,0.87658621,-0.06141281703135534,0.01574511471223594,-0.13293942245797108,0.0,0.0,0.3068447967529295,0.816699102783203,0.027948550109863274,-0.2904416787719728,0.9118738214111328,1.4588230756894516,-0.5386890228271488,0.0038340860455976073,0.038340860455974964,0.04600903254716962,0.08434989300314404,-0.019170430227986927,0.4796176,-0.23387924878144517,1.3406992086120504,1.325359400733194,3.538893677652174,1.9849711395240195,3.773600084608884,3.8595030087304805,0.0997087512125665,0.07976700097005329,5.083619677463221,5.020726465159912,-0.6672816427302539,-0.75318456685185,-0.16939597296864467,0.3509800052877641,1.0095256324579711,0.12739944274663267,-0.5869744405699138,0.6424966437109793,-0.47584498623565585
-0.31498644,0.41614122,0.95572559,-0.23080879,0.36672512,0.87658621,-0.06481987808842668,0.014430597214813157,-0.13900972895282704,0.0,0.0,0.30646130157470686,0.8151651220703124,0.04060389099121092,-0.28622323181152354,0.9168592587280273,1.4772308451440792,-0.5567132962036134,-0.0038355022151495993,-0.007671004430298088,0.04602602658179339,0.019177511075747996,0.08054554651813937,-0.21582791999999998,0.0,1.2885438618239387,1.273204053945082,3.5373596968642893,1.9849711395240195,3.7889398924877407,3.873308835821451,0.11198059751565204,0.1012427320004523,5.102027446917849,5.040668215402425,-0.6672816427302539,-0.7562525284276207,-0.16598891191157333,0.35229452278518686,1.015595938952827,0.1486396059535298,-0.5535489068624415,0.6559100363427336,-0.49119436018571033
